uid,iid,rating
6,765,4
6,5,4
6,2065,5
6,430,5
6,453,4
6,3048,3
13,2421,4
13,2514,2
13,1705,2
13,2600,5
13,1719,1
13,2652,3
18,2324,3
18,1528,3
18,1477,4
18,208,5
18,1117,4
18,1048,5
18,2409,3
18,1656,5
18,153,5
18,2410,1
18,3149,4
18,2347,1
18,1815,3
18,3089,4
18,1552,3
18,2298,4
18,1828,2
18,1219,3
18,814,4
18,3235,5
18,3248,4
18,2523,4
18,1698,5
18,911,3
18,2389,1
18,336,4
18,2048,2
18,1410,3
18,2527,5
18,2598,4
18,348,2
18,1719,5
18,2752,5
18,2065,3
18,430,3
18,1737,4
18,1738,5
18,2838,4
18,1500,2
18,2088,4
18,3359,4
18,951,5
18,1010,4
18,107,4
18,1074,5
18,453,4
18,2917,4
18,1159,4
18,2652,5
29,1117,4
29,2775,3
29,2822,2
29,2153,3
29,2913,3
29,3509,2
34,1103,4
34,3124,3
34,1040,4
34,3004,4
34,717,4
34,2279,4
34,1128,3
34,1815,2
34,2421,5
34,3089,4
34,3094,4
34,2702,4
34,1957,4
34,1146,4
34,1905,4
34,805,4
34,810,4
34,814,5
34,1692,2
34,1920,3
34,710,1
34,2048,3
34,978,5
34,915,1
34,2745,3
34,3198,4
34,2132,2
34,2819,5
34,2753,5
34,2612,5
34,2769,3
34,3418,1
34,3283,3
34,1071,5
34,1010,4
34,1074,1
34,957,3
34,1152,4
34,1469,3
34,3455,4
41,2324,5
41,1166,3
41,3470,4
41,1580,3
41,5,4
41,1117,5
41,1048,3
41,2336,4
41,2337,3
41,153,4
41,1659,3
41,679,3
41,3149,4
41,1662,1
41,1266,5
41,2774,4
41,172,3
41,1828,4
41,1339,4
41,1219,4
41,1220,3
41,814,5
41,2374,4
41,702,3
41,3248,5
41,710,4
41,1705,4
41,333,4
41,336,5
41,1410,3
41,347,3
41,1358,3
41,779,2
41,3413,4
41,430,4
41,1737,3
41,3348,4
41,1738,3
41,1748,4
41,576,4
41,951,4
41,1074,3
41,453,5
41,1459,4
41,1839,5
41,1156,3
41,1159,3
45,2324,1
45,1131,1
45,1706,5
45,1707,5
45,1719,5
45,1720,5
45,1721,5
45,3285,1
45,1500,5
56,1358,2
56,3235,3
56,414,2
56,523,4
56,453,3
58,1031,4
58,1103,3
58,1117,3
58,1048,4
58,557,4
58,1128,3
58,1259,2
58,805,4
58,811,3
58,814,5
58,823,4
58,2862,3
58,2048,4
58,838,3
58,845,3
58,850,4
58,2953,3
58,2913,3
58,3002,3
58,2269,4
58,295,3
58,2421,3
58,1672,4
58,3417,4
58,3421,5
58,2623,5
58,3283,3
58,1061,3
58,3292,3
58,1071,3
58,1074,4
58,957,3
58,453,3
58,3509,4
58,1152,4
58,1156,4
58,1159,3
58,1090,3
58,470,4
58,1093,1
61,3395,5
61,1858,4
61,1040,3
61,5,3
61,719,4
61,1048,4
61,1803,5
61,557,3
61,619,3
61,2693,4
61,1188,3
61,1128,5
61,1813,4
61,2694,3
61,1888,3
61,1133,4
61,2774,3
61,2775,4
61,2709,3
61,1146,4
61,1151,5
61,1334,4
61,805,4
61,810,3
61,1219,3
61,811,4
61,756,4
61,1920,4
61,702,3
61,823,5
61,824,4
61,2862,4
61,827,3
61,1985,3
61,1986,2
61,2813,2
61,2128,2
61,2745,4
61,1988,4
61,2819,4
61,1429,3
61,850,4
61,2953,4
61,1435,4
61,2904,4
61,2905,5
61,1504,4
61,107,5
61,2247,3
61,2178,4
61,2858,4
61,2180,3
61,3048,4
61,2183,4
61,1469,4
61,125,3
61,3050,3
61,3054,5
61,2324,2
61,1475,3
61,3124,3
61,3002,4
61,3004,4
61,2943,4
61,2336,3
61,152,3
61,2491,3
61,3095,4
61,172,4
61,1681,4
61,10,4
61,319,4
61,1692,3
61,20,4
61,392,2
61,1698,4
61,330,4
61,3121,4
61,1705,3
61,978,4
61,473,3
61,348,3
61,3332,3
61,2541,4
61,418,3
61,423,3
61,361,3
61,430,3
61,3418,5
61,1737,4
61,3348,3
61,1738,3
61,1061,5
61,76,3
61,77,3
61,1748,3
61,3292,4
61,951,4
61,1074,3
61,957,3
61,453,2
61,1156,4
61,1159,5
61,647,2
61,1846,3
61,600,2
63,2680,3
63,1500,4
63,1529,4
63,1477,4
63,2593,4
71,3404,4
71,2775,4
71,3048,4
71,10,5
71,336,4
71,473,4
71,1156,5
82,3404,4
82,1334,3
82,2048,5
82,2822,5
82,2838,4
82,2249,4
82,2324,5
82,208,3
82,232,4
82,3155,3
82,2424,4
82,2389,1
82,347,1
82,1742,4
82,2565,3
82,951,4
82,529,3
82,1839,5
83,836,2
83,2324,1
83,336,3
83,430,4
83,453,4
98,1117,3
98,1048,2
98,814,5
98,1985,4
98,1435,5
98,2961,3
98,3002,5
98,208,3
98,3083,1
98,2298,4
98,18,4
98,912,4
98,1705,5
98,430,4
98,3351,1
98,951,3
107,1358,3
107,251,2
107,3283,3
107,523,1
107,453,4
107,3509,4
107,3511,1
107,1027,4
132,3404,4
132,1040,2
132,2680,4
132,1188,4
132,1410,3
132,1234,4
132,1985,5
132,2871,4
132,2816,5
132,1358,2
132,1420,4
132,2065,4
132,1425,4
132,1504,5
132,2249,4
132,3048,3
132,1469,4
132,1477,3
132,3132,4
132,3066,5
132,3155,4
132,2298,5
132,3102,4
132,251,5
132,1626,1
132,3181,4
132,330,5
132,1705,5
132,336,5
132,2527,4
132,2598,4
132,473,4
132,430,4
132,1737,4
132,1738,3
132,1742,1
132,2565,4
132,951,4
132,453,3
132,3509,2
132,2652,2
133,5,2
133,1117,3
133,1266,5
133,1273,1
133,1220,1
133,757,1
133,1228,2
133,702,3
133,710,2
133,1410,5
133,1358,3
133,2065,4
133,779,1
133,2838,4
133,1471,3
133,2324,3
133,1580,1
133,208,4
133,1656,3
133,153,3
133,1602,5
133,3155,4
133,1552,2
133,307,1
133,172,2
133,3235,4
133,19,1
133,20,2
133,333,1
133,336,5
133,43,1
133,347,1
133,348,3
133,430,4
133,2563,5
133,520,1
133,523,2
133,453,4
133,92,2
133,3389,5
134,1334,1
134,2048,5
134,2838,5
134,2249,3
134,208,5
134,152,3
134,2297,4
134,2366,2
134,2461,3
134,2598,5
134,2565,2
146,5,3
146,1117,5
146,1049,2
146,557,4
146,2694,4
146,1220,2
146,1228,4
146,702,4
146,1410,4
146,1418,3
146,1358,2
146,2133,2
146,2822,3
146,2752,4
146,2065,3
146,1368,2
146,1435,4
146,3048,5
146,2927,3
146,1471,4
146,2324,4
146,1656,3
146,153,3
146,157,3
146,1552,3
146,10,4
146,251,4
146,20,4
146,336,5
146,2598,5
146,347,3
146,348,3
146,413,4
146,430,4
146,1742,4
146,439,3
146,951,2
146,453,4
146,92,3
146,1159,5
148,1035,4
148,3404,3
148,2675,2
148,5,4
148,1117,5
148,1188,5
148,1128,5
148,2694,3
148,2774,5
148,1955,2
148,1273,3
148,1146,5
148,1151,5
148,1334,4
148,1220,3
148,814,5
148,757,3
148,1228,3
148,702,4
148,2048,4
148,1410,4
148,1985,4
148,2815,3
148,1418,4
148,1358,3
148,2133,3
148,2752,4
148,2065,3
148,2753,4
148,1996,4
148,1435,3
148,2838,4
148,1504,5
148,107,4
148,1459,5
148,3048,5
148,2927,3
148,2928,4
148,125,3
148,1471,3
148,3054,5
148,2324,4
148,1529,3
148,1477,4
148,208,5
148,289,3
148,152,3
148,153,4
148,2411,3
148,3149,4
148,1548,5
148,157,2
148,232,4
148,1552,3
148,306,5
148,2298,4
148,3102,3
148,314,2
148,1692,4
148,20,5
148,257,3
148,1698,4
148,3121,5
148,333,4
148,336,3
148,2598,5
148,480,4
148,343,5
148,43,2
148,347,5
148,1719,4
148,3338,4
148,429,4
148,430,5
148,3417,5
148,1737,4
148,3348,2
148,2555,4
148,373,3
148,3359,3
148,2632,4
148,2565,2
148,1072,4
148,951,5
148,1010,4
148,444,4
148,3503,5
148,1074,5
148,3305,3
148,453,4
148,92,3
148,3509,3
148,1156,5
148,1159,5
148,1090,4
148,647,4
148,533,4
148,1844,5
148,3455,5
148,1027,5
149,1035,4
149,1117,3
149,1048,5
149,618,3
149,557,5
149,1132,4
149,2775,5
149,1146,5
149,1151,4
149,1334,3
149,2819,5
149,1996,4
149,2835,4
149,2008,3
149,1435,4
149,107,4
149,2913,4
149,1469,4
149,1477,4
149,3002,4
149,208,4
149,295,4
149,2424,3
149,2298,3
149,1621,4
149,251,4
149,1692,4
149,1627,4
149,1698,5
149,3121,5
149,400,4
149,347,4
149,414,4
149,2612,5
149,430,4
149,1737,4
149,2555,2
149,453,4
149,3509,4
149,1156,4
149,1159,4
150,1031,5
150,1166,4
150,1859,2
150,1103,5
150,2680,2
150,5,4
150,719,3
150,1117,4
150,1048,4
150,618,4
150,1128,3
150,626,4
150,679,3
150,1888,1
150,1198,3
150,814,4
150,757,2
150,702,4
150,710,3
150,1357,4
150,2885,1
150,2822,3
150,2753,4
150,1429,4
150,1368,1
150,2949,5
150,1435,5
150,101,4
150,2161,3
150,1504,4
150,1459,4
150,3048,5
150,2928,4
150,1469,4
150,1471,2
150,2324,4
150,1475,5
150,1580,2
150,3066,3
150,208,5
150,1537,2
150,2337,2
150,1542,4
150,3149,2
150,232,3
150,2491,3
150,3155,4
150,2298,4
150,307,3
150,172,3
150,2366,1
150,10,2
150,318,3
150,319,5
150,251,3
150,1627,3
150,20,4
150,3248,3
150,1705,4
150,333,4
150,336,4
150,2598,5
150,347,3
150,3198,2
150,413,4
150,414,5
150,3210,3
150,3418,3
150,1737,4
150,3348,2
150,1738,3
150,3357,2
150,3428,3
150,1748,3
150,3359,4
150,2630,3
150,2633,1
150,576,4
150,951,3
150,1010,4
150,444,4
150,1074,5
150,957,4
150,522,2
150,523,3
150,453,3
150,3509,4
150,1152,4
150,1156,4
150,1158,5
150,1159,4
150,2652,4
150,533,4
150,598,3
150,470,4
150,1095,5
160,1035,4
160,1040,4
160,1044,5
160,1934,5
160,5,5
160,717,5
160,1117,5
160,2693,4
160,1805,5
160,1188,3
160,1128,5
160,1132,5
160,1146,5
160,756,4
160,2113,5
160,2042,5
160,1985,4
160,845,5
160,1435,5
160,1502,5
160,107,5
160,2913,4
160,2856,3
160,3048,4
160,1469,4
160,3054,5
160,3002,5
160,2269,5
160,289,5
160,3089,4
160,2298,5
160,314,4
160,1692,5
160,2598,4
160,343,5
160,3332,4
160,2541,4
160,413,4
160,414,5
160,1061,5
160,3428,5
160,3292,4
160,1071,5
160,951,3
160,1759,4
160,3509,5
160,1152,4
160,1156,5
160,1159,5
160,1091,5
161,3404,3
161,5,5
161,1117,4
161,1220,4
161,1228,2
161,702,5
161,1410,4
161,1985,4
161,101,5
161,1504,2
161,2249,3
161,1646,5
161,2409,1
161,1656,5
161,153,4
161,3022,3
161,18,5
161,3235,5
161,20,4
161,333,3
161,2389,4
161,336,5
161,413,5
161,430,4
161,1737,5
161,1738,4
161,523,5
161,453,5
161,470,5
163,2816,4
163,838,4
163,336,5
163,3283,3
168,1166,2
168,1858,3
168,3470,5
168,5,1
168,719,4
168,1117,5
168,1048,5
168,557,5
168,1188,4
168,1128,4
168,2694,4
168,1259,2
168,1266,5
168,2774,4
168,2775,4
168,1828,3
168,1146,4
168,805,4
168,1220,3
168,814,5
168,2037,3
168,702,4
168,823,4
168,710,2
168,1410,4
168,1985,4
168,765,5
168,2122,5
168,2128,4
168,2815,4
168,1418,3
168,1358,3
168,2132,5
168,2133,2
168,2752,4
168,850,4
168,2953,2
168,1435,3
168,2084,4
168,2088,2
168,2905,3
168,1504,5
168,107,2
168,1459,3
168,2111,2
168,2309,4
168,3048,4
168,2927,3
168,1471,4
168,2324,5
168,1528,2
168,3002,2
168,3004,4
168,208,4
168,2336,5
168,287,1
168,1542,4
168,3147,3
168,3149,4
168,1662,5
168,1664,3
168,1666,3
168,2289,3
168,1602,5
168,3090,2
168,1672,4
168,1677,4
168,3101,4
168,1681,4
168,3102,1
168,10,3
168,3235,5
168,3106,4
168,1692,3
168,1626,1
168,20,4
168,3248,4
168,1698,5
168,3120,4
168,336,5
168,2527,3
168,978,4
168,2598,5
168,473,3
168,480,4
168,413,4
168,414,4
168,430,5
168,1737,4
168,1738,4
168,1742,2
168,1061,4
168,1003,3
168,1748,5
168,3359,4
168,2632,2
168,951,4
168,1074,4
168,957,3
168,3305,4
168,523,2
168,453,5
168,3509,5
168,1156,4
168,1159,4
168,1027,4
172,3395,3
172,1100,5
172,1035,4
172,1103,5
172,1040,4
172,1044,5
172,2675,4
172,1934,4
172,5,5
172,717,5
172,1800,3
172,1117,4
172,1049,4
172,557,4
172,2684,3
172,2693,3
172,3487,2
172,1128,5
172,2702,5
172,2774,4
172,1957,5
172,1146,5
172,1151,5
172,805,5
172,1219,4
172,811,5
172,814,5
172,1920,5
172,702,3
172,823,5
172,824,4
172,2862,5
172,1410,3
172,828,3
172,845,5
172,850,3
172,2953,5
172,1430,3
172,1435,5
172,2769,4
172,2894,3
172,2151,1
172,1379,5
172,107,4
172,1469,4
172,3050,3
172,3054,5
172,2326,2
172,3132,3
172,3004,5
172,208,5
172,3137,2
172,2336,4
172,289,5
172,152,3
172,3149,3
172,295,4
172,232,4
172,2421,5
172,3155,2
172,3090,5
172,3094,5
172,3095,5
172,3101,5
172,1681,5
172,3235,4
172,2514,2
172,3121,3
172,1705,4
172,333,3
172,978,4
172,2600,5
172,2469,3
172,2541,5
172,2477,5
172,3338,5
172,2612,5
172,3210,4
172,429,3
172,430,3
172,3417,4
172,3420,5
172,2555,4
172,1001,5
172,3355,5
172,1061,5
172,2563,4
172,948,3
172,949,4
172,3427,3
172,3428,3
172,3288,4
172,1071,5
172,1072,5
172,951,5
172,3503,3
172,453,3
172,3509,3
172,3511,3
172,1152,5
172,1156,3
172,2652,2
172,1090,5
172,647,3
172,1846,2
172,3455,3
172,3389,5
175,1815,4
175,2128,5
175,1358,3
175,2084,5
175,1459,5
175,3147,3
175,3024,3
175,1705,5
175,2598,5
175,1737,5
175,3348,3
175,1748,5
175,1074,5
175,1159,4
178,1040,5
178,1117,3
178,1219,3
178,757,1
178,2132,3
178,2835,4
178,1580,1
178,2337,1
178,1659,3
178,3149,3
178,2424,3
178,307,1
178,172,2
178,3106,3
178,2389,2
178,1748,3
178,1839,3
181,1858,1
181,1117,5
181,2838,2
181,101,5
181,2905,5
181,1504,4
181,208,5
181,1542,3
181,293,2
181,2298,2
181,336,5
181,473,3
181,480,3
181,347,1
181,413,3
181,487,3
181,414,5
181,1737,3
181,1025,5
188,1500,4
188,2249,5
188,2324,2
188,157,5
188,333,5
212,1117,3
212,1410,5
212,2143,5
212,1475,4
212,10,4
212,413,4
213,1100,5
213,1031,5
213,1117,3
213,626,5
213,1220,3
213,1358,3
213,1996,4
213,1492,4
213,2143,1
213,2216,3
213,1496,1
213,2838,4
213,2917,2
213,2247,4
213,3132,3
213,208,5
213,1656,3
213,1542,3
213,2410,2
213,2289,3
213,2298,5
213,10,4
213,3235,3
213,2517,2
213,1626,4
213,20,3
213,2523,3
213,336,4
213,473,3
213,347,3
213,348,4
213,3355,4
213,444,4
213,1077,4
213,1764,2
213,523,5
213,460,1
213,462,2
213,92,2
213,533,2
216,336,4
216,2598,5
216,453,3
219,3404,4
219,717,5
219,1117,5
219,1905,4
219,1310,5
219,2178,5
219,1469,5
219,2324,4
219,1529,3
219,3086,3
219,3155,3
219,2298,5
219,1627,4
219,1698,5
219,330,3
219,3359,4
219,3509,4
219,1159,5
219,533,4
219,465,5
219,3455,5
219,3389,4
221,557,5
221,1219,3
221,710,4
221,1471,4
221,2324,4
221,251,2
221,347,4
221,1742,5
221,951,4
221,523,4
221,453,4
231,1031,3
231,1858,3
231,1117,4
231,618,4
231,1220,3
231,1996,4
231,1492,3
231,101,4
231,2247,3
231,163,4
231,2298,5
231,319,2
231,1627,4
231,328,3
231,414,4
231,3418,4
231,1010,5
231,444,5
231,523,3
231,453,3
231,3509,5
231,533,2
231,1027,5
232,1859,5
232,1117,4
232,557,4
232,1815,5
232,2775,5
232,814,5
232,836,3
232,1504,5
232,2269,5
232,336,5
232,361,4
232,3283,5
232,2630,2
232,1159,4
237,3395,5
237,1035,2
237,1103,3
237,1040,4
237,717,4
237,557,5
237,2693,4
237,1805,3
237,1261,5
237,1132,5
237,2775,4
237,2709,4
237,1151,5
237,2871,4
237,2815,4
237,2882,4
237,1435,3
237,2904,3
237,2913,3
237,2856,2
237,3048,3
237,1469,3
237,3050,4
237,3054,5
237,2324,5
237,1475,3
237,1477,4
237,2943,4
237,232,3
237,3089,5
237,1604,2
237,1672,4
237,3094,4
237,3095,3
237,1681,4
237,257,3
237,2587,5
237,3121,3
237,1705,4
237,3321,3
237,978,5
237,3332,4
237,3200,4
237,3338,4
237,2612,2
237,1737,3
237,1061,4
237,1071,5
237,1759,4
237,1012,3
237,1090,3
238,1859,2
238,1040,5
238,1117,3
238,1151,5
238,805,5
238,702,2
238,1435,1
238,1504,2
238,1469,4
238,2324,3
238,2394,3
238,2298,5
238,1010,4
238,3509,4
238,1159,5
238,470,5
240,5,2
240,805,2
240,1219,4
240,3048,4
240,20,5
240,430,3
240,3420,5
240,1158,3
241,3470,4
241,2675,4
241,1117,3
241,1048,4
241,618,3
241,626,4
241,2694,3
241,1885,3
241,1266,5
241,2709,2
241,743,2
241,1151,5
241,1334,3
241,1219,5
241,814,2
241,1228,2
241,702,4
241,710,2
241,1410,3
241,1294,4
241,1985,4
241,765,5
241,1418,2
241,2816,3
241,2882,3
241,2752,4
241,2065,2
241,2143,1
241,2838,3
241,1504,3
241,2928,4
241,1471,3
241,2324,2
241,1529,2
241,208,4
241,1659,5
241,1662,4
241,1602,4
241,307,3
241,246,2
241,3235,4
241,257,4
241,1698,4
241,912,2
241,333,4
241,403,2
241,336,4
241,473,3
241,348,4
241,413,4
241,2477,4
241,418,2
241,422,5
241,1737,3
241,3420,3
241,1742,1
241,1061,4
241,2563,2
241,439,3
241,1748,1
241,1010,5
241,444,2
241,1074,3
241,1764,2
241,523,4
241,453,3
241,1156,4
241,465,4
248,3470,4
248,1117,3
248,2774,3
248,1334,3
248,1339,2
248,1985,5
248,2815,5
248,2132,2
248,101,5
248,1504,5
248,1542,5
248,319,3
248,3248,5
248,1698,3
248,336,5
248,2598,4
248,413,3
248,430,5
248,1742,3
248,2565,4
248,951,4
248,453,2
248,1159,5
249,1358,4
249,336,4
249,453,4
253,3530,4
253,2111,4
255,1035,5
255,679,4
255,2694,4
255,2774,3
255,1828,2
255,1339,3
255,1228,2
255,702,3
255,1410,3
255,3048,5
255,2324,4
255,1529,3
255,2943,5
255,152,5
255,3149,3
255,1552,3
255,1737,4
255,3348,3
255,2565,2
255,92,4
255,1839,4
255,1156,5
256,557,5
256,1188,5
256,2815,5
256,101,5
256,2324,4
256,1542,5
256,161,3
256,3102,5
256,251,5
256,265,5
256,336,4
256,2527,5
256,430,5
256,3305,4
256,453,5
269,1100,5
269,1035,3
269,1792,5
269,3404,4
269,2680,4
269,1048,5
269,2774,4
269,1334,1
269,814,5
269,2733,4
269,2816,4
269,1358,3
269,836,4
269,2750,4
269,2838,4
269,2247,4
269,2421,4
269,3089,5
269,2297,4
269,2298,2
269,20,4
269,336,5
269,2527,4
269,430,4
269,1737,4
269,2555,5
269,3283,5
269,2565,5
269,453,4
269,1156,5
281,1273,3
281,1504,4
281,2491,3
281,2492,4
281,453,3
282,1166,5
282,1500,5
282,2324,5
282,153,5
282,2410,5
282,336,5
282,43,5
282,934,5
299,3470,5
299,1048,5
299,1128,5
299,1815,5
299,1146,4
299,805,4
299,1219,4
299,1220,3
299,814,3
299,1228,5
299,702,5
299,1410,4
299,1418,4
299,836,4
299,2752,2
299,2065,3
299,2902,2
299,2856,5
299,1459,5
299,2178,1
299,2180,3
299,2927,3
299,2183,3
299,1469,4
299,2324,5
299,3002,5
299,153,5
299,3149,4
299,1552,2
299,1681,5
299,20,3
299,3120,4
299,1705,5
299,2598,4
299,348,3
299,3413,4
299,940,5
299,430,5
299,1737,5
299,3348,2
299,1738,5
299,1061,5
299,1003,4
299,1748,3
299,1751,4
299,951,5
299,453,5
299,1159,4
306,3395,5
306,3530,5
306,1103,4
306,1044,5
306,717,1
306,1048,5
306,1128,5
306,629,5
306,1132,5
306,1133,5
306,1146,5
306,1151,5
306,811,5
306,814,5
306,822,5
306,823,5
306,824,5
306,2815,4
306,838,5
306,2819,3
306,850,5
306,2953,5
306,2835,4
306,107,5
306,2269,4
306,1548,5
306,3090,5
306,3094,5
306,3095,5
306,1681,5
306,978,5
306,3338,5
306,430,5
306,3417,5
306,1061,5
306,949,5
306,1747,5
306,1071,4
306,1010,5
306,1156,5
306,1091,4
306,3455,1
310,1358,2
310,1504,4
310,1705,5
310,430,3
310,453,5
312,1100,5
312,1698,4
312,523,4
312,453,3
314,1048,5
314,1358,2
314,845,4
314,2178,5
314,3123,1
314,262,5
314,453,4
317,1048,4
317,557,3
317,2048,5
317,3016,5
317,295,4
317,2389,2
319,251,5
319,3235,4
319,453,5
333,1048,5
333,811,4
333,814,5
333,828,4
333,2822,4
333,1504,4
333,3095,4
333,1681,5
333,336,5
333,71,4
339,1048,3
339,805,5
339,814,5
339,828,3
339,836,4
339,838,5
339,845,5
339,850,5
339,2904,2
339,1459,4
339,3048,4
339,2324,2
339,2269,4
339,1618,3
339,1705,4
339,2598,4
339,1061,4
344,107,5
344,91,3
352,1035,3
352,1048,4
352,765,4
352,3235,3
352,1737,4
359,1792,4
359,557,5
359,1219,4
359,814,4
359,1469,4
359,2324,3
359,2410,4
359,1705,2
359,430,4
359,2555,2
359,2630,2
359,951,4
359,453,4
363,2048,4
363,1502,4
363,208,1
363,2298,4
365,1858,5
365,3470,4
365,1117,5
365,1048,4
365,1803,3
365,557,5
365,1128,4
365,1133,5
365,2709,5
365,1828,4
365,1146,5
365,805,5
365,814,5
365,702,3
365,2862,5
365,2733,3
365,2737,5
365,1410,3
365,1358,2
365,2747,5
365,2132,4
365,2065,3
365,2833,4
365,1504,3
365,2845,4
365,107,4
365,2856,5
365,2178,5
365,3048,4
365,1469,4
365,2943,4
365,3149,2
365,3016,4
365,3089,5
365,3090,5
365,1698,4
365,912,4
365,330,4
365,336,5
365,978,4
365,2598,4
365,473,5
365,348,5
365,413,3
365,430,4
365,3420,5
365,2555,5
365,1061,5
365,1748,4
365,1012,4
365,453,5
365,1839,4
365,1156,5
366,1117,4
366,1357,4
366,2769,3
366,107,4
366,1469,5
366,3417,4
366,2623,4
366,3292,5
366,470,4
371,1858,3
371,1859,5
371,2675,1
371,679,5
371,2775,4
371,1219,5
371,702,5
371,2048,4
371,1410,5
371,2815,5
371,1358,5
371,2133,5
371,2752,3
371,2065,5
371,2143,5
371,2221,5
371,1500,5
371,2917,5
371,2255,5
371,1471,5
371,2324,5
371,1580,5
371,208,1
371,1542,5
371,2410,3
371,1552,5
371,243,5
371,10,5
371,2389,4
371,473,5
371,348,5
371,430,5
371,2565,5
371,523,3
371,453,5
371,529,3
387,1040,5
387,1934,4
387,1219,4
387,1459,4
387,1469,5
387,1698,5
387,2598,4
387,3292,4
387,1071,3
390,1100,4
390,3404,2
390,1934,4
390,717,3
390,2709,3
390,805,5
390,1920,5
390,2113,4
390,828,5
390,836,3
390,841,5
390,2835,2
390,1529,1
390,152,4
390,3016,4
390,1681,4
390,3102,4
390,330,2
390,336,3
390,948,4
390,949,4
404,1117,5
404,805,4
404,2815,4
404,2747,4
404,3002,5
404,1698,4
404,2598,4
404,473,4
404,430,4
404,1156,4
404,1159,3
407,1100,5
407,1103,5
407,549,5
407,1044,5
407,2675,5
407,1117,4
407,1133,3
407,2702,5
407,2774,3
407,2709,4
407,1905,4
407,814,5
407,2042,5
407,850,5
407,2953,5
407,107,5
407,3048,4
407,3054,5
407,2324,1
407,1659,5
407,3090,5
407,1609,5
407,2298,5
407,473,4
407,343,5
407,934,5
407,430,5
407,1737,1
407,2555,5
407,3283,5
407,1747,5
407,3359,3
407,1072,5
407,444,3
407,456,5
407,3509,5
427,1117,3
427,2324,3
427,208,4
427,1626,4
427,444,4
427,101,5
427,1659,5
428,1100,5
428,3404,2
428,5,5
428,1128,3
428,1266,3
428,710,3
428,1985,3
428,2885,1
428,2324,4
428,2326,2
428,208,3
428,3083,3
428,2366,2
428,3235,3
428,2527,3
428,430,4
428,453,4
428,1156,4
428,3455,2
428,2774,3
428,1334,3
428,1220,3
428,1920,4
428,2048,5
428,765,2
428,1358,2
428,2822,2
428,2065,4
428,2838,4
428,2841,1
428,107,5
428,2111,3
428,2249,3
428,3132,5
428,2409,2
428,1656,2
428,152,3
428,3149,1
428,3155,2
428,2297,4
428,2298,5
428,3181,2
428,336,5
428,2461,3
428,347,3
428,1737,3
428,1738,2
428,3351,2
428,1742,4
428,3355,2
428,1061,3
428,3359,4
428,951,5
428,1074,5
428,1764,1
428,2652,4
428,647,4
432,1128,5
432,1146,4
432,710,2
432,1010,4
432,444,3
432,1156,5
432,1198,2
432,1542,3
432,10,3
432,319,5
432,20,4
432,336,4
432,1077,4
442,5,4
442,1159,3
442,1220,2
442,1698,4
443,1132,5
443,2709,4
443,1146,5
443,2733,3
443,2737,3
443,2180,4
443,3048,4
443,3054,4
443,3417,5
443,1001,4
443,1010,4
443,1012,4
443,1156,4
443,1040,4
443,1048,4
443,2819,3
443,3002,5
443,336,4
443,1737,3
443,1077,2
448,2324,4
448,1839,5
448,1193,4
448,347,2
448,1719,4
448,1742,2
448,951,4
456,5,4
456,557,4
456,1805,4
456,1146,3
456,1151,4
456,710,4
456,1985,3
456,2132,4
456,2905,4
456,2170,5
456,3054,5
456,2324,3
456,1477,4
456,208,4
456,3102,4
456,1626,4
456,2527,3
456,430,4
456,2555,4
456,3305,2
456,453,4
456,1159,4
456,1166,3
456,3470,4
456,1048,4
456,1188,4
456,2815,4
456,2816,4
456,2822,3
456,2838,3
456,1504,3
456,153,3
456,3149,4
456,2298,4
456,19,2
456,1705,4
456,336,5
456,2598,5
456,347,3
456,1719,4
456,1748,4
456,3359,3
464,549,4
464,814,2
464,232,5
464,1010,4
464,1031,4
464,107,4
464,2298,3
464,2477,4
465,1100,4
465,1103,4
465,1933,4
465,1117,4
465,1128,4
465,1815,5
465,805,5
465,811,5
465,822,4
465,828,4
465,2753,4
465,850,5
465,232,4
465,3101,4
465,1627,4
465,413,3
465,414,4
465,1001,4
465,576,2
465,1159,4
465,470,4
465,1027,4
465,1031,4
465,3470,4
465,1920,4
465,2819,4
465,101,4
465,107,4
465,152,4
465,163,4
465,2421,5
465,306,4
465,2298,4
465,328,4
465,1705,4
465,333,3
465,2598,4
465,487,3
465,1061,5
465,951,4
465,3367,4
465,1074,4
465,1077,4
465,523,4
466,2132,3
466,1469,5
466,1159,5
466,719,5
466,1048,4
466,1188,5
466,2774,5
466,2815,5
466,1504,3
466,10,3
466,319,3
466,330,5
466,336,5
466,1737,3
467,1117,3
467,823,4
467,828,5
467,2324,1
467,1858,2
481,1100,5
481,1786,3
481,5,5
481,1117,5
481,557,5
481,1805,4
481,1128,4
481,2694,4
481,2709,4
481,1828,2
481,1151,3
481,805,2
481,811,3
481,814,3
481,702,3
481,706,4
481,710,3
481,2113,4
481,1985,4
481,1986,2
481,2128,3
481,1420,4
481,2132,3
481,2133,3
481,2752,4
481,2143,4
481,1435,4
481,2769,3
481,2153,3
481,2905,4
481,2161,1
481,1459,4
481,2180,2
481,3048,4
481,2927,3
481,2183,3
481,1469,3
481,1471,2
481,3050,3
481,3054,3
481,1475,3
481,1477,3
481,2336,2
481,2337,2
481,3087,4
481,2492,3
481,3095,4
481,3101,3
481,251,5
481,1626,2
481,258,4
481,262,4
481,3248,4
481,398,2
481,400,2
481,978,1
481,413,4
481,423,3
481,430,3
481,2555,4
481,1003,3
481,2561,3
481,439,3
481,576,2
481,444,5
481,3438,3
481,3439,2
481,453,3
481,1152,5
481,1156,4
481,1159,4
481,597,1
481,1844,3
481,1027,4
481,1166,4
481,1858,3
481,3470,5
481,1040,4
481,1044,4
481,1048,5
481,1188,4
481,626,4
481,629,3
481,1204,1
481,2772,3
481,2774,4
481,2775,4
481,1327,2
481,640,4
481,1334,2
481,1219,3
481,1220,3
481,756,3
481,2037,2
481,1228,2
481,2048,5
481,2815,4
481,2816,4
481,1358,3
481,2822,4
481,2065,3
481,1368,2
481,2076,3
481,2077,4
481,2835,3
481,2084,3
481,1500,3
481,101,3
481,1504,3
481,107,5
481,2247,4
481,2249,2
481,125,2
481,1528,3
481,3123,1
481,3129,3
481,3002,3
481,3004,5
481,2409,2
481,1656,2
481,1542,4
481,153,3
481,3147,3
481,3149,2
481,1662,2
481,293,2
481,2289,4
481,3155,3
481,2424,5
481,2425,3
481,1672,4
481,1552,3
481,2297,3
481,2298,4
481,307,3
481,172,2
481,1681,2
481,10,3
481,178,2
481,319,3
481,18,4
481,20,2
481,2584,2
481,2585,3
481,1698,4
481,912,3
481,1705,3
481,333,4
481,336,3
481,2598,4
481,473,3
481,480,4
481,347,4
481,348,4
481,487,2
481,2477,5
481,53,2
481,934,4
481,363,4
481,1737,3
481,1738,3
481,1061,5
481,69,2
481,1748,3
481,3359,2
481,2630,2
481,2633,3
481,1753,3
481,2634,3
481,951,4
481,86,3
481,3367,3
481,1759,5
481,1074,4
481,1764,2
481,522,3
481,523,2
481,89,3
481,91,5
481,92,2
481,3509,5
481,2652,3
481,647,3
481,533,4
487,2324,3
487,2514,3
487,1166,3
487,1327,3
487,3155,3
487,1742,3
494,1792,2
494,1117,4
494,702,4
494,2324,4
494,453,4
494,626,5
494,1219,4
494,1358,3
505,3404,3
505,2680,3
505,208,4
505,2370,4
505,2514,4
505,2389,5
505,2565,3
505,1334,2
505,2838,4
505,2249,3
505,2409,2
505,2424,4
505,2298,4
505,3181,3
505,3359,3
505,2652,2
506,1100,4
506,1128,3
506,1151,5
506,1010,4
506,1048,5
506,777,3
506,107,1
506,1061,5
506,3509,5
506,1095,4
516,557,4
516,2693,4
516,1410,4
516,827,5
516,1435,4
516,2904,4
516,2913,5
516,3054,5
516,3066,3
516,208,4
516,413,4
516,1858,3
516,2775,5
516,1327,2
516,1211,4
516,1220,4
516,2048,5
516,2816,5
516,2249,3
516,2298,4
516,18,3
516,328,5
516,1705,5
516,1748,3
516,2630,3
516,1074,5
516,91,4
516,3509,5
519,2680,3
519,1117,5
519,1128,5
519,1815,5
519,1146,4
519,814,5
519,710,3
519,1988,3
519,845,5
519,2904,4
519,2161,1
519,2913,5
519,2180,4
519,2928,3
519,1469,4
519,208,3
519,3102,5
519,251,4
519,3235,3
519,2514,4
519,430,4
519,2565,4
519,3292,3
519,1156,5
519,1159,4
519,1035,5
519,1859,3
519,719,3
519,1048,5
519,640,2
519,1339,4
519,1220,2
519,2048,4
519,765,5
519,1357,4
519,2815,4
519,1504,4
519,107,5
519,1646,5
519,2269,4
519,2409,3
519,152,4
519,2410,3
519,295,4
519,2424,4
519,2297,3
519,319,4
519,336,4
519,3198,3
519,1719,5
519,1751,4
519,951,5
519,1074,5
519,523,3
519,2652,3
521,702,4
521,2902,3
521,2324,5
521,2336,3
521,3248,5
521,400,2
521,430,4
521,453,3
521,1839,3
521,739,2
521,3149,5
521,1748,3
525,5,4
525,2733,4
525,3048,4
525,2563,3
525,1048,5
525,2077,3
525,3149,3
525,1705,3
525,1737,4
525,1742,3
525,1072,4
529,2917,4
529,2336,3
529,453,4
529,1839,4
529,1159,4
529,1040,5
529,629,5
529,1219,3
529,3149,5
529,1692,4
529,1071,5
529,1759,5
535,2701,3
535,1815,4
535,1151,5
535,814,5
535,2113,2
535,2008,4
535,2170,5
535,2178,5
535,3043,5
535,2324,5
535,1602,3
535,3102,3
535,430,5
535,3288,1
535,576,4
535,1010,4
535,1159,5
535,465,3
535,1852,5
535,1040,4
535,717,1
535,1198,4
535,2774,4
535,1219,5
535,109,3
535,1646,4
535,152,3
535,3149,5
535,3016,5
535,2433,2
535,1719,5
535,486,2
535,1737,5
535,1738,5
535,1072,3
535,1074,4
535,1077,3
535,523,4
535,529,2
536,1146,4
536,805,5
536,2862,4
536,2753,3
536,845,5
536,2886,4
536,232,4
536,3094,5
536,3095,5
536,1156,4
536,1048,5
536,629,4
536,2048,5
536,1705,3
536,3338,5
536,3389,5
544,2565,3
544,2410,2
544,2584,2
544,1698,5
544,1705,4
544,336,5
544,3359,3
552,1117,4
552,2753,4
552,2517,5
552,1627,5
552,1010,5
552,465,5
552,470,4
552,1858,5
552,728,3
552,1234,1
552,1492,4
552,2247,4
552,2298,5
552,20,4
552,328,5
552,473,4
552,523,5
554,3404,4
554,1815,4
554,2008,3
554,1010,5
554,1646,4
554,912,3
554,3509,4
554,3389,3
556,702,3
556,2324,2
556,1010,5
556,453,4
556,1166,4
556,1504,4
556,152,4
556,3149,4
556,336,4
556,1748,3
556,1077,4
557,1934,3
557,1117,3
557,557,5
557,1146,3
557,1151,5
557,805,3
557,814,5
557,1985,4
557,2871,4
557,2874,3
557,1988,4
557,2904,3
557,875,4
557,2913,5
557,1459,3
557,2180,3
557,3054,3
557,2324,4
557,2943,4
557,208,3
557,3095,3
557,251,3
557,1627,4
557,257,3
557,978,3
557,413,3
557,430,4
557,3417,5
557,2555,3
557,453,2
557,1152,4
557,1156,3
557,1159,5
557,1035,3
557,3470,4
557,1040,4
557,1048,5
557,2775,4
557,1357,3
557,2815,5
557,2816,3
557,1502,3
557,107,3
557,3002,2
557,3004,4
557,2424,4
557,1554,4
557,2298,2
557,10,4
557,1692,5
557,20,3
557,1698,4
557,330,4
557,1705,4
557,336,4
557,2598,4
557,347,3
557,3332,4
557,1061,5
557,1074,3
557,533,3
559,702,3
559,710,3
559,2733,3
559,2752,5
559,3048,5
559,1471,5
559,2324,4
559,2336,3
559,232,5
559,243,4
559,3248,2
559,3413,4
559,430,5
559,453,5
559,1156,5
559,1166,4
559,1048,5
559,1339,3
559,1220,4
559,1358,5
559,2960,5
559,2082,3
559,333,4
559,347,5
559,951,3
559,1074,3
559,92,4
569,557,3
569,1815,5
569,710,4
569,1985,3
569,2008,4
569,1435,4
569,1475,4
569,1477,3
569,3064,1
569,3066,2
569,246,4
569,251,4
569,3235,4
569,1626,4
569,258,3
569,413,4
569,423,3
569,576,5
569,3451,4
569,598,4
569,1846,4
569,1859,4
569,719,4
569,2775,4
569,640,3
569,2048,2
569,2815,4
569,1368,1
569,1504,5
569,2249,4
569,1646,4
569,1656,4
569,1542,3
569,3155,4
569,10,4
569,319,4
569,911,4
569,912,3
569,330,3
569,333,4
569,336,5
569,2461,2
569,480,4
569,77,2
569,522,3
569,529,3
569,91,4
572,814,5
572,3048,5
572,2530,4
572,1048,4
572,1188,2
572,629,4
572,1504,3
574,3404,3
574,1117,4
574,702,4
574,1410,4
574,1297,2
574,1418,4
574,1471,2
574,2324,3
574,1580,4
574,208,3
574,2336,3
574,2337,3
574,1627,2
574,430,4
574,2565,4
574,3305,3
574,453,4
574,1219,5
574,1220,3
574,1358,3
574,2065,4
574,2247,3
574,1656,3
574,1542,4
574,153,4
574,1552,4
574,336,4
574,473,3
574,347,3
574,348,4
574,1748,3
574,92,4
588,1117,4
588,1010,5
588,2298,4
588,2598,4
591,1427,3
591,3235,4
591,2961,4
591,1072,5
593,1146,5
593,805,5
593,811,5
593,828,5
593,850,4
593,1435,5
593,2769,3
593,1459,4
593,2180,4
593,1475,5
593,413,5
593,3292,5
593,1156,3
593,1159,5
593,470,5
593,3470,4
593,2774,5
593,1905,5
593,1368,1
593,3124,4
593,3002,5
593,10,5
593,319,4
593,20,5
593,328,5
593,1705,4
593,336,5
593,2630,1
593,957,4
593,3509,4
609,1132,4
609,2709,4
609,1151,5
609,805,2
609,702,3
609,1471,1
609,2324,5
609,1012,2
609,453,4
609,1839,4
609,1156,3
609,1159,2
609,1166,2
609,3470,1
609,626,3
609,1219,2
609,3149,4
609,1698,4
609,1705,4
609,2598,3
609,1737,2
609,1748,1
610,557,5
610,2008,4
610,3048,4
610,3054,5
610,2324,3
610,1477,4
610,430,4
610,2565,3
610,453,3
610,1846,4
610,1166,3
610,719,5
610,1048,5
610,2775,3
610,2815,4
610,1504,4
610,1656,2
610,2298,4
610,10,4
610,912,4
610,336,4
610,1737,4
610,1738,4
611,1100,5
611,251,1
611,3283,3
611,453,5
611,1027,3
611,1358,3
612,2675,3
612,1117,5
612,1815,4
612,3054,3
612,232,4
612,413,3
612,3417,5
612,1003,3
612,1152,3
612,1035,4
612,1040,3
612,1219,4
612,3149,4
612,2298,3
612,1698,5
612,2598,2
612,1737,3
613,1815,4
613,814,5
613,2133,3
613,2008,5
613,875,3
613,747,5
613,1646,4
613,1698,3
613,911,5
613,529,5
623,1100,3
623,1103,3
623,3404,3
623,1117,5
623,557,3
623,1128,5
623,1133,5
623,1146,3
623,1151,4
623,814,5
623,702,2
623,823,4
623,710,2
623,2113,5
623,2733,5
623,1985,5
623,2750,4
623,2132,3
623,1459,4
623,3048,2
623,1469,4
623,3054,2
623,2324,4
623,3090,5
623,1604,4
623,3095,4
623,251,3
623,3121,5
623,2389,3
623,978,3
623,430,5
623,3417,4
623,2555,4
623,1003,2
623,3427,3
623,3292,4
623,453,4
623,1839,3
623,1159,5
623,1844,2
623,3455,4
623,1166,2
623,1040,4
623,1048,4
623,1188,4
623,629,4
623,2774,4
623,1219,2
623,756,3
623,2042,4
623,2048,5
623,2816,3
623,1502,5
623,2845,3
623,107,4
623,2394,2
623,1659,4
623,3149,4
623,20,1
623,1698,4
623,911,4
623,1705,4
623,336,5
623,915,3
623,2598,4
623,347,3
623,1719,3
623,1737,4
623,1738,4
623,1061,4
623,1748,3
623,1071,4
623,951,5
623,1074,3
623,3509,4
623,3389,2
628,1100,1
628,1792,4
628,1813,4
628,1815,4
628,814,5
628,710,4
628,2008,4
628,875,4
628,2324,4
628,232,2
628,243,4
628,582,3
628,1836,3
628,1839,4
628,592,3
628,3487,2
628,1204,4
628,1211,4
628,747,3
628,1496,4
628,107,3
628,2111,4
628,1646,4
628,900,5
628,3180,3
628,911,4
628,335,4
628,915,3
628,347,2
628,1742,3
628,1751,3
628,2633,4
628,951,5
628,3503,3
628,3506,1
628,523,2
628,529,4
628,3509,2
628,3511,2
628,1782,3
629,1117,4
629,1815,5
629,805,4
629,810,5
629,811,5
629,823,5
629,827,5
629,1469,4
629,1152,5
629,1156,4
629,1159,4
629,1859,4
629,1504,5
629,3002,4
629,319,3
629,328,4
629,1698,4
629,1705,4
629,2598,5
629,2623,4
629,951,4
631,679,4
631,702,3
631,1471,4
631,2324,4
631,400,4
631,2389,3
631,453,4
631,1504,5
632,2680,2
632,2326,3
632,208,4
632,2838,4
632,107,5
632,1552,2
632,327,5
632,3389,4
633,1815,4
633,814,5
633,2008,3
633,2324,5
633,2489,5
633,1211,4
633,747,4
633,1646,5
633,911,4
633,951,5
633,1074,2
633,523,4
643,3530,1
643,811,5
643,3039,1
643,2917,5
643,2326,1
643,582,1
643,3456,1
643,1031,5
643,1334,4
643,153,4
643,2421,5
643,2424,3
643,2297,1
643,2298,5
643,940,1
643,1747,5
643,3509,4
643,3389,5
645,1117,3
645,557,5
645,2694,3
645,2709,4
645,1828,3
645,1146,4
645,1151,4
645,814,4
645,702,5
645,710,3
645,2733,5
645,2737,4
645,1985,3
645,2122,3
645,2874,4
645,1418,4
645,1420,4
645,2133,4
645,2178,5
645,3048,4
645,2324,4
645,243,4
645,2503,3
645,3248,3
645,430,3
645,3417,3
645,453,5
645,1839,3
645,1156,5
645,1159,4
645,2775,3
645,1219,3
645,1220,4
645,757,2
645,1228,4
645,2048,4
645,1358,4
645,2065,3
645,2088,3
645,1504,5
645,2980,4
645,3002,4
645,1681,5
645,10,5
645,19,2
645,1698,4
645,1705,3
645,336,5
645,348,3
645,3332,4
645,1737,4
645,1738,4
645,1742,3
645,1061,4
645,951,2
645,92,4
646,2675,5
646,5,4
646,1117,5
646,2694,4
646,1266,4
646,702,2
646,710,3
646,1410,4
646,1418,1
646,2927,5
646,1471,4
646,2324,2
646,3064,2
646,1602,3
646,3235,4
646,2514,4
646,2389,2
646,413,3
646,418,1
646,430,4
646,2563,3
646,439,1
646,3305,2
646,453,4
646,460,4
646,597,4
646,1166,4
646,1858,3
646,618,2
646,626,4
646,1204,1
646,1339,4
646,1220,3
646,757,4
646,2037,4
646,1225,5
646,1226,1
646,1228,5
646,765,3
646,1358,4
646,2065,3
646,1368,1
646,2216,4
646,2838,2
646,101,4
646,2247,3
646,1656,2
646,1542,4
646,153,3
646,157,4
646,3155,4
646,307,3
646,10,4
646,319,5
646,20,4
646,333,3
646,335,2
646,336,2
646,348,3
646,373,1
646,2633,4
646,86,5
648,2122,3
648,1435,2
648,2324,4
648,1166,3
648,287,1
648,336,5
648,1719,4
648,1720,2
648,1721,1
648,2488,1
653,2680,4
653,5,4
653,1117,3
653,1260,4
653,1273,2
653,1151,4
653,1410,3
653,1985,3
653,2122,2
653,2752,3
653,1435,4
653,1469,3
653,2492,3
653,430,4
653,2565,4
653,3292,4
653,453,3
653,717,5
653,1188,3
653,2774,5
653,2815,5
653,2816,4
653,2065,5
653,2088,2
653,2858,3
653,153,3
653,3149,2
653,2425,1
653,2298,4
653,20,5
653,1698,4
653,330,3
653,1705,4
653,2598,4
653,1737,4
653,3348,1
653,1738,3
653,1074,5
653,92,3
655,1100,3
655,1934,4
655,1117,5
655,1128,5
655,1133,4
655,1151,4
655,805,5
655,814,5
655,822,5
655,823,4
655,850,4
655,1469,4
655,3090,5
655,3095,3
655,430,4
655,1010,4
655,1836,5
655,1156,4
655,3452,4
655,1048,4
655,2775,4
655,1920,3
655,2953,5
655,107,4
655,3002,4
655,1681,4
655,1705,4
655,336,5
655,2477,4
655,1061,4
655,1747,4
656,2008,3
656,2303,4
656,2326,4
656,208,4
656,2565,3
656,1334,4
656,2048,3
656,2838,5
656,2279,5
656,295,5
656,2424,3
656,2297,3
656,2298,4
656,2652,5
663,3404,5
663,1815,4
663,1151,5
663,814,5
663,208,3
663,3095,3
663,3235,5
663,414,2
663,453,5
663,1159,3
663,3455,3
663,2774,5
663,1234,4
663,2961,3
663,107,4
663,3002,4
663,2298,5
663,3181,4
663,336,5
663,2598,4
663,473,2
663,1061,4
663,3359,4
663,3367,4
663,1074,5
663,3509,5
663,3389,2
664,557,2
664,3268,1
664,1719,5
671,557,5
671,2324,2
671,430,5
671,3283,4
671,1156,5
671,1358,3
671,1074,3
674,2680,3
674,2324,2
674,208,4
674,2514,4
674,2565,1
674,2048,4
674,2249,4
674,2298,5
674,2461,1
674,522,1
676,3530,5
676,1117,5
676,2693,4
676,1131,3
676,2702,5
676,1957,5
676,814,5
676,1310,5
676,2886,4
676,1469,4
676,3054,4
676,3095,4
676,3102,4
676,3121,5
676,978,4
676,1159,5
676,465,4
676,1846,4
676,1048,5
676,1188,4
676,2813,5
676,2815,4
676,2816,5
676,2835,4
676,2247,5
676,1646,1
676,152,4
676,295,4
676,20,4
676,3355,3
676,1074,2
678,1117,4
678,1128,5
678,814,5
678,1477,4
678,1040,4
678,1048,5
678,1193,4
678,107,4
678,1698,4
678,1705,3
678,2598,3
678,1719,3
678,1747,4
678,951,4
679,1469,5
679,208,4
679,2366,3
679,2514,3
679,2527,4
679,2048,3
679,2088,2
679,2297,2
679,2298,4
680,2541,5
680,1010,5
680,1048,5
688,1117,2
688,702,3
688,2745,2
688,2336,4
688,2337,2
688,251,4
688,2389,4
688,3266,4
688,413,4
688,453,4
688,1198,4
688,1219,4
688,1358,3
688,1504,3
688,10,4
688,319,3
694,3404,3
694,1815,5
694,702,3
694,1410,4
694,2132,4
694,2133,3
694,2752,1
694,1471,5
694,2324,4
694,3086,1
694,232,5
694,2389,2
694,2531,4
694,3268,2
694,430,4
694,439,1
694,2565,4
694,453,4
694,1159,3
694,1166,3
694,1176,4
694,1339,3
694,1220,1
694,1358,4
694,2065,2
694,1368,3
694,2221,3
694,2093,3
694,2094,3
694,1529,5
694,3155,4
694,2425,3
694,2586,3
694,1698,5
694,1705,5
694,333,4
694,1742,4
694,3359,4
694,2630,3
694,3506,2
694,92,3
694,3509,5
695,1100,3
695,2675,3
695,5,4
695,1117,5
695,557,4
695,2693,5
695,1128,3
695,1815,4
695,1146,4
695,814,4
695,702,3
695,2113,4
695,2132,3
695,2752,3
695,2008,3
695,1435,5
695,2153,5
695,1459,4
695,2178,5
695,2180,4
695,3048,4
695,1469,4
695,1471,3
695,3054,5
695,2324,3
695,208,3
695,2336,3
695,232,3
695,3095,5
695,3235,3
695,3248,2
695,2389,3
695,2541,5
695,430,3
695,2555,4
695,1001,4
695,1003,4
695,2565,1
695,3292,2
695,576,3
695,1010,5
695,453,3
695,1839,3
695,1156,4
695,1159,3
695,1844,4
695,1846,4
695,3455,4
695,1027,4
695,1035,4
695,3470,5
695,1040,5
695,717,4
695,1219,4
695,1220,2
695,1504,4
695,107,3
695,3002,4
695,1646,3
695,1659,5
695,3149,4
695,2298,4
695,172,3
695,2598,4
695,2477,3
695,3338,5
695,1737,4
695,3348,4
695,1738,3
695,1748,3
695,2632,4
695,1071,4
695,3503,3
695,1074,5
695,1761,3
695,1077,3
695,3509,4
695,3389,4
695,1095,5
702,3530,4
702,2904,4
702,262,3
706,3404,4
706,2680,3
706,1117,4
706,1828,2
706,2902,4
706,1469,4
706,3102,2
706,430,4
706,2565,4
706,2772,5
706,2816,4
706,1504,4
706,20,2
706,1705,4
707,262,5
707,3283,4
715,5,5
715,1117,5
715,557,4
715,1128,5
715,679,4
715,2694,3
715,1815,4
715,1828,4
715,805,4
715,814,4
715,702,4
715,706,5
715,710,4
715,1410,4
715,1985,4
715,2752,3
715,2008,5
715,1435,4
715,2902,4
715,1459,5
715,3048,3
715,2927,4
715,2928,5
715,1471,5
715,2324,3
715,1580,3
715,208,5
715,2514,5
715,1626,5
715,414,3
715,422,5
715,430,4
715,439,3
715,576,5
715,582,4
715,3305,4
715,453,4
715,1839,5
715,1031,5
715,1166,4
715,1339,3
715,1219,3
715,757,3
715,1228,4
715,765,3
715,1358,3
715,2065,5
715,1500,3
715,2111,4
715,1646,4
715,153,4
715,1659,5
715,3149,5
715,157,5
715,1552,3
715,307,2
715,172,4
715,318,3
715,20,5
715,911,4
715,1706,1
715,333,4
715,336,5
715,915,4
715,477,4
715,43,4
715,347,5
715,348,5
715,1737,4
715,1738,4
715,1742,5
715,71,5
715,1748,4
715,1072,5
715,951,5
715,1074,4
715,92,4
717,5,5
717,1117,4
717,557,4
717,702,4
717,1410,3
717,2752,4
717,1435,3
717,2324,4
717,1477,5
717,208,2
717,251,3
717,3235,3
717,413,4
717,430,5
717,439,4
717,2565,2
717,453,5
717,1220,4
717,2815,4
717,1358,4
717,2065,3
717,2084,5
717,101,5
717,1504,5
717,1646,4
717,153,5
717,1552,2
717,19,2
717,3181,3
717,330,4
717,333,2
717,348,4
717,92,1
717,3509,5
739,1100,5
739,3530,5
739,2324,4
739,430,4
739,453,3
739,2822,4
739,3509,5
750,453,2
750,3155,3
752,1117,5
752,702,4
752,706,4
752,2132,3
752,2008,4
752,2902,3
752,2324,3
752,1477,5
752,2389,3
752,430,3
752,439,4
752,453,4
752,1858,4
752,1204,4
752,1211,4
752,1339,4
752,1220,4
752,1228,3
752,1358,4
752,101,4
752,1504,4
752,1528,2
752,1646,4
752,1542,3
752,157,4
752,168,3
752,19,3
752,3180,3
752,3181,4
752,336,3
752,473,3
752,347,4
752,1719,5
752,1720,4
752,2488,3
752,1748,4
752,3359,3
752,2633,4
752,951,5
752,86,4
752,3506,4
752,523,3
760,702,5
760,1839,4
760,2037,5
760,2815,5
767,1955,5
767,1420,5
767,2324,4
767,1580,3
767,3235,5
767,2048,5
767,1504,4
767,1646,4
767,2409,4
767,1542,5
767,1552,4
767,3509,3
767,2652,4
769,3404,4
769,2675,5
769,5,3
769,1117,5
769,557,3
769,679,2
769,2694,1
769,1815,2
769,1828,4
769,805,3
769,810,4
769,811,2
769,814,3
769,702,3
769,706,4
769,710,1
769,1410,4
769,1985,2
769,1297,1
769,2122,1
769,2128,5
769,2133,2
769,2752,3
769,1435,4
769,1319,1
769,2161,3
769,2917,1
769,1459,5
769,2180,3
769,3048,1
769,2927,2
769,2928,5
769,1471,3
769,2324,1
769,1477,2
769,1580,2
769,208,3
769,2336,2
769,3235,5
769,2514,5
769,1626,3
769,3248,3
769,2523,3
769,2389,2
769,403,3
769,2531,3
769,413,4
769,414,3
769,418,3
769,3268,1
769,430,2
769,3283,3
769,439,4
769,576,3
769,1010,4
769,444,5
769,3439,2
769,3305,3
769,453,4
769,460,4
769,1836,2
769,1839,4
769,1159,5
769,597,3
769,1844,4
769,600,1
769,1166,1
769,1858,2
769,1859,3
769,3470,5
769,1048,5
769,1049,3
769,1188,2
769,1204,2
769,1327,1
769,743,3
769,1211,1
769,1334,2
769,1219,3
769,1220,2
769,757,1
769,1228,2
769,1358,1
769,2822,3
769,2065,4
769,1368,1
769,2084,4
769,2841,1
769,2088,3
769,101,5
769,1504,2
769,2093,1
769,2094,1
769,107,3
769,2247,4
769,2111,4
769,1529,5
769,3002,3
769,2269,3
769,1656,1
769,1542,5
769,153,2
769,3147,4
769,3149,5
769,157,5
769,161,1
769,2298,1
769,307,1
769,10,3
769,318,3
769,319,4
769,18,2
769,19,2
769,20,3
769,1698,3
769,1705,1
769,333,3
769,335,1
769,336,4
769,915,3
769,2598,3
769,473,3
769,43,4
769,347,5
769,348,5
769,487,5
769,2477,4
769,2488,1
769,1737,4
769,3348,5
769,1738,3
769,1061,5
769,373,1
769,69,1
769,1748,3
769,3359,3
769,2630,1
769,1751,1
769,2633,1
769,1753,1
769,951,5
769,86,5
769,1074,3
769,1077,4
769,1764,4
769,523,5
769,92,1
769,2652,1
769,3520,1
769,1093,5
782,2675,4
782,5,2
782,2694,3
782,1266,4
782,1410,2
782,2752,3
782,2161,2
782,3048,4
782,1471,3
782,1576,3
782,2324,3
782,3235,4
782,2514,4
782,978,4
782,430,3
782,576,4
782,453,3
782,1220,5
782,757,3
782,1529,4
782,1548,4
782,157,1
782,1552,2
782,20,4
782,333,4
782,915,2
792,1260,3
792,1815,5
792,1985,4
792,828,3
792,838,2
792,2143,4
792,2324,4
792,1477,3
792,2336,2
792,2541,4
792,3413,3
792,576,4
792,582,2
792,1048,4
792,2775,3
792,1219,3
792,2815,4
792,2269,4
792,3149,3
792,10,3
792,1698,3
792,330,4
792,336,4
792,1737,3
792,1061,5
792,951,3
792,1074,2
802,557,4
802,1146,3
802,814,4
802,2324,3
802,430,4
802,576,3
802,453,3
802,1839,3
802,347,5
802,1737,4
806,2499,5
806,453,4
806,460,3
806,462,3
806,1358,3
806,1646,5
806,3181,5
808,1117,5
808,3086,2
808,251,5
808,273,3
808,413,5
808,444,5
808,453,3
808,1220,5
808,1358,3
808,2111,3
808,1542,5
808,10,5
808,20,3
808,336,4
808,2598,5
808,473,4
808,347,4
808,1748,5
818,5,2
818,702,5
818,1418,3
818,1471,2
818,2324,2
818,3235,3
818,430,5
818,2565,2
818,453,2
818,2065,5
818,1552,2
818,20,3
818,1748,2
835,3404,5
835,1815,4
835,814,3
835,3235,1
835,592,1
835,739,1
835,3180,1
835,1074,1
835,523,1
835,3509,5
837,3532,4
837,2680,4
837,679,3
837,702,2
837,1471,4
837,2324,3
837,208,4
837,3083,3
837,3086,5
837,2527,4
837,3427,5
837,3428,4
837,1334,3
837,1219,5
837,2249,4
837,3132,5
837,3137,4
837,2279,5
837,3149,3
837,295,3
837,3155,3
837,2298,5
837,307,2
837,3181,4
837,3210,5
837,3355,5
837,1747,4
837,3509,4
837,2652,5
837,3389,5
841,3404,2
841,208,5
841,1334,3
841,2048,5
841,2815,2
841,2838,3
841,2298,5
841,3509,4
844,1117,1
844,1435,3
844,3048,4
844,430,4
844,470,4
844,629,5
844,2048,4
844,2298,5
844,71,4
848,1117,5
848,805,3
848,1459,3
848,1627,3
848,413,3
848,423,4
848,1003,3
848,1159,4
848,618,4
848,626,5
848,1334,3
848,2247,3
848,3124,3
848,3155,3
848,319,3
848,20,3
848,336,5
848,2598,5
848,473,3
848,347,2
848,487,3
848,1738,3
860,1117,5
860,1459,5
860,422,5
860,1003,3
860,1159,5
860,3470,5
860,2084,4
860,2841,1
860,20,4
860,1705,5
860,2598,5
860,1737,5
860,3348,4
860,1748,4
860,1074,5
871,1103,5
871,2680,3
871,2702,5
871,702,4
871,2747,5
871,2917,3
871,2324,4
871,232,3
871,3235,4
871,1010,4
871,453,4
871,747,4
871,1358,3
871,3004,3
871,1659,1
871,1692,3
871,336,3
871,347,4
871,1072,4
871,951,2
871,520,2
871,3509,4
871,2652,2
873,845,4
873,1193,5
873,1542,1
873,3338,3
880,5,4
880,1117,5
880,557,3
880,1805,4
880,1128,4
880,679,2
880,2694,5
880,1260,1
880,1266,3
880,2702,4
880,2709,4
880,1828,3
880,1273,2
880,1146,5
880,805,4
880,702,3
880,706,5
880,710,2
880,2113,4
880,1410,2
880,1985,3
880,1297,2
880,2128,2
880,2745,4
880,1418,2
880,2752,2
880,1429,1
880,1435,4
880,1319,2
880,2153,3
880,2905,4
880,2170,4
880,2913,2
880,878,2
880,3048,3
880,2183,3
880,1471,4
880,2324,2
880,1477,4
880,1580,2
880,208,4
880,2336,5
880,2337,3
880,1602,2
880,3094,2
880,2366,2
880,3102,5
880,381,5
880,246,2
880,2514,5
880,2374,3
880,1626,3
880,392,4
880,257,3
880,258,1
880,260,3
880,3248,2
880,2523,2
880,398,1
880,400,3
880,2389,3
880,403,5
880,2527,4
880,413,4
880,414,3
880,418,1
880,422,4
880,423,1
880,430,4
880,2563,3
880,439,5
880,2565,2
880,1010,3
880,444,5
880,3305,4
880,453,3
880,460,2
880,1839,4
880,1156,4
880,1159,3
880,597,2
880,1846,4
880,1027,5
880,1031,4
880,1166,3
880,1858,3
880,717,3
880,719,3
880,618,4
880,1883,4
880,626,3
880,1204,2
880,739,1
880,1327,2
880,743,3
880,1339,3
880,1219,4
880,1220,5
880,757,1
880,2037,3
880,1225,2
880,1228,2
880,2048,3
880,765,2
880,1241,3
880,2813,4
880,1358,1
880,2065,3
880,779,3
880,781,2
880,2216,3
880,1496,1
880,2076,3
880,2077,4
880,2838,4
880,2841,3
880,101,5
880,1384,3
880,2247,1
880,2249,3
880,2255,2
880,1528,5
880,1529,3
880,3123,1
880,3002,3
880,3004,5
880,2409,2
880,1656,2
880,1542,2
880,153,4
880,2410,3
880,1659,4
880,3149,5
880,1662,3
880,293,3
880,157,3
880,161,2
880,163,4
880,2424,3
880,1552,2
880,2297,3
880,2298,4
880,307,5
880,168,2
880,172,2
880,10,3
880,178,2
880,318,3
880,18,3
880,19,2
880,20,3
880,328,3
880,2584,2
880,2585,1
880,912,3
880,330,3
880,1705,5
880,335,2
880,336,4
880,2461,2
880,2598,5
880,473,3
880,477,3
880,480,3
880,43,3
880,347,2
880,348,4
880,3198,3
880,486,4
880,487,3
880,3210,3
880,2488,1
880,363,3
880,1745,4
880,373,2
880,71,4
880,3359,4
880,2633,3
880,1753,3
880,951,5
880,520,2
880,86,3
880,1764,3
880,523,3
880,92,1
880,3509,2
880,2652,2
880,1095,4
886,5,4
886,1117,4
886,557,3
886,2905,2
886,2324,2
886,257,4
886,430,3
886,2555,3
886,453,3
886,465,3
886,1846,4
886,1858,4
886,1859,4
886,717,4
886,1905,3
886,2065,3
886,1504,3
886,2298,4
886,319,3
886,486,2
886,3338,3
886,1071,5
886,1095,3
889,1815,4
889,2702,2
889,702,5
889,710,4
889,1410,5
889,1297,5
889,1420,3
889,2133,4
889,2008,3
889,1318,4
889,2917,5
889,2324,5
889,1477,4
889,2389,3
889,576,3
889,453,5
889,1166,5
889,719,5
889,1193,1
889,1211,3
889,747,4
889,1220,3
889,1358,3
889,2065,4
889,2838,3
889,1500,3
889,1379,2
889,2841,4
889,101,4
889,1504,3
889,2247,3
889,1646,5
889,2269,2
889,2409,3
889,1656,4
889,1542,4
889,172,3
889,18,4
889,911,5
889,333,5
889,336,5
889,473,5
889,43,4
889,347,4
889,529,5
889,92,5
896,1117,4
896,557,5
896,702,2
896,1410,4
896,1985,3
896,2008,2
896,1435,5
896,2905,4
896,2913,4
896,3048,4
896,2324,3
896,1475,5
896,1477,3
896,208,2
896,2492,4
896,3102,4
896,251,3
896,430,4
896,453,3
896,1846,4
896,1035,4
896,719,2
896,1188,4
896,2775,4
896,1228,2
896,1357,3
896,2815,4
896,2961,3
896,2088,2
896,1504,4
896,2249,2
896,1542,2
896,153,4
896,3149,3
896,10,4
896,319,3
896,1692,5
896,1706,3
896,336,4
896,473,4
896,363,3
896,3348,3
896,2652,1
908,3417,4
908,453,2
908,1027,3
908,1207,4
908,2963,3
908,107,5
908,1061,4
908,523,4
908,3509,5
911,814,3
911,875,3
911,3235,2
911,465,4
911,1048,4
911,2298,5
911,1698,3
911,336,2
911,1061,5
911,951,3
912,2122,4
912,2336,4
912,453,3
912,1204,2
912,1219,4
912,1220,2
912,3149,4
912,157,3
912,18,1
917,1117,3
917,557,3
917,1828,4
917,702,3
917,1410,4
917,1985,4
917,1986,3
917,2905,2
917,3048,2
917,2324,3
917,262,3
917,2389,3
917,413,4
917,430,5
917,453,5
917,1166,1
917,1204,3
917,2775,3
917,1211,5
917,1358,2
917,2838,1
917,153,2
917,10,4
917,319,3
917,3180,2
917,912,4
917,330,4
917,335,2
917,336,3
917,473,2
917,347,3
917,2633,2
917,523,3
931,1010,5
931,2065,2
934,2680,4
934,5,2
934,679,3
934,2694,4
934,1260,4
934,1815,4
934,2709,4
934,1828,2
934,1273,3
934,702,3
934,2862,4
934,1410,5
934,1418,3
934,1430,4
934,2902,2
934,1459,5
934,3048,4
934,2927,4
934,1471,3
934,3050,4
934,3054,3
934,1580,3
934,2492,3
934,2366,3
934,251,4
934,2514,4
934,262,3
934,3121,4
934,265,4
934,2389,3
934,2527,4
934,430,4
934,3417,4
934,2565,4
934,3439,3
934,3305,2
934,453,3
934,1159,5
934,3470,3
934,1048,5
934,2774,5
934,1334,3
934,1220,2
934,1228,3
934,2048,4
934,2815,5
934,1358,3
934,2065,4
934,1368,2
934,2833,4
934,2961,4
934,2838,3
934,107,4
934,2856,5
934,1521,2
934,3129,4
934,3002,5
934,3137,3
934,1656,3
934,152,3
934,153,5
934,1659,3
934,295,4
934,157,3
934,3155,3
934,2424,3
934,1552,3
934,2297,3
934,172,2
934,1692,4
934,19,3
934,20,4
934,330,3
934,2598,4
934,480,3
934,348,3
934,3332,4
934,1737,4
934,1738,3
934,77,4
934,1074,4
934,92,4
934,2652,2
934,1091,3
934,647,4
935,1410,4
935,2132,4
935,2133,3
935,2161,2
935,2324,4
935,3083,4
935,430,3
935,453,4
935,1358,3
935,1368,2
935,1504,5
935,2633,3
944,2680,4
944,1117,5
944,557,4
944,2709,3
944,710,3
944,1985,4
944,3048,3
944,1469,4
944,251,3
944,2514,3
944,413,5
944,430,3
944,3292,3
944,1156,4
944,1159,4
944,470,2
944,719,5
944,2816,4
944,2822,4
944,1656,4
944,2424,2
944,2297,3
944,10,5
944,319,4
944,20,3
944,1698,5
944,333,2
944,336,5
944,348,3
944,1738,4
944,1742,4
944,1748,4
951,3532,3
951,1117,5
951,1131,4
951,1132,4
951,2753,4
951,1998,3
951,2913,4
951,208,4
951,232,4
951,3235,3
951,413,4
951,414,4
951,3283,3
951,1010,5
951,465,3
951,1027,4
951,1031,3
951,1035,4
951,1858,4
951,1358,3
951,1542,2
951,289,4
951,295,4
951,1554,3
951,2298,4
951,314,4
951,20,4
951,328,3
951,336,4
951,347,3
951,487,3
951,1077,5
951,523,3
951,3509,5
960,2680,4
960,3235,4
960,1500,3
960,336,4
963,1117,5
963,208,5
963,251,3
963,1010,5
963,453,3
963,1334,3
963,1358,3
963,101,2
963,1542,4
963,3155,3
963,2298,4
963,10,5
963,3181,2
963,336,4
963,1077,5
963,523,4
966,1117,4
966,2917,3
966,3102,3
966,258,4
966,2523,3
966,414,3
966,1858,4
966,2838,3
966,1500,3
966,101,5
966,2409,2
966,1542,4
966,2298,4
966,10,4
966,2585,3
966,336,5
966,473,5
966,347,3
966,1721,3
966,1730,2
967,1117,5
967,1131,4
967,208,5
967,1010,5
967,3305,2
967,453,3
967,1035,5
967,2775,4
967,1234,4
967,163,5
967,1698,5
967,1705,4
967,1747,4
968,1266,1
968,2753,5
968,2913,4
968,2298,5
971,702,3
971,251,1
971,3235,3
971,3283,1
971,523,4
977,2917,2
977,208,5
977,3121,5
977,2527,4
977,2216,4
977,107,5
977,2652,4
1000,3404,2
1000,2675,5
1000,1117,4
1000,1260,2
1000,1955,4
1000,702,2
1000,1410,2
1000,1985,3
1000,1988,4
1000,1420,2
1000,2750,5
1000,2753,4
1000,2143,2
1000,1435,4
1000,2894,4
1000,2153,5
1000,2157,3
1000,2913,4
1000,2303,4
1000,2324,4
1000,1475,4
1000,1477,5
1000,3083,1
1000,2499,2
1000,1621,5
1000,2517,4
1000,1627,4
1000,430,3
1000,3285,5
1000,3427,5
1000,3428,5
1000,2569,4
1000,3455,4
1000,1859,4
1000,3469,2
1000,1211,3
1000,1334,3
1000,1905,5
1000,1340,3
1000,2037,4
1000,2797,4
1000,2048,4
1000,2813,5
1000,1357,4
1000,2815,2
1000,2816,2
1000,2822,2
1000,2961,2
1000,2838,5
1000,1500,4
1000,1502,4
1000,1504,4
1000,2845,5
1000,2247,2
1000,2249,2
1000,129,3
1000,3132,2
1000,1646,4
1000,3137,5
1000,2410,2
1000,2411,2
1000,1659,5
1000,1554,4
1000,2297,2
1000,2298,5
1000,1558,3
1000,3181,2
1000,2461,3
1000,347,3
1000,3210,4
1000,3351,1
1000,71,2
1000,3502,4
1000,3503,4
1000,3509,4
1000,2652,4
1008,1410,2
1008,2753,5
1008,3066,2
1008,1627,5
1008,2531,3
1008,1858,4
1008,3002,5
1008,3149,3
1008,3155,3
1008,2298,5
1008,3181,3
1008,3210,1
1008,3355,4
1008,1074,3
1008,3509,5
1019,1103,5
1019,2675,4
1019,5,4
1019,2694,4
1019,1266,4
1019,1410,4
1019,2752,3
1019,3048,4
1019,1471,4
1019,2324,4
1019,2514,3
1019,2389,4
1019,1339,5
1019,2065,3
1019,153,5
1019,3149,3
1019,333,4
1019,1090,5
1020,1100,4
1020,1117,4
1020,1128,5
1020,1146,5
1020,1151,4
1020,805,5
1020,814,5
1020,2862,5
1020,845,5
1020,232,4
1020,3089,5
1020,3090,5
1020,3095,5
1020,1156,5
1020,1040,5
1020,1044,5
1020,717,5
1020,107,5
1020,3004,5
1020,2298,5
1020,176,5
1020,330,3
1020,3338,5
1020,3210,5
1020,1071,5
1020,3389,4
1024,2324,4
1024,208,5
1024,2514,4
1024,2249,5
1024,3155,3
1024,2584,4
1024,363,4
1032,1934,4
1032,1266,3
1032,2702,4
1032,2709,3
1032,1146,3
1032,702,1
1032,2733,2
1032,1418,2
1032,2162,3
1032,2309,4
1032,1471,4
1032,2324,4
1032,232,4
1032,3235,4
1032,439,4
1032,576,3
1032,3301,3
1032,453,2
1032,1156,2
1032,1852,3
1032,1027,5
1032,1358,2
1032,2961,2
1032,1707,3
1032,347,3
1032,348,3
1032,363,3
1032,1742,4
1032,951,5
1032,523,3
1036,3455,4
1036,3180,3
1036,3359,3
1036,3509,5
1039,1117,3
1039,557,5
1039,2693,5
1039,1146,5
1039,814,5
1039,702,2
1039,1410,3
1039,1985,4
1039,2132,4
1039,2133,4
1039,1459,4
1039,3048,4
1039,2927,3
1039,1469,4
1039,3054,4
1039,2324,4
1039,1477,4
1039,208,5
1039,3095,4
1039,251,3
1039,1627,4
1039,3121,4
1039,978,5
1039,414,5
1039,430,4
1039,1159,5
1039,1027,3
1039,3470,4
1039,1044,5
1039,717,4
1039,1048,5
1039,1188,4
1039,629,4
1039,2772,4
1039,2774,4
1039,1334,4
1039,1220,3
1039,2042,5
1039,2048,5
1039,2819,5
1039,2249,3
1039,3002,5
1039,1542,4
1039,2298,4
1039,1692,4
1039,2584,4
1039,1698,5
1039,1705,5
1039,333,4
1039,336,5
1039,2598,5
1039,480,4
1039,361,3
1039,1737,4
1039,1061,5
1039,951,5
1039,1074,4
1039,1090,4
1054,3404,2
1054,1117,4
1054,1146,4
1054,2527,4
1054,2565,1
1054,1010,5
1054,1334,1
1054,2048,4
1054,2838,2
1054,2249,2
1054,295,4
1054,2424,4
1054,2298,5
1054,2652,2
1054,1091,3
1069,3502,1
1071,1128,4
1071,1146,4
1071,814,4
1071,2913,4
1071,1469,4
1071,2324,2
1071,978,5
1071,2565,4
1071,1156,4
1071,1159,4
1071,2775,4
1071,2048,3
1071,3002,4
1071,3016,4
1071,2298,4
1071,330,3
1071,1061,5
1079,2324,5
1079,1477,5
1079,2336,3
1079,429,4
1079,453,5
1079,1220,4
1079,1225,4
1079,2255,2
1079,1706,1
1086,557,3
1086,1815,4
1086,810,5
1086,814,5
1086,702,2
1086,1985,4
1086,2132,3
1086,2752,3
1086,2008,5
1086,2902,2
1086,1469,3
1086,1471,1
1086,3054,4
1086,2324,5
1086,1475,4
1086,1477,3
1086,208,2
1086,2336,4
1086,3089,4
1086,2366,3
1086,3102,5
1086,1618,4
1086,2541,4
1086,430,4
1086,2555,4
1086,1003,3
1086,3292,4
1086,453,5
1086,1839,4
1086,1156,5
1086,1159,5
1086,465,4
1086,1031,4
1086,1035,3
1086,1188,2
1086,2774,4
1086,1219,2
1086,2048,4
1086,2813,4
1086,2815,3
1086,2816,4
1086,2822,4
1086,2065,3
1086,2838,5
1086,1504,4
1086,1507,4
1086,2858,4
1086,3002,5
1086,3149,2
1086,2424,4
1086,1554,2
1086,1698,5
1086,911,4
1086,912,2
1086,1705,5
1086,333,1
1086,336,4
1086,2598,4
1086,347,4
1086,1737,4
1086,1742,4
1086,1748,5
1086,1751,4
1086,951,5
1086,523,4
1086,3509,4
1087,1100,3
1087,3530,4
1087,3404,4
1087,2675,4
1087,1933,3
1087,1934,4
1087,2680,4
1087,5,4
1087,1117,4
1087,557,5
1087,1128,4
1087,1260,1
1087,1815,4
1087,1132,4
1087,1133,4
1087,1266,4
1087,1955,4
1087,1828,1
1087,1273,3
1087,1146,4
1087,1151,5
1087,805,4
1087,810,4
1087,811,4
1087,814,5
1087,702,3
1087,823,5
1087,824,4
1087,706,1
1087,710,3
1087,2862,2
1087,2733,3
1087,1410,3
1087,1985,4
1087,828,4
1087,1986,3
1087,830,3
1087,1418,4
1087,1420,4
1087,2750,4
1087,838,4
1087,2885,3
1087,2752,4
1087,1425,3
1087,1996,4
1087,1429,3
1087,845,4
1087,850,4
1087,2008,3
1087,1435,3
1087,2769,2
1087,857,4
1087,2153,4
1087,2905,4
1087,873,4
1087,875,3
1087,2913,3
1087,2917,4
1087,2180,3
1087,3048,4
1087,2928,4
1087,1469,4
1087,1471,3
1087,2324,2
1087,1475,4
1087,1477,4
1087,1580,1
1087,2943,3
1087,208,4
1087,2336,4
1087,2337,1
1087,3083,3
1087,3086,4
1087,232,3
1087,3215,3
1087,2492,3
1087,3094,4
1087,3095,5
1087,243,1
1087,2366,4
1087,3101,4
1087,2370,3
1087,246,4
1087,251,4
1087,3235,4
1087,2514,4
1087,2517,4
1087,1627,3
1087,257,4
1087,258,4
1087,262,2
1087,3121,5
1087,265,2
1087,2389,4
1087,2527,4
1087,978,4
1087,2530,3
1087,2531,4
1087,2541,4
1087,413,4
1087,414,3
1087,430,4
1087,3418,2
1087,2555,2
1087,3283,3
1087,433,1
1087,439,1
1087,442,3
1087,2565,3
1087,1010,4
1087,582,1
1087,444,4
1087,453,4
1087,1839,3
1087,1156,5
1087,1159,5
1087,592,1
1087,465,3
1087,470,4
1087,1846,3
1087,1027,3
1087,1035,2
1087,1166,2
1087,1858,4
1087,1859,3
1087,1040,5
1087,717,3
1087,719,4
1087,1048,5
1087,1188,4
1087,1198,1
1087,1891,1
1087,1204,2
1087,2775,5
1087,1211,2
1087,747,3
1087,2786,2
1087,1334,3
1087,1913,1
1087,1220,4
1087,756,4
1087,757,2
1087,1920,5
1087,2048,4
1087,1241,3
1087,2813,2
1087,1357,3
1087,2815,4
1087,2816,4
1087,1358,2
1087,2819,4
1087,2822,4
1087,2065,4
1087,1368,1
1087,1492,3
1087,2961,3
1087,1500,3
1087,101,3
1087,1504,4
1087,2845,4
1087,107,5
1087,2247,4
1087,2249,4
1087,2255,1
1087,3002,4
1087,3004,3
1087,1646,4
1087,2269,5
1087,2409,1
1087,1656,3
1087,1542,3
1087,289,3
1087,152,3
1087,153,3
1087,2410,1
1087,1659,2
1087,3149,4
1087,1664,3
1087,1666,3
1087,295,4
1087,157,3
1087,161,1
1087,3155,4
1087,1672,3
1087,1552,3
1087,2297,3
1087,2298,4
1087,307,3
1087,168,1
1087,1558,3
1087,172,3
1087,1677,5
1087,1681,5
1087,10,4
1087,319,3
1087,18,1
1087,1692,4
1087,328,4
1087,3181,4
1087,1698,4
1087,911,4
1087,912,4
1087,1705,4
1087,335,1
1087,336,4
1087,2461,3
1087,2598,4
1087,473,3
1087,43,1
1087,347,3
1087,348,3
1087,3332,5
1087,1719,3
1087,487,4
1087,3338,4
1087,1730,2
1087,3210,4
1087,361,4
1087,1737,4
1087,1738,3
1087,3351,1
1087,1742,4
1087,2623,4
1087,1061,5
1087,948,4
1087,949,3
1087,373,1
1087,1747,5
1087,3359,3
1087,2633,3
1087,951,5
1087,1074,4
1087,3506,1
1087,1077,4
1087,957,3
1087,523,4
1087,91,3
1087,92,3
1087,3509,4
1087,2650,1
1093,2675,2
1093,1117,2
1093,1128,4
1093,810,3
1093,814,5
1093,3048,4
1093,978,5
1093,1048,3
1093,1220,2
1093,2048,5
1093,2816,5
1093,2065,3
1093,2838,3
1093,1504,5
1093,2269,4
1093,2298,4
1093,1692,3
1093,1698,4
1093,1705,3
1093,336,5
1093,1737,3
1093,1742,4
1093,1061,5
1093,71,4
1093,1074,3
1117,2324,3
1117,453,4
1117,1327,2
1117,1358,4
1117,1504,4
1117,2111,3
1117,3155,4
1117,336,3
1117,523,5
1123,1117,5
1123,1128,4
1123,679,2
1123,1146,5
1123,814,3
1123,702,1
1123,706,4
1123,710,3
1123,2113,4
1123,1410,3
1123,1985,4
1123,2122,3
1123,2132,4
1123,2008,3
1123,1435,4
1123,2170,3
1123,1459,5
1123,2178,4
1123,1471,1
1123,2324,4
1123,1477,4
1123,208,5
1123,2336,3
1123,3095,5
1123,2366,5
1123,3106,4
1123,2514,4
1123,262,3
1123,3121,3
1123,403,3
1123,2527,4
1123,2541,2
1123,414,3
1123,423,5
1123,430,4
1123,440,4
1123,3288,5
1123,576,4
1123,3438,3
1123,1839,3
1123,1156,5
1123,1159,4
1123,1044,2
1123,719,3
1123,1048,5
1123,618,3
1123,626,3
1123,1211,3
1123,1339,5
1123,1220,3
1123,2815,4
1123,107,4
1123,2247,3
1123,2111,3
1123,3002,5
1123,1656,3
1123,3149,3
1123,3016,5
1123,1692,3
1123,20,3
1123,328,4
1123,912,3
1123,333,3
1123,2598,5
1123,348,3
1123,1719,4
1123,2477,4
1123,934,4
1123,1737,5
1123,1742,5
1123,373,1
1123,1072,5
1123,951,5
1123,523,3
1123,92,2
1123,647,4
1123,1095,4
1126,3530,4
1126,2701,2
1126,2122,4
1126,2133,2
1126,2309,3
1126,2336,5
1126,2491,1
1126,2503,1
1126,262,2
1126,453,4
1126,1839,3
1126,1219,4
1126,1358,2
1126,2082,2
1126,2088,3
1126,3149,4
1126,2425,3
1126,3180,2
1126,3198,3
1126,1737,5
1126,3348,3
1126,1738,4
1126,3359,4
1126,2634,3
1126,1074,4
1126,523,4
1132,2693,3
1132,702,4
1132,1985,3
1132,1471,1
1132,232,2
1132,2503,2
1132,251,3
1132,439,3
1132,453,4
1132,1156,5
1132,1048,5
1132,107,5
1132,3132,2
1132,1656,2
1132,157,3
1132,1706,2
1132,336,5
1132,1707,2
1132,347,4
1132,1737,4
1132,1738,3
1132,647,2
1142,1117,5
1142,1128,4
1142,1410,5
1142,2324,4
1142,2943,4
1142,336,4
1142,1061,5
1144,1117,5
1144,2709,3
1144,251,4
1144,453,5
1144,129,3
1144,295,5
1144,1706,1
1144,1707,1
1155,1117,3
1155,710,3
1155,251,4
1155,413,3
1155,444,3
1155,592,3
1155,1542,4
1155,3155,4
1155,900,3
1155,3181,5
1155,3359,3
1155,3509,4
1159,3404,3
1159,2680,3
1159,208,2
1159,2366,2
1159,2370,2
1159,381,2
1159,2514,3
1159,2389,3
1159,2527,3
1159,413,3
1159,3268,3
1159,2048,3
1159,1368,1
1159,2216,2
1159,2221,3
1159,2249,3
1159,2409,2
1159,3155,4
1159,2461,3
1159,3359,3
1159,2652,3
1161,1100,3
1161,1103,4
1161,1117,4
1161,557,4
1161,1815,4
1161,1146,4
1161,805,4
1161,814,3
1161,823,4
1161,1410,3
1161,1985,3
1161,2769,3
1161,2913,5
1161,2180,3
1161,1469,5
1161,2491,4
1161,978,3
1161,430,3
1161,3418,3
1161,3292,4
1161,1159,3
1161,1846,3
1161,1035,4
1161,1048,4
1161,1188,3
1161,1339,3
1161,1920,4
1161,2819,4
1161,1504,3
1161,107,5
1161,3124,3
1161,3002,4
1161,295,4
1161,1681,4
1161,20,3
1161,1071,4
1161,951,3
1162,3404,4
1162,679,4
1162,1273,4
1162,702,4
1162,1410,4
1162,2885,3
1162,2927,4
1162,1599,2
1162,2389,4
1162,453,5
1162,1358,3
1162,1529,3
1162,153,5
1162,3155,4
1162,1552,3
1162,43,4
1162,3348,4
1162,3359,3
1162,92,4
1175,1117,2
1175,557,5
1175,2709,4
1175,1146,5
1175,814,5
1175,1459,4
1175,3048,4
1175,2336,3
1175,3248,4
1175,978,3
1175,453,5
1175,1839,4
1175,1156,3
1175,1159,5
1175,1048,3
1175,1219,4
1175,2088,4
1175,2598,4
1175,347,4
1175,1061,3
1175,1748,5
1175,951,4
1175,1074,4
1176,3530,3
1176,1117,3
1176,557,4
1176,1985,4
1176,3086,3
1176,251,4
1176,413,2
1176,1010,5
1176,453,4
1176,629,4
1176,2048,5
1176,2815,5
1176,2077,1
1176,3155,4
1176,2298,3
1176,10,3
1176,336,5
1176,1077,5
1176,523,2
1178,1100,5
1178,3530,4
1178,1133,4
1178,1266,4
1178,1828,4
1178,1146,5
1178,702,4
1178,710,3
1178,2733,4
1178,841,4
1178,1996,3
1178,2913,3
1178,2309,3
1178,3048,3
1178,1471,4
1178,2324,2
1178,1580,3
1178,208,3
1178,2336,3
1178,3090,3
1178,3235,4
1178,400,4
1178,2389,3
1178,430,4
1178,1010,4
1178,3305,2
1178,453,4
1178,1839,4
1178,1156,5
1178,1159,3
1178,470,4
1178,1031,4
1178,1166,3
1178,2774,4
1178,1219,4
1178,1920,3
1178,1358,4
1178,1659,4
1178,3149,1
1178,2298,4
1178,172,3
1178,20,3
1178,328,3
1178,2477,4
1178,1747,4
1178,1748,4
1178,1071,5
1178,1074,3
1178,1091,3
1182,3530,4
1182,1117,3
1182,1128,5
1182,1146,4
1182,805,4
1182,2128,2
1182,841,4
1182,845,5
1182,850,5
1182,2913,5
1182,1459,2
1182,2180,2
1182,3048,4
1182,3054,2
1182,3090,5
1182,3094,4
1182,1627,4
1182,978,5
1182,1003,3
1182,1844,3
1182,2774,4
1182,1219,3
1182,1920,5
1182,2953,5
1182,2093,1
1182,107,4
1182,1705,4
1182,2598,4
1182,1737,2
1182,3348,1
1182,1738,1
1182,1748,3
1182,1074,5
1182,957,3
1188,1117,4
1188,232,4
1188,1159,4
1192,2680,3
1192,5,4
1192,1117,4
1192,1128,5
1192,2694,2
1192,1815,5
1192,702,1
1192,710,2
1192,1410,4
1192,2752,2
1192,2143,3
1192,1459,3
1192,3048,3
1192,2928,2
1192,3054,2
1192,2324,2
1192,1580,3
1192,208,5
1192,251,3
1192,2514,1
1192,2389,2
1192,2527,1
1192,413,4
1192,414,4
1192,418,5
1192,430,2
1192,439,2
1192,2565,2
1192,453,2
1192,1159,4
1192,1166,1
1192,1858,3
1192,1220,2
1192,2065,4
1192,2838,3
1192,2247,2
1192,2249,2
1192,1529,4
1192,1646,3
1192,2409,2
1192,1656,3
1192,153,2
1192,3155,3
1192,2298,3
1192,307,1
1192,319,4
1192,20,2
1192,336,5
1192,2598,4
1192,473,3
1192,480,4
1192,348,3
1192,1737,4
1192,3348,4
1192,1748,3
1192,86,2
1192,1074,3
1192,92,3
1193,1786,2
1193,5,4
1193,1117,2
1193,557,4
1193,1805,4
1193,1260,3
1193,1815,3
1193,814,4
1193,702,3
1193,710,2
1193,2862,3
1193,1977,3
1193,1410,4
1193,1985,4
1193,2128,3
1193,1988,4
1193,1420,2
1193,2132,4
1193,2133,2
1193,2753,4
1193,1997,4
1193,1435,3
1193,2153,3
1193,2902,3
1193,2905,4
1193,2913,4
1193,1459,4
1193,2180,4
1193,3048,4
1193,2927,3
1193,1469,4
1193,1471,2
1193,3054,4
1193,3066,3
1193,208,4
1193,3072,3
1193,3089,4
1193,3102,2
1193,251,4
1193,3106,2
1193,1626,4
1193,1627,4
1193,262,5
1193,398,2
1193,265,4
1193,2530,2
1193,423,3
1193,430,4
1193,1003,3
1193,433,2
1193,439,1
1193,2565,3
1193,3305,3
1193,453,4
1193,1839,2
1193,1846,4
1193,3455,4
1193,1027,3
1193,1031,4
1193,3470,1
1193,1044,4
1193,717,5
1193,719,3
1193,1198,2
1193,1327,2
1193,1207,3
1193,1334,3
1193,1220,1
1193,756,5
1193,2797,3
1193,1228,3
1193,2048,4
1193,1234,4
1193,1241,3
1193,2813,3
1193,1357,4
1193,2815,3
1193,2816,3
1193,2065,4
1193,1368,1
1193,1496,2
1193,2961,2
1193,2082,5
1193,1502,4
1193,1504,4
1193,2845,2
1193,2094,1
1193,107,4
1193,109,3
1193,2247,2
1193,3002,4
1193,1646,4
1193,1656,3
1193,1542,3
1193,3147,2
1193,1659,3
1193,3149,3
1193,2424,4
1193,2297,3
1193,2298,4
1193,10,4
1193,319,4
1193,1698,4
1193,330,4
1193,1705,4
1193,1706,2
1193,333,4
1193,336,3
1193,2461,3
1193,2598,3
1193,473,3
1193,347,2
1193,487,3
1193,361,3
1193,1737,3
1193,1738,2
1193,1742,3
1193,1061,3
1193,1748,2
1193,951,2
1193,1764,1
1193,522,3
1193,3509,4
1193,647,2
1193,533,4
1212,2862,1
1212,850,5
1212,875,5
1212,3048,5
1212,3235,4
1212,336,2
1217,1117,5
1217,557,3
1217,1128,5
1217,1132,5
1217,1828,2
1217,702,2
1217,710,2
1217,2862,4
1217,827,3
1217,1988,4
1217,2753,3
1217,1430,3
1217,873,4
1217,2180,4
1217,2186,4
1217,2324,4
1217,1580,3
1217,3089,4
1217,246,3
1217,3121,5
1217,3283,3
1217,3305,2
1217,453,4
1217,470,4
1217,1035,4
1217,1166,4
1217,1044,4
1217,717,4
1217,1048,5
1217,1339,3
1217,757,2
1217,1920,4
1217,2815,3
1217,2816,4
1217,1358,4
1217,2819,5
1217,1504,2
1217,289,4
1217,152,4
1217,3149,3
1217,3016,4
1217,2424,3
1217,10,4
1217,1698,4
1217,1706,1
1217,76,4
1217,2630,2
1217,2633,1
1217,2634,4
1217,1074,3
1217,647,4
1227,1117,4
1227,557,4
1227,2693,4
1227,702,4
1227,1294,1
1227,2752,4
1227,2753,5
1227,1435,3
1227,2153,4
1227,2913,3
1227,2324,2
1227,208,5
1227,257,3
1227,2389,2
1227,430,4
1227,439,2
1227,2565,3
1227,1010,4
1227,444,4
1227,453,4
1227,1031,5
1227,1035,4
1227,717,5
1227,1048,5
1227,1220,1
1227,1358,4
1227,2065,4
1227,2838,3
1227,1502,4
1227,1504,4
1227,107,4
1227,1529,3
1227,2279,4
1227,157,2
1227,307,2
1227,20,4
1227,3181,2
1227,480,3
1227,348,3
1227,3210,3
1227,1077,4
1227,92,3
1230,1128,4
1230,2750,4
1230,2008,4
1230,1580,2
1230,208,2
1230,1618,3
1230,1627,3
1230,717,3
1230,1048,4
1230,2048,3
1230,1502,4
1230,2298,4
1230,330,3
1230,336,4
1240,1815,5
1240,1996,4
1240,1435,4
1240,1475,3
1240,3235,4
1240,2527,4
1240,413,5
1240,414,5
1240,430,5
1240,444,5
1240,453,4
1240,1159,5
1240,465,4
1240,3469,5
1240,3470,5
1240,618,4
1240,2816,4
1240,1358,5
1240,2961,4
1240,2838,5
1240,2841,4
1240,101,4
1240,1504,5
1240,1542,5
1240,3155,4
1240,2298,5
1240,328,3
1240,336,5
1240,2598,5
1240,347,4
1240,487,4
1240,3355,5
1240,3359,5
1240,523,5
1240,3509,5
1243,3404,1
1243,5,5
1243,1117,5
1243,557,2
1243,679,4
1243,2694,4
1243,1828,4
1243,1273,3
1243,814,3
1243,702,1
1243,1977,2
1243,1410,2
1243,2122,3
1243,1418,3
1243,2133,2
1243,2752,3
1243,2753,4
1243,1429,3
1243,1435,4
1243,2769,3
1243,2905,4
1243,875,4
1243,3048,5
1243,2927,3
1243,1469,5
1243,1471,3
1243,2324,4
1243,1580,2
1243,208,4
1243,2336,4
1243,2337,3
1243,232,5
1243,2491,3
1243,3089,3
1243,2503,2
1243,1618,4
1243,251,3
1243,3235,4
1243,1627,4
1243,257,4
1243,262,3
1243,3248,3
1243,2389,4
1243,413,5
1243,414,4
1243,418,1
1243,429,4
1243,430,4
1243,439,3
1243,3427,5
1243,444,4
1243,3305,2
1243,453,4
1243,1839,3
1243,1156,4
1243,1159,5
1243,470,4
1243,3455,4
1243,1027,4
1243,1166,3
1243,1048,3
1243,618,3
1243,3487,4
1243,2774,5
1243,2775,4
1243,1339,3
1243,1219,4
1243,1220,5
1243,1225,1
1243,1228,3
1243,2048,4
1243,1234,4
1243,1358,3
1243,2065,4
1243,1368,2
1243,2963,4
1243,2838,4
1243,2088,3
1243,101,2
1243,1504,4
1243,107,5
1243,2858,1
1243,2111,2
1243,1656,2
1243,153,3
1243,3149,4
1243,293,4
1243,157,3
1243,163,5
1243,2425,2
1243,1552,3
1243,2298,4
1243,174,4
1243,10,4
1243,1692,5
1243,19,2
1243,20,4
1243,328,4
1243,333,3
1243,1707,2
1243,477,2
1243,43,2
1243,348,3
1243,487,5
1243,1737,4
1243,3348,3
1243,1738,4
1243,3359,3
1243,1072,5
1243,520,2
1243,1074,4
1243,1761,5
1243,523,3
1243,92,2
1243,3509,3
1243,533,5
1243,3389,5
1243,1095,3
1244,1418,4
1244,2514,3
1244,1049,3
1244,3149,4
1244,1705,5
1248,262,3
1248,1048,4
1248,1888,3
1250,208,4
1250,1334,3
1250,2838,4
1250,2298,4
1250,2461,2
1250,1719,3
1250,3359,4
1252,1117,5
1252,2693,3
1252,1131,3
1252,1955,2
1252,1151,5
1252,2753,4
1252,3054,3
1252,1627,3
1252,1001,5
1252,1010,4
1252,1012,4
1252,1152,5
1252,1040,4
1252,626,5
1252,163,5
1252,1554,4
1252,2298,4
1252,20,1
1252,328,5
1252,1077,4
1276,702,3
1276,2917,3
1276,1048,4
1276,1500,5
1276,3002,3
1276,2409,5
1276,1719,5
1280,2693,3
1280,1151,4
1280,814,3
1280,1985,4
1280,2753,5
1280,1435,3
1280,2303,4
1280,3048,4
1280,232,4
1280,1621,3
1280,251,2
1280,1027,4
1280,1035,3
1280,717,3
1280,2048,2
1280,1502,5
1280,289,3
1280,306,5
1280,314,5
1280,327,1
1280,3321,4
1280,71,5
1280,1761,3
1280,523,3
1280,533,4
1280,3389,4
1291,1828,2
1291,3086,2
1291,251,2
1291,3235,4
1291,1358,3
1291,1707,1
1291,523,4
1291,3509,5
1295,1117,4
1295,557,5
1295,2905,4
1295,3048,4
1295,1477,5
1295,1159,5
1295,2775,4
1295,1504,3
1295,2598,5
1295,473,5
1298,1100,5
1298,2675,5
1298,5,4
1298,1133,5
1298,1266,3
1298,1146,5
1298,702,4
1298,1985,4
1298,2008,1
1298,2917,1
1298,2324,5
1298,2336,5
1298,1602,5
1298,3090,5
1298,2499,5
1298,251,3
1298,3235,5
1298,2541,5
1298,430,3
1298,2563,4
1298,576,1
1298,1010,4
1298,453,3
1298,1836,5
1298,1156,4
1298,1166,3
1298,626,5
1298,2774,4
1298,1219,5
1298,1220,5
1298,765,5
1298,2221,3
1298,1500,4
1298,1646,1
1298,2409,1
1298,1659,3
1298,3149,2
1298,1662,5
1298,2298,4
1298,20,4
1298,911,4
1298,333,4
1298,480,4
1298,347,5
1298,2477,4
1298,1737,3
1298,3348,4
1298,1738,4
1298,1748,5
1298,1072,5
1298,1074,5
1298,92,3
1298,2652,5
1303,5,3
1303,1117,4
1303,2178,3
1303,2324,4
1303,430,5
1303,453,5
1303,1156,3
1303,1339,4
1303,1219,5
1303,2065,4
1303,1705,3
1303,347,3
1303,1737,4
1303,951,4
1303,1074,3
1308,2961,4
1308,3155,2
1308,336,5
1308,3506,3
1314,1100,5
1314,1117,4
1314,814,4
1314,2894,4
1314,3048,3
1314,232,4
1314,3417,5
1314,3427,4
1314,1159,4
1314,1044,5
1314,717,5
1314,1905,5
1314,1920,5
1314,2819,5
1314,107,5
1314,3137,4
1314,2477,5
1314,1061,5
1314,1071,5
1314,3509,5
1314,3389,4
1315,2389,2
1315,2527,3
1315,453,5
1315,2048,4
1315,2424,3
1315,2297,3
1319,5,5
1319,1266,3
1319,1828,4
1319,2752,3
1319,3048,5
1319,232,4
1319,3235,4
1319,2389,4
1319,430,4
1319,453,4
1319,1156,4
1319,2774,5
1319,1339,3
1319,2065,4
1319,2858,1
1319,3149,4
1319,20,4
1319,480,4
1319,1737,4
1319,3348,3
1319,1738,5
1319,1072,5
1319,1074,5
1324,1100,4
1324,3530,4
1324,5,3
1324,1117,4
1324,1815,5
1324,1133,5
1324,1146,4
1324,805,5
1324,811,4
1324,814,5
1324,822,4
1324,823,5
1324,2122,4
1324,845,4
1324,850,4
1324,2008,4
1324,3054,4
1324,2324,3
1324,208,4
1324,3090,4
1324,2541,4
1324,430,5
1324,3283,4
1324,576,3
1324,1010,5
1324,582,4
1324,1836,4
1324,1156,5
1324,1159,5
1324,1035,4
1324,717,5
1324,2774,4
1324,1219,4
1324,1920,5
1324,2953,4
1324,107,4
1324,3002,4
1324,1646,3
1324,2269,4
1324,1659,4
1324,1698,4
1324,911,3
1324,1705,4
1324,915,3
1324,347,4
1324,2477,4
1324,3338,4
1324,1737,4
1324,1742,4
1324,1072,5
1324,951,5
1324,1077,5
1324,957,5
1324,1091,4
1324,1095,3
1325,1132,3
1325,2913,4
1325,3048,4
1325,232,3
1325,430,4
1325,470,5
1325,2048,5
1325,336,4
1326,1418,1
1326,1420,1
1326,1471,5
1326,2503,3
1326,251,4
1326,430,4
1326,439,4
1326,336,5
1326,71,2
1326,523,5
1332,1100,5
1332,3530,4
1332,1786,1
1332,1934,5
1332,5,5
1332,1117,4
1332,557,5
1332,1128,5
1332,679,1
1332,1260,2
1332,2701,4
1332,1828,2
1332,1146,5
1332,1151,5
1332,805,5
1332,814,4
1332,702,1
1332,824,5
1332,2862,5
1332,2113,2
1332,2733,4
1332,1294,2
1332,2752,3
1332,845,5
1332,1435,5
1332,2178,5
1332,2309,3
1332,3048,4
1332,2186,4
1332,1471,4
1332,3054,3
1332,2324,1
1332,208,5
1332,2336,3
1332,2347,3
1332,232,2
1332,3095,5
1332,2366,4
1332,3102,4
1332,3233,3
1332,3248,1
1332,2389,2
1332,978,4
1332,414,2
1332,430,5
1332,3418,5
1332,3420,4
1332,439,3
1332,576,3
1332,444,5
1332,453,4
1332,1839,3
1332,1156,5
1332,1159,5
1332,465,4
1332,1027,3
1332,1035,5
1332,1166,1
1332,1040,2
1332,717,5
1332,1048,5
1332,1049,2
1332,626,5
1332,2774,5
1332,1219,4
1332,1220,4
1332,1920,5
1332,1228,4
1332,761,5
1332,765,3
1332,1358,2
1332,2819,2
1332,107,5
1332,2858,3
1332,2111,1
1332,3129,4
1332,3002,4
1332,152,2
1332,3149,3
1332,1662,5
1332,2298,5
1332,20,5
1332,2584,5
1332,330,3
1332,1706,1
1332,333,5
1332,1707,1
1332,477,2
1332,348,3
1332,2477,5
1332,3338,5
1332,363,1
1332,1737,4
1332,3348,3
1332,1738,2
1332,1742,2
1332,1747,4
1332,1748,1
1332,2632,5
1332,1071,5
1332,951,4
1332,3367,4
1332,1074,5
1332,647,2
1332,1095,5
1346,1117,5
1346,1815,5
1346,1266,1
1346,1435,5
1346,208,5
1346,3089,3
1346,3235,1
1346,262,3
1346,413,5
1346,423,4
1346,1010,4
1346,453,5
1346,1859,5
1346,1234,3
1346,2815,4
1346,2816,4
1346,1358,2
1346,2838,4
1346,1502,5
1346,1504,3
1346,2111,2
1346,3132,2
1346,1542,5
1346,3155,2
1346,2298,4
1346,10,4
1346,1698,5
1346,336,4
1346,3506,3
1346,1077,5
1349,1117,4
1349,2904,2
1349,3048,3
1349,3102,1
1349,3235,5
1349,413,4
1349,430,3
1349,453,4
1349,1159,4
1349,2775,5
1349,1219,5
1349,2815,4
1349,2822,5
1349,2838,4
1349,1504,3
1349,289,2
1349,2298,2
1349,336,5
1349,1737,3
1349,1074,3
1349,3509,5
1352,2675,5
1352,1117,5
1352,1128,4
1352,1815,1
1352,2122,2
1352,1010,4
1352,1646,4
1352,1698,4
1352,911,2
1352,1077,4
1362,1117,5
1362,1997,4
1362,1905,4
1362,2298,4
1370,2324,2
1371,3404,2
1371,702,4
1371,1471,4
1371,2324,5
1371,1580,2
1371,3235,1
1371,453,5
1371,1358,3
1371,1500,2
1371,2409,1
1371,3359,3
1382,1100,2
1382,1934,4
1382,1117,5
1382,557,1
1382,2693,4
1382,1128,4
1382,1815,3
1382,1132,4
1382,1133,3
1382,2709,4
1382,1146,4
1382,1151,5
1382,805,5
1382,810,3
1382,811,4
1382,814,5
1382,823,5
1382,2862,3
1382,827,4
1382,1985,4
1382,828,4
1382,830,3
1382,2871,3
1382,2128,2
1382,1988,3
1382,838,4
1382,841,4
1382,2132,4
1382,2753,3
1382,850,5
1382,1435,4
1382,2904,3
1382,2905,4
1382,2913,3
1382,1459,4
1382,2178,3
1382,2180,1
1382,3048,5
1382,2186,3
1382,1469,2
1382,3054,4
1382,1475,5
1382,1477,4
1382,3066,2
1382,2943,4
1382,208,4
1382,2336,3
1382,3086,2
1382,232,3
1382,3215,4
1382,2491,2
1382,3089,4
1382,3090,4
1382,3095,3
1382,3102,3
1382,246,3
1382,251,3
1382,3235,3
1382,2517,2
1382,1627,4
1382,257,2
1382,260,2
1382,3121,4
1382,2389,3
1382,978,3
1382,2541,5
1382,413,4
1382,430,4
1382,3417,5
1382,3420,2
1382,2555,3
1382,1001,5
1382,3283,3
1382,1003,4
1382,440,4
1382,2565,3
1382,3292,4
1382,1010,5
1382,444,4
1382,1012,4
1382,453,4
1382,1152,5
1382,1156,3
1382,1159,5
1382,3455,3
1382,1035,5
1382,1858,2
1382,1859,4
1382,1040,4
1382,717,4
1382,1048,5
1382,1188,3
1382,629,5
1382,1885,4
1382,1888,2
1382,1198,2
1382,2772,3
1382,2774,4
1382,2775,4
1382,747,3
1382,640,2
1382,1334,2
1382,1920,4
1382,1234,3
1382,2815,3
1382,2816,4
1382,1492,3
1382,2953,4
1382,1496,2
1382,2835,2
1382,2221,2
1382,2838,4
1382,1502,4
1382,101,3
1382,1504,5
1382,107,3
1382,2856,2
1382,2247,4
1382,2249,2
1382,3123,3
1382,3124,4
1382,3002,4
1382,3004,5
1382,2269,5
1382,1542,3
1382,3016,3
1382,2289,3
1382,2424,3
1382,3024,2
1382,1672,3
1382,2297,3
1382,2298,5
1382,1681,2
1382,10,4
1382,319,3
1382,1692,4
1382,20,3
1382,327,1
1382,328,4
1382,1698,4
1382,1705,2
1382,335,2
1382,336,5
1382,2598,4
1382,473,3
1382,347,4
1382,487,2
1382,2477,4
1382,3210,3
1382,361,2
1382,1737,3
1382,1738,3
1382,2623,4
1382,1061,5
1382,1748,3
1382,3359,3
1382,2630,1
1382,1751,3
1382,2633,3
1382,951,3
1382,1074,3
1382,1077,4
1382,957,4
1382,2652,2
1382,1091,3
1385,1128,4
1385,1815,1
1385,1146,4
1385,814,3
1385,2324,3
1385,2943,4
1385,2374,5
1385,1637,4
1385,2541,5
1385,440,5
1385,576,4
1385,1010,5
1385,444,5
1385,1646,1
1385,2425,2
1385,2297,5
1385,53,2
1385,1061,4
1385,1747,5
1385,1074,5
1385,1077,5
1388,1786,1
1388,2675,5
1388,5,3
1388,1117,5
1388,557,4
1388,1805,5
1388,1128,5
1388,1815,4
1388,1266,3
1388,1146,5
1388,1151,5
1388,814,5
1388,702,2
1388,710,3
1388,2737,5
1388,1985,5
1388,2745,3
1388,1418,2
1388,2752,4
1388,2008,5
1388,1319,1
1388,2905,4
1388,2161,1
1388,1459,3
1388,3048,4
1388,1469,5
1388,1471,2
1388,3054,3
1388,2324,4
1388,1477,5
1388,1580,3
1388,2336,4
1388,2337,2
1388,232,5
1388,3089,1
1388,251,4
1388,3235,4
1388,257,4
1388,3248,2
1388,403,1
1388,2541,4
1388,430,5
1388,3417,5
1388,1010,5
1388,444,4
1388,3305,2
1388,453,3
1388,1839,3
1388,1156,5
1388,1159,4
1388,1035,4
1388,1166,2
1388,717,4
1388,719,4
1388,1188,5
1388,1193,5
1388,629,4
1388,2774,4
1388,2775,5
1388,1219,4
1388,1220,3
1388,756,3
1388,2048,3
1388,1357,4
1388,2815,5
1388,2816,5
1388,1358,1
1388,1368,1
1388,1502,5
1388,1504,4
1388,2845,5
1388,107,5
1388,3002,5
1388,1646,2
1388,1542,3
1388,1659,2
1388,3149,5
1388,2425,4
1388,10,4
1388,20,3
1388,1698,5
1388,1705,5
1388,336,5
1388,2598,5
1388,480,5
1388,43,1
1388,347,5
1388,1719,3
1388,2477,5
1388,3210,3
1388,1737,5
1388,1738,4
1388,71,5
1388,1748,4
1388,1753,1
1388,951,1
1388,1074,5
1388,1077,5
1388,3509,5
1388,1090,5
1403,3530,3
1403,1117,5
1403,1815,2
1403,1957,3
1403,1146,2
1403,1151,5
1403,805,4
1403,702,1
1403,706,2
1403,2733,2
1403,2737,4
1403,828,2
1403,2747,4
1403,1996,1
1403,2769,2
1403,1459,2
1403,2180,2
1403,3054,3
1403,208,2
1403,1602,1
1403,1618,4
1403,1626,2
1403,1627,2
1403,3120,1
1403,413,3
1403,3418,3
1403,439,1
1403,3427,5
1403,444,3
1403,597,1
1403,1844,3
1403,1035,4
1403,1858,2
1403,626,2
1403,2774,3
1403,1334,3
1403,1220,2
1403,1920,5
1403,1492,3
1403,2084,1
1403,2247,2
1403,3124,3
1403,3129,2
1403,3002,3
1403,1656,1
1403,1542,3
1403,161,2
1403,2297,4
1403,2298,4
1403,174,5
1403,319,2
1403,1705,3
1403,336,3
1403,2598,3
1403,473,5
1403,3332,3
1403,2469,3
1403,487,2
1403,2477,3
1403,1737,3
1403,1738,2
1403,951,3
1403,1074,3
1403,1077,5
1403,522,2
1403,3509,4
1403,1091,4
1403,647,3
1403,533,2
1408,1117,5
1408,1471,3
1408,208,5
1408,3090,5
1408,430,5
1408,453,4
1408,1031,4
1408,3470,5
1408,2815,4
1408,2953,5
1408,107,5
1408,2298,4
1408,2598,4
1408,2477,4
1408,1737,4
1408,1748,3
1408,1071,5
1425,5,5
1425,1800,3
1425,1117,2
1425,557,4
1425,2694,4
1425,1815,4
1425,1828,3
1425,1273,3
1425,811,4
1425,814,5
1425,702,2
1425,823,4
1425,710,3
1425,2733,4
1425,1410,3
1425,1985,3
1425,828,4
1425,1420,3
1425,2133,2
1425,2752,3
1425,2143,3
1425,2008,4
1425,2161,2
1425,3048,4
1425,1469,3
1425,1471,2
1425,2324,3
1425,1475,3
1425,1477,4
1425,208,4
1425,2336,2
1425,2337,2
1425,2503,3
1425,3235,1
1425,258,2
1425,413,3
1425,414,4
1425,430,5
1425,439,2
1425,1010,5
1425,453,4
1425,1836,5
1425,1156,4
1425,1159,5
1425,470,4
1425,1166,2
1425,1211,2
1425,1220,1
1425,1920,4
1425,1358,2
1425,2822,3
1425,1492,3
1425,1500,4
1425,2111,1
1425,3002,5
1425,1659,3
1425,3149,3
1425,3016,4
1425,157,2
1425,2298,4
1425,1557,5
1425,10,3
1425,319,2
1425,20,3
1425,1698,3
1425,911,4
1425,1705,5
1425,333,1
1425,336,5
1425,915,3
1425,2598,5
1425,348,4
1425,1737,3
1425,1742,5
1425,69,2
1425,1748,3
1425,951,5
1425,1074,4
1425,92,2
1425,3509,4
1425,1095,3
1430,453,2
1430,1858,3
1430,523,2
1439,557,3
1439,1146,3
1439,1151,3
1439,1996,2
1439,2170,5
1439,1477,3
1439,3121,3
1439,2561,1
1439,453,4
1439,1040,1
1439,1048,5
1439,1049,4
1439,2774,4
1439,2775,2
1439,2815,2
1439,1358,3
1439,2835,4
1439,107,4
1439,10,2
1439,1692,1
1439,2598,4
1439,1737,4
1439,1071,5
1451,679,4
1451,183,4
1451,1698,4
1451,3509,5
1463,702,4
1463,2737,4
1463,1410,4
1463,2752,4
1463,2324,4
1463,2503,2
1463,413,4
1463,453,5
1463,1839,4
1463,1156,3
1463,1159,3
1463,2065,4
1463,1504,4
1463,2858,4
1463,3149,4
1463,20,3
1463,336,4
1463,347,3
1463,348,4
1463,1074,3
1466,3404,3
1466,2680,4
1466,706,5
1466,208,5
1466,2366,3
1466,2370,3
1466,2527,4
1466,2565,3
1466,453,4
1466,2838,4
1466,101,4
1466,3155,3
1466,2424,4
1466,2298,4
1466,1698,4
1466,3359,4
1471,3530,3
1471,2675,5
1471,1117,3
1471,2694,4
1471,1815,5
1471,1828,3
1471,814,4
1471,702,5
1471,2733,4
1471,1410,5
1471,1418,4
1471,2133,3
1471,2752,4
1471,2927,3
1471,1469,5
1471,1471,3
1471,2324,4
1471,2336,3
1471,2491,4
1471,3235,4
1471,3106,3
1471,3248,3
1471,3413,4
1471,430,5
1471,3283,4
1471,576,3
1471,3305,3
1471,453,4
1471,1839,4
1471,1159,5
1471,1166,3
1471,1339,3
1471,1219,5
1471,1220,2
1471,1358,4
1471,2065,3
1471,2961,4
1471,2858,2
1471,1529,5
1471,2269,4
1471,1656,3
1471,289,3
1471,3149,4
1471,2425,4
1471,20,2
1471,333,3
1471,43,3
1471,348,4
1471,1737,4
1471,1738,4
1471,1742,4
1471,69,2
1471,520,3
1471,1759,3
1471,523,4
1471,92,3
1473,814,3
1473,2753,4
1473,1996,4
1473,1435,4
1473,2894,4
1473,2326,4
1473,208,5
1473,2336,5
1473,1627,4
1473,2389,2
1473,1839,3
1473,1031,4
1473,1219,3
1473,2048,2
1473,2816,5
1473,2269,2
1473,2279,5
1473,1659,2
1473,3149,3
1473,1554,5
1473,2298,5
1473,3355,4
1473,1747,5
1473,3509,3
1486,3404,3
1486,814,5
1486,3083,2
1486,2961,2
1486,2269,3
1486,336,5
1486,71,3
1493,1815,3
1493,814,5
1493,710,4
1493,845,5
1493,2324,4
1493,232,4
1493,1010,5
1493,453,5
1493,1358,4
1493,3155,5
1493,1706,2
1493,1707,1
1493,347,4
1493,1753,4
1493,1074,5
1493,523,5
1493,1090,5
1505,1803,3
1505,557,3
1505,1815,4
1505,814,4
1505,702,2
1505,2733,4
1505,1410,4
1505,1471,2
1505,3054,3
1505,2324,4
1505,1477,4
1505,2336,3
1505,453,2
1505,1048,3
1505,1219,4
1505,2953,5
1505,101,4
1505,1504,4
1505,1646,4
1505,1692,2
1505,473,2
1505,1748,3
1511,2324,2
1511,3235,3
1511,3439,2
1511,453,3
1511,1027,4
1511,3132,2
1511,1705,3
1511,3509,4
1517,1747,4
1521,1471,3
1521,2324,3
1521,2336,4
1521,400,3
1521,576,3
1521,453,3
1521,1158,2
1521,1031,3
1521,1339,3
1521,1219,3
1521,1659,4
1521,3149,4
1521,1747,5
1521,1748,3
1531,1117,5
1531,1435,5
1531,1438,5
1531,2161,1
1531,3048,1
1531,208,5
1531,2514,5
1531,413,5
1531,414,5
1531,440,3
1531,470,5
1531,1027,3
1531,618,4
1531,743,3
1531,1334,1
1531,2838,5
1531,107,5
1531,2298,2
1531,174,5
1531,20,5
1531,328,5
1531,3181,5
1531,336,4
1531,347,5
1531,487,4
1531,523,5
1531,2652,5
1531,1095,5
1536,1435,4
1536,453,4
1536,2961,2
1536,92,3
1536,3511,1
1538,1100,5
1538,823,4
1538,824,4
1538,453,4
1538,1193,4
1538,1698,4
1538,949,4
1545,5,4
1545,1117,4
1545,557,4
1545,1128,4
1545,1260,3
1545,1815,4
1545,1273,2
1545,1146,4
1545,1151,4
1545,702,4
1545,2113,4
1545,1410,3
1545,1985,5
1545,1418,3
1545,2902,3
1545,2913,3
1545,1459,5
1545,3048,4
1545,2927,4
1545,1469,4
1545,2324,4
1545,1477,4
1545,208,3
1545,251,2
1545,1627,2
1545,413,4
1545,423,3
1545,430,4
1545,2565,3
1545,3292,3
1545,453,4
1545,1156,5
1545,1159,5
1545,470,4
1545,1846,2
1545,3470,5
1545,717,5
1545,719,4
1545,1188,3
1545,2774,4
1545,1339,3
1545,1220,3
1545,1228,4
1545,2815,5
1545,1358,1
1545,2065,4
1545,2084,4
1545,1504,3
1545,2247,5
1545,125,1
1545,1529,4
1545,1646,3
1545,1656,4
1545,1542,4
1545,3147,4
1545,2424,3
1545,1552,3
1545,2298,4
1545,10,5
1545,318,3
1545,1692,5
1545,20,2
1545,1698,4
1545,330,4
1545,1705,5
1545,336,4
1545,2598,5
1545,348,3
1545,1737,4
1545,1738,4
1545,71,4
1545,77,2
1545,951,4
1545,520,3
1545,3367,4
1545,1074,5
1545,92,1
1545,3509,5
1549,1117,5
1549,1260,2
1549,2048,5
1550,1103,5
1550,1128,5
1550,1151,5
1550,823,4
1550,2132,4
1550,3054,5
1550,2323,4
1550,232,4
1550,3235,4
1550,3420,3
1550,1156,3
1550,1044,5
1550,1048,5
1550,2815,3
1550,2838,4
1550,1502,4
1550,1504,2
1550,107,4
1550,2856,2
1550,1542,4
1550,2298,4
1550,1557,4
1550,10,1
1550,3338,4
1550,1061,5
1550,951,4
1550,3509,3
1556,710,2
1556,2324,2
1556,1626,4
1556,414,5
1556,453,4
1556,1049,5
1556,1500,4
1556,1504,3
1556,347,1
1556,1742,5
1556,951,5
1558,2693,5
1558,1151,5
1558,814,5
1558,2309,3
1558,3102,3
1558,582,4
1558,1035,5
1558,717,4
1558,1219,2
1558,3149,4
1558,1748,3
1558,1751,3
1558,951,5
1558,1761,4
1560,557,4
1560,1815,3
1560,1132,5
1560,805,5
1560,814,3
1560,2753,5
1560,1435,4
1560,2904,3
1560,2913,3
1560,1477,5
1560,246,4
1560,1627,4
1560,257,5
1560,3418,3
1560,453,2
1560,1159,5
1560,465,5
1560,1207,5
1560,2048,5
1560,1234,4
1560,2816,4
1560,1492,5
1560,1504,5
1560,2856,4
1560,2247,4
1560,2249,4
1560,1672,4
1560,2298,5
1560,319,3
1560,328,4
1560,1698,5
1560,336,4
1560,2598,4
1560,1748,4
1560,957,5
1560,533,5
1564,1117,4
1564,1131,5
1564,413,4
1564,444,4
1564,1031,4
1564,1048,4
1564,1492,4
1564,2247,4
1564,2298,4
1564,328,4
1564,336,4
1564,347,4
1568,1261,5
1568,1132,4
1568,1151,5
1568,814,4
1568,2882,4
1568,257,5
1568,978,4
1568,1001,5
1568,1040,5
1568,1048,5
1568,1207,5
1568,2819,4
1568,2953,5
1568,107,5
1568,3002,4
1568,2421,5
1568,3155,4
1568,2600,5
1568,1061,5
1568,1071,5
1569,1100,4
1569,2702,3
1569,1151,4
1569,814,4
1569,717,5
1569,1920,5
1569,1529,2
1569,152,4
1569,330,2
1579,1117,3
1579,811,4
1579,453,4
1579,1159,4
1579,717,4
1579,152,3
1579,1719,4
1581,2680,5
1581,2514,1
1581,430,2
1581,1859,5
1581,1504,5
1588,453,3
1588,1027,3
1588,1358,3
1588,1659,4
1588,3149,4
1588,1707,2
1588,523,4
1588,3509,4
1590,1803,5
1590,1260,3
1590,2701,5
1590,2709,4
1590,1828,4
1590,1151,5
1590,702,4
1590,2862,4
1590,1410,4
1590,2913,5
1590,1459,4
1590,2180,4
1590,2309,5
1590,3048,5
1590,1469,5
1590,1471,4
1590,3054,5
1590,2324,4
1590,2336,4
1590,2337,3
1590,257,5
1590,3120,3
1590,3121,4
1590,2389,4
1590,430,5
1590,3417,5
1590,1003,4
1590,2561,3
1590,453,5
1590,1839,4
1590,1159,3
1590,1844,5
1590,3470,5
1590,1048,5
1590,2772,5
1590,2774,5
1590,1207,5
1590,1219,5
1590,1228,5
1590,2819,5
1590,2065,4
1590,107,5
1590,2856,3
1590,3124,5
1590,3129,3
1590,3002,5
1590,3147,3
1590,1692,5
1590,20,5
1590,1698,5
1590,330,5
1590,1705,3
1590,915,3
1590,2598,5
1590,480,5
1590,348,4
1590,3332,5
1590,3338,5
1590,1737,4
1590,3348,3
1590,1738,3
1590,1748,4
1590,1071,5
1590,1074,5
1590,957,4
1590,1091,5
1604,1792,3
1604,3404,4
1604,549,3
1604,2675,3
1604,5,3
1604,1117,4
1604,557,3
1604,1805,5
1604,1815,5
1604,1132,4
1604,2709,4
1604,1955,4
1604,1151,4
1604,810,4
1604,811,4
1604,814,5
1604,1286,3
1604,702,4
1604,710,3
1604,827,4
1604,1985,4
1604,828,3
1604,2128,2
1604,1988,4
1604,1418,3
1604,1420,4
1604,2750,3
1604,2132,4
1604,2133,4
1604,2885,3
1604,2753,4
1604,1429,4
1604,1310,3
1604,850,4
1604,2143,4
1604,1435,5
1604,2152,3
1604,2153,4
1604,2902,4
1604,2905,4
1604,2161,2
1604,2913,3
1604,2917,3
1604,1457,2
1604,3043,4
1604,3048,4
1604,2927,3
1604,1469,4
1604,3054,3
1604,2324,3
1604,1475,5
1604,1477,3
1604,208,3
1604,2337,2
1604,232,4
1604,3215,4
1604,2492,4
1604,3089,3
1604,3090,3
1604,1615,4
1604,1618,3
1604,246,4
1604,251,4
1604,3235,4
1604,3106,4
1604,2514,3
1604,1627,4
1604,257,3
1604,258,3
1604,262,4
1604,265,3
1604,2389,2
1604,1638,2
1604,403,1
1604,2527,3
1604,978,4
1604,2530,2
1604,2531,4
1604,413,3
1604,414,5
1604,423,3
1604,425,3
1604,430,3
1604,1003,4
1604,2561,2
1604,439,3
1604,2565,3
1604,1010,4
1604,582,4
1604,444,3
1604,3439,2
1604,1012,2
1604,453,4
1604,1152,4
1604,3451,3
1604,1159,4
1604,598,4
1604,470,5
1604,1846,2
1604,3455,3
1604,1859,4
1604,1040,4
1604,1176,4
1604,717,2
1604,719,4
1604,1188,3
1604,1888,4
1604,1204,3
1604,2775,4
1604,1211,3
1604,1334,4
1604,1339,3
1604,1220,3
1604,756,4
1604,2796,3
1604,2048,4
1604,1241,3
1604,1357,4
1604,2815,5
1604,2816,4
1604,2819,4
1604,2065,4
1604,2221,3
1604,1500,3
1604,1502,3
1604,101,3
1604,1504,4
1604,2845,4
1604,2093,2
1604,2094,2
1604,2247,4
1604,2858,3
1604,2111,4
1604,2249,3
1604,1528,2
1604,3002,3
1604,1646,4
1604,2269,4
1604,1537,4
1604,287,2
1604,1542,4
1604,289,4
1604,295,4
1604,157,2
1604,3155,4
1604,3024,2
1604,2298,3
1604,1557,3
1604,307,3
1604,168,3
1604,172,3
1604,174,4
1604,10,4
1604,319,4
1604,18,2
1604,900,4
1604,19,3
1604,3181,4
1604,1698,4
1604,911,3
1604,912,3
1604,2458,3
1604,330,3
1604,1705,4
1604,1706,3
1604,333,4
1604,336,4
1604,915,3
1604,2461,3
1604,2598,4
1604,473,4
1604,348,3
1604,1719,3
1604,934,3
1604,1730,2
1604,361,4
1604,3351,3
1604,1742,5
1604,2623,3
1604,1061,4
1604,1748,2
1604,2630,2
1604,1751,4
1604,951,4
1604,85,3
1604,1759,3
1604,1077,4
1604,91,4
1604,643,2
1604,533,3
1604,1095,4
1610,3530,4
1610,3404,5
1610,2675,4
1610,2680,4
1610,5,4
1610,2693,5
1610,1815,4
1610,1955,3
1610,814,4
1610,823,5
1610,706,4
1610,1410,5
1610,1985,5
1610,1986,3
1610,2122,4
1610,2132,4
1610,2133,4
1610,1435,5
1610,2157,3
1610,2902,3
1610,2161,1
1610,2170,4
1610,2917,4
1610,2173,1
1610,2176,3
1610,2324,5
1610,1580,1
1610,208,5
1610,2492,4
1610,3089,4
1610,2503,3
1610,3102,4
1610,246,4
1610,2514,1
1610,1627,4
1610,2389,4
1610,2527,3
1610,273,2
1610,2541,5
1610,430,4
1610,2565,3
1610,576,3
1610,3301,4
1610,3305,2
1610,453,3
1610,3444,3
1610,1839,4
1610,592,2
1610,1852,4
1610,3470,4
1610,618,4
1610,1188,4
1610,1198,3
1610,739,2
1610,2772,4
1610,1219,2
1610,1220,4
1610,757,2
1610,2813,4
1610,2815,5
1610,2816,5
1610,2065,3
1610,1368,1
1610,2076,4
1610,2077,4
1610,2961,4
1610,1500,2
1610,101,5
1610,2093,2
1610,2094,1
1610,2249,3
1610,125,1
1610,1529,3
1610,1646,4
1610,2269,5
1610,1656,3
1610,3149,4
1610,1557,5
1610,172,3
1610,18,1
1610,911,4
1610,912,1
1610,1705,5
1610,1706,2
1610,333,5
1610,915,4
1610,2461,2
1610,1707,3
1610,1719,4
1610,1720,2
1610,1721,2
1610,1737,4
1610,1738,3
1610,1742,4
1610,1747,5
1610,951,5
1610,1074,4
1610,3375,2
1610,523,5
1610,3509,5
1610,3511,5
1610,2650,2
1610,2652,2
1615,2675,5
1615,5,5
1615,1117,3
1615,1128,4
1615,1815,3
1615,1266,4
1615,702,3
1615,710,1
1615,1410,4
1615,1418,1
1615,1420,5
1615,2752,1
1615,2143,3
1615,2917,2
1615,3048,2
1615,2927,1
1615,1471,1
1615,2324,4
1615,2503,3
1615,3235,5
1615,2514,4
1615,2389,2
1615,414,4
1615,430,3
1615,453,2
1615,1858,1
1615,1220,2
1615,1228,2
1615,765,1
1615,2065,3
1615,2838,5
1615,1528,4
1615,1656,5
1615,1542,4
1615,153,3
1615,3149,3
1615,20,2
1615,1705,5
1615,333,2
1615,336,3
1615,2598,4
1615,473,2
1615,480,4
1615,347,1
1615,348,4
1615,1737,3
1615,3348,4
1615,1738,3
1615,1748,2
1615,1074,1
1615,522,2
1619,2774,5
1619,1219,4
1619,1737,4
1619,2632,4
1626,1294,5
1626,2894,2
1626,3235,4
1626,453,4
1626,2963,3
1626,3132,2
1626,3137,1
1626,1072,5
1627,3404,2
1627,2675,5
1627,5,4
1627,1117,3
1627,557,4
1627,2693,3
1627,2694,4
1627,702,2
1627,1410,4
1627,1985,4
1627,2874,2
1627,2133,2
1627,1996,3
1627,850,5
1627,1435,4
1627,2905,2
1627,2913,2
1627,3048,3
1627,2927,2
1627,1469,4
1627,1471,4
1627,3054,5
1627,2324,5
1627,1477,4
1627,208,5
1627,2336,4
1627,232,4
1627,3095,5
1627,2503,1
1627,3102,4
1627,381,2
1627,1627,4
1627,257,2
1627,2389,3
1627,978,5
1627,413,2
1627,414,5
1627,430,4
1627,1010,4
1627,444,2
1627,453,5
1627,1159,5
1627,1027,3
1627,1035,3
1627,1166,4
1627,3470,4
1627,1044,3
1627,717,5
1627,1048,5
1627,618,3
1627,1188,3
1627,626,3
1627,2774,3
1627,2775,4
1627,1219,4
1627,1220,4
1627,1920,4
1627,2042,5
1627,1234,4
1627,2815,3
1627,2816,4
1627,1358,3
1627,1368,1
1627,2838,3
1627,1502,5
1627,101,4
1627,1504,5
1627,107,5
1627,1528,2
1627,3002,5
1627,1656,2
1627,1542,3
1627,153,2
1627,2298,4
1627,20,4
1627,328,4
1627,1698,5
1627,1705,4
1627,333,3
1627,2598,5
1627,480,2
1627,43,2
1627,348,3
1627,487,4
1627,1738,5
1627,1061,5
1627,3359,3
1627,1072,3
1627,951,4
1627,523,4
1627,91,4
1627,92,2
1627,533,5
1637,1100,3
1637,814,5
1637,3086,5
1637,1010,5
1637,717,4
1637,1048,5
1637,3155,4
1651,251,4
1651,453,3
1651,1027,3
1651,1504,4
1651,523,3
1651,92,2
1653,1103,5
1653,1132,5
1653,3048,5
1653,1469,5
1653,1048,4
1653,2819,5
1653,107,5
1653,3137,3
1653,1698,4
1653,343,5
1653,2600,5
1653,3509,3
1653,3389,5
1658,208,1
1658,3235,3
1658,453,4
1658,1358,3
1658,2111,4
1658,3155,3
1658,18,4
1658,1706,1
1658,1707,1
1658,523,5
1665,5,4
1665,1117,4
1665,557,5
1665,2694,4
1665,1955,4
1665,702,3
1665,710,3
1665,1410,4
1665,1986,4
1665,1988,3
1665,1418,3
1665,1420,3
1665,2752,3
1665,1429,3
1665,2143,3
1665,1435,4
1665,2902,3
1665,2905,4
1665,2913,4
1665,2927,3
1665,2928,4
1665,1471,3
1665,2324,2
1665,1477,4
1665,208,4
1665,3086,1
1665,2492,3
1665,3095,5
1665,2370,3
1665,251,5
1665,2523,2
1665,2527,3
1665,413,3
1665,414,3
1665,423,3
1665,430,4
1665,2565,3
1665,444,4
1665,3305,3
1665,453,4
1665,1156,5
1665,1035,4
1665,1859,3
1665,1040,4
1665,719,4
1665,1188,4
1665,629,3
1665,2774,4
1665,1334,2
1665,1339,4
1665,2048,3
1665,2813,3
1665,2815,3
1665,2816,4
1665,1368,2
1665,2838,3
1665,1500,4
1665,1504,4
1665,3123,3
1665,3132,2
1665,1656,3
1665,153,4
1665,3149,4
1665,1548,3
1665,157,2
1665,3155,2
1665,10,3
1665,178,2
1665,19,3
1665,20,4
1665,1698,4
1665,912,4
1665,330,4
1665,336,5
1665,2461,3
1665,480,4
1665,347,2
1665,348,3
1665,934,3
1665,363,3
1665,1737,4
1665,2633,3
1665,86,3
1665,91,4
1665,2652,2
1665,647,4
1672,1828,4
1672,702,5
1672,710,3
1672,2324,3
1672,1477,5
1672,1580,5
1672,2336,5
1672,2337,5
1672,243,3
1672,2389,4
1672,453,5
1672,1839,5
1672,1219,4
1672,1358,5
1672,2076,3
1672,101,5
1672,1504,4
1672,336,4
1676,2680,4
1676,2324,5
1676,208,5
1676,2514,4
1676,2565,4
1676,1220,1
1676,2249,3
1676,2410,1
1676,2424,5
1678,2680,4
1678,208,5
1678,3235,4
1678,2514,4
1678,2389,4
1678,2527,3
1678,2565,3
1678,453,5
1678,2838,4
1678,2249,3
1678,2409,3
1678,1659,4
1678,2297,4
1678,2298,4
1678,2461,3
1688,557,3
1688,710,3
1688,1410,4
1688,1471,3
1688,2324,3
1688,400,3
1688,576,4
1688,453,5
1688,1839,4
1688,1846,2
1688,1188,3
1688,1219,4
1688,1220,3
1688,2425,3
1688,347,4
1688,1742,3
1688,951,4
1688,1093,2
1698,1100,5
1698,1103,5
1698,1934,5
1698,1117,5
1698,2693,5
1698,1131,3
1698,2709,4
1698,805,5
1698,811,5
1698,814,4
1698,823,4
1698,828,5
1698,830,3
1698,841,5
1698,845,5
1698,850,5
1698,2913,4
1698,1459,4
1698,3048,4
1698,1469,4
1698,3054,5
1698,1477,4
1698,208,3
1698,232,5
1698,3095,5
1698,3101,5
1698,1627,4
1698,257,4
1698,3121,4
1698,978,5
1698,2541,3
1698,414,3
1698,430,4
1698,3417,4
1698,3418,4
1698,2555,4
1698,1001,4
1698,444,5
1698,2580,4
1698,1159,4
1698,465,4
1698,1027,4
1698,1035,4
1698,1040,4
1698,1044,5
1698,1193,5
1698,1920,5
1698,107,5
1698,3002,5
1698,3004,5
1698,289,2
1698,1659,3
1698,2421,5
1698,174,3
1698,1681,5
1698,20,4
1698,328,3
1698,2598,5
1698,343,5
1698,2600,4
1698,2477,4
1698,3338,5
1698,2612,4
1698,1061,4
1698,1747,5
1698,1071,5
1698,951,5
1698,1074,4
1698,523,5
1698,3509,5
1698,1091,5
1702,2389,4
1702,453,2
1702,1662,5
1702,1698,4
1702,1706,4
1715,3404,4
1715,2680,4
1715,1117,4
1715,702,3
1715,1985,4
1715,1420,3
1715,2753,5
1715,2008,4
1715,1435,2
1715,2905,4
1715,2161,1
1715,3048,4
1715,2324,2
1715,1475,4
1715,1477,4
1715,2366,3
1715,258,4
1715,2565,3
1715,453,4
1715,1859,4
1715,2048,5
1715,2815,4
1715,2816,4
1715,2822,3
1715,2838,3
1715,1646,4
1715,2409,2
1715,1542,4
1715,289,4
1715,20,1
1715,330,3
1715,336,4
1715,2461,3
1715,347,3
1715,1748,4
1715,3359,3
1721,3530,5
1721,2162,4
1721,2170,5
1721,2917,4
1721,2309,4
1721,2346,4
1721,2347,4
1721,3102,3
1721,400,5
1721,3266,5
1721,3268,4
1721,576,4
1721,3301,3
1721,453,4
1721,3444,3
1721,1852,4
1721,1031,4
1721,1186,4
1721,1883,3
1721,1193,5
1721,626,4
1721,1219,3
1721,2221,4
1721,2409,2
1721,153,5
1721,3149,5
1721,2584,5
1721,2585,4
1721,1707,4
1721,2469,4
1721,1719,4
1721,1720,4
1721,1747,5
1732,655,3
1732,1107,5
1732,3404,3
1732,2675,4
1732,5,5
1732,1117,3
1732,2693,4
1732,1808,3
1732,1128,4
1732,1131,5
1732,679,3
1732,1815,3
1732,2702,4
1732,805,4
1732,814,4
1732,702,3
1732,706,3
1732,710,3
1732,2862,4
1732,1410,3
1732,1294,4
1732,2752,2
1732,2753,4
1732,1310,3
1732,1435,5
1732,2894,4
1732,2162,2
1732,2170,4
1732,2917,3
1732,2173,1
1732,2176,3
1732,3048,4
1732,1471,3
1732,3054,4
1732,2324,3
1732,1477,5
1732,208,5
1732,1602,3
1732,232,4
1732,2499,4
1732,2366,3
1732,3102,4
1732,2370,2
1732,1618,3
1732,381,3
1732,3235,3
1732,2514,3
1732,1626,4
1732,3121,4
1732,400,3
1732,2389,3
1732,2527,4
1732,2531,3
1732,3260,2
1732,414,5
1732,3268,3
1732,430,3
1732,3418,4
1732,2555,4
1732,2563,3
1732,576,3
1732,2569,4
1732,1010,5
1732,3301,3
1732,3304,3
1732,3305,3
1732,453,4
1732,3444,3
1732,1156,4
1732,1158,2
1732,465,4
1732,3455,4
1732,1852,3
1732,1031,4
1732,1166,5
1732,3470,4
1732,1044,5
1732,717,4
1732,1048,4
1732,1049,4
1732,1188,4
1732,1883,3
1732,1193,4
1732,626,3
1732,1334,3
1732,1905,5
1732,1339,2
1732,1220,3
1732,754,4
1732,757,2
1732,1920,4
1732,2042,5
1732,1234,4
1732,765,3
1732,1358,2
1732,2819,4
1732,2065,3
1732,779,2
1732,781,3
1732,1492,5
1732,2833,5
1732,2221,2
1732,2838,3
1732,1500,2
1732,2841,2
1732,1502,5
1732,101,3
1732,2845,5
1732,107,3
1732,2111,2
1732,2249,3
1732,1529,3
1732,3132,2
1732,3002,5
1732,3004,4
1732,1656,3
1732,153,3
1732,1659,4
1732,3149,4
1732,3016,5
1732,293,2
1732,295,4
1732,1548,4
1732,157,3
1732,163,4
1732,1552,3
1732,2297,3
1732,2298,5
1732,307,2
1732,171,4
1732,174,4
1732,2584,4
1732,1705,4
1732,333,5
1732,336,3
1732,3188,2
1732,347,2
1732,3332,5
1732,1719,5
1732,1720,3
1732,1721,2
1732,487,3
1732,3338,4
1732,934,4
1732,1730,2
1732,3348,4
1732,1742,3
1732,3355,3
1732,69,2
1732,1748,4
1732,3359,3
1732,2632,5
1732,1071,5
1732,1072,5
1732,951,3
1732,3506,2
1732,2640,5
1732,522,3
1732,523,3
1732,3509,4
1732,2652,4
1732,533,4
1732,1093,5
1732,3389,5
1736,2680,4
1736,1117,4
1736,557,2
1736,679,4
1736,2694,4
1736,1260,4
1736,2701,3
1736,1955,5
1736,1828,2
1736,1273,4
1736,702,5
1736,706,1
1736,1410,5
1736,1985,4
1736,1986,4
1736,2122,4
1736,2128,4
1736,1418,4
1736,2132,4
1736,2133,3
1736,2752,4
1736,2008,4
1736,1435,4
1736,1319,1
1736,2902,4
1736,2905,3
1736,2161,3
1736,2162,4
1736,2917,4
1736,2176,4
1736,1459,4
1736,2309,3
1736,3048,3
1736,2927,4
1736,2183,3
1736,1469,3
1736,1471,5
1736,2324,3
1736,1477,5
1736,1580,4
1736,208,4
1736,3072,4
1736,2336,4
1736,2337,3
1736,2349,1
1736,1599,3
1736,1602,3
1736,2370,3
1736,251,2
1736,2514,4
1736,1626,3
1736,262,3
1736,400,3
1736,2389,4
1736,2527,3
1736,983,3
1736,413,4
1736,414,3
1736,430,5
1736,1003,3
1736,439,4
1736,2565,4
1736,576,5
1736,3439,4
1736,3304,2
1736,3305,4
1736,453,5
1736,462,3
1736,1839,5
1736,1852,3
1736,1166,4
1736,1859,4
1736,3470,3
1736,719,4
1736,1188,3
1736,1883,3
1736,626,5
1736,1204,3
1736,1327,3
1736,1334,4
1736,1339,4
1736,1219,5
1736,1220,4
1736,757,3
1736,2037,4
1736,1228,4
1736,2815,5
1736,1358,4
1736,2065,4
1736,1368,3
1736,779,2
1736,1496,1
1736,2835,3
1736,2221,4
1736,2961,4
1736,2838,1
1736,1500,4
1736,2088,4
1736,101,5
1736,1504,4
1736,2093,2
1736,2094,2
1736,2247,3
1736,2858,4
1736,2111,3
1736,2249,4
1736,1521,4
1736,2255,2
1736,1528,3
1736,1529,4
1736,2409,3
1736,1656,4
1736,1542,5
1736,153,5
1736,2410,2
1736,3147,3
1736,3149,5
1736,157,3
1736,2424,4
1736,2425,4
1736,3024,2
1736,1552,4
1736,2297,3
1736,2298,4
1736,307,2
1736,168,3
1736,172,4
1736,10,4
1736,178,3
1736,318,4
1736,319,3
1736,18,3
1736,19,4
1736,20,2
1736,2585,2
1736,2586,2
1736,1698,3
1736,912,4
1736,330,4
1736,1706,3
1736,335,3
1736,336,5
1736,2598,5
1736,1707,3
1736,473,4
1736,480,4
1736,43,4
1736,347,4
1736,348,4
1736,1720,2
1736,1721,3
1736,1730,3
1736,1737,4
1736,3348,4
1736,1738,4
1736,1748,5
1736,2630,3
1736,2633,2
1736,520,4
1736,86,3
1736,1074,5
1736,1761,4
1736,3374,3
1736,957,4
1736,523,2
1736,92,5
1736,2650,3
1736,2652,2
1747,1100,4
1747,1934,4
1747,2680,3
1747,5,3
1747,1800,4
1747,1117,4
1747,557,4
1747,1128,4
1747,2701,4
1747,1957,5
1747,1828,3
1747,1146,4
1747,1151,4
1747,805,4
1747,814,5
1747,702,3
1747,823,5
1747,824,4
1747,2862,4
1747,2733,4
1747,2737,4
1747,1410,4
1747,1985,4
1747,828,3
1747,2122,4
1747,1418,4
1747,841,3
1747,2752,3
1747,845,4
1747,850,4
1747,2886,4
1747,1430,4
1747,2894,3
1747,873,2
1747,1457,3
1747,2178,3
1747,2186,3
1747,1469,4
1747,1471,3
1747,3054,3
1747,2324,3
1747,2492,3
1747,3090,5
1747,1604,4
1747,3095,3
1747,2514,3
1747,3120,3
1747,265,4
1747,3266,4
1747,2541,3
1747,413,3
1747,430,4
1747,3417,4
1747,3420,4
1747,3421,3
1747,2555,4
1747,453,4
1747,1156,4
1747,1159,3
1747,3452,4
1747,593,5
1747,1025,4
1747,1844,3
1747,3455,3
1747,1852,4
1747,1027,3
1747,1166,2
1747,717,4
1747,1048,3
1747,629,4
1747,1198,3
1747,2774,4
1747,1339,4
1747,1219,4
1747,1913,3
1747,1920,4
1747,1921,3
1747,1228,4
1747,2048,3
1747,2813,5
1747,1358,3
1747,2819,3
1747,2065,4
1747,781,3
1747,2953,4
1747,2831,3
1747,2963,3
1747,2084,3
1747,1504,3
1747,2980,3
1747,1529,4
1747,3002,4
1747,3004,3
1747,2269,3
1747,1542,3
1747,152,4
1747,153,3
1747,3144,3
1747,3149,3
1747,3016,5
1747,295,3
1747,2424,3
1747,2298,4
1747,1677,5
1747,2433,3
1747,1681,4
1747,10,3
1747,319,3
1747,1698,3
1747,1705,3
1747,336,4
1747,3321,4
1747,2598,3
1747,2477,5
1747,3338,4
1747,363,4
1747,1737,4
1747,1738,4
1747,1061,4
1747,949,4
1747,69,3
1747,2630,1
1747,520,3
1747,85,4
1747,1074,3
1747,1767,1
1747,2656,3
1750,3235,4
1750,439,5
1750,453,5
1750,1504,5
1751,2675,2
1751,5,4
1751,1117,4
1751,557,4
1751,2693,3
1751,2694,4
1751,1815,4
1751,1828,3
1751,1146,3
1751,1151,4
1751,814,5
1751,702,3
1751,823,4
1751,2862,3
1751,1985,5
1751,2122,4
1751,2752,4
1751,1430,5
1751,1435,3
1751,2905,5
1751,1459,4
1751,3048,4
1751,2927,4
1751,1469,5
1751,1471,4
1751,2324,3
1751,2336,5
1751,2337,2
1751,232,4
1751,246,3
1751,1627,4
1751,257,4
1751,2389,3
1751,413,3
1751,430,4
1751,2555,5
1751,2563,3
1751,576,5
1751,1010,4
1751,3305,3
1751,453,5
1751,1156,4
1751,1159,3
1751,1844,4
1751,1846,4
1751,3455,4
1751,1035,3
1751,3470,5
1751,717,3
1751,618,4
1751,626,5
1751,629,4
1751,2774,4
1751,1219,4
1751,1220,2
1751,1920,2
1751,2815,4
1751,2816,3
1751,2819,4
1751,2838,4
1751,1502,4
1751,2088,4
1751,1504,4
1751,107,5
1751,153,2
1751,3147,5
1751,1659,5
1751,3149,4
1751,1554,5
1751,20,3
1751,1705,5
1751,333,4
1751,336,5
1751,2598,5
1751,480,4
1751,347,4
1751,1737,5
1751,1738,3
1751,1748,4
1751,520,2
1751,523,4
1751,91,1
1751,3509,5
1751,533,5
1762,1117,4
1762,453,3
1762,3470,3
1762,336,3
1762,2598,4
1762,1074,4
1769,2128,3
1769,1003,3
1769,1159,4
1769,1176,3
1769,1883,2
1769,1885,3
1769,3147,3
1769,2425,3
1769,3024,1
1769,2598,4
1769,1737,4
1769,3348,3
1769,1738,4
1769,1748,3
1769,1074,5
1780,710,2
1780,2917,4
1780,2336,2
1780,2349,1
1780,243,3
1780,3102,2
1780,258,3
1780,576,1
1780,172,4
1780,347,3
1780,2469,3
1780,1719,5
1780,1742,3
1780,951,5
1780,529,3
1785,1100,5
1785,3530,4
1785,2894,5
1785,3086,4
1785,1027,4
1785,3137,4
1785,3181,3
1785,523,4
1791,2680,2
1791,1985,4
1791,3086,3
1791,232,4
1791,2565,5
1791,1504,4
1791,3155,3
1791,3181,3
1791,336,4
1793,3404,2
1793,5,4
1793,1117,4
1793,557,4
1793,2694,1
1793,1266,2
1793,1955,3
1793,1828,1
1793,811,3
1793,702,2
1793,1410,3
1793,1985,4
1793,1986,3
1793,1418,1
1793,2752,2
1793,1435,2
1793,2905,5
1793,1459,4
1793,3048,2
1793,2927,1
1793,1469,4
1793,3054,3
1793,2324,1
1793,1475,2
1793,1477,3
1793,208,2
1793,3102,1
1793,3235,3
1793,2514,1
1793,265,1
1793,2389,1
1793,1637,2
1793,2527,1
1793,2530,2
1793,413,2
1793,430,4
1793,440,1
1793,2565,2
1793,3305,2
1793,453,4
1793,1159,5
1793,1846,1
1793,1166,2
1793,3470,4
1793,1048,3
1793,1188,2
1793,1339,2
1793,1219,4
1793,1220,1
1793,1228,4
1793,2048,2
1793,2815,3
1793,2816,2
1793,1358,2
1793,2065,2
1793,1368,1
1793,1492,2
1793,1500,2
1793,1504,2
1793,2249,2
1793,1529,2
1793,1656,2
1793,152,1
1793,153,2
1793,1659,2
1793,3149,2
1793,2424,3
1793,2298,2
1793,178,2
1793,319,2
1793,1698,4
1793,912,3
1793,330,2
1793,1705,4
1793,333,3
1793,336,5
1793,2461,1
1793,2598,4
1793,473,1
1793,480,3
1793,361,2
1793,1737,4
1793,1738,4
1793,1742,4
1793,2634,4
1793,1072,4
1793,520,3
1793,1759,1
1793,1761,2
1793,522,2
1793,92,2
1793,2652,1
1800,2008,4
1800,2170,3
1800,3048,4
1800,251,5
1800,453,4
1800,1358,4
1802,5,4
1802,1117,3
1802,557,4
1802,679,2
1802,2694,3
1802,1266,3
1802,1828,3
1802,1273,3
1802,702,4
1802,1410,4
1802,1985,4
1802,1418,4
1802,3048,4
1802,2927,4
1802,1471,4
1802,2324,4
1802,1580,3
1802,1602,4
1802,3102,4
1802,381,3
1802,3235,4
1802,2514,4
1802,1626,4
1802,400,3
1802,2389,3
1802,430,4
1802,444,2
1802,3305,3
1802,453,5
1802,1166,4
1802,1858,2
1802,2775,4
1802,1211,3
1802,1339,3
1802,1220,4
1802,757,3
1802,1225,3
1802,2815,5
1802,1358,4
1802,2065,4
1802,1368,2
1802,2838,4
1802,1500,3
1802,101,4
1802,2247,3
1802,1529,4
1802,1656,3
1802,153,4
1802,1548,4
1802,1552,3
1802,168,2
1802,19,4
1802,20,4
1802,1706,3
1802,333,4
1802,336,5
1802,3188,1
1802,1707,2
1802,473,4
1802,477,2
1802,43,3
1802,347,4
1802,348,4
1802,487,3
1802,523,3
1802,92,4
1802,2652,2
1803,5,5
1803,557,5
1803,814,4
1803,1420,3
1803,1435,5
1803,2324,3
1803,208,2
1803,2336,5
1803,251,5
1803,258,2
1803,2555,3
1803,453,4
1803,470,5
1803,1219,5
1803,2048,2
1803,1358,2
1803,2249,2
1803,3137,2
1803,152,5
1803,10,4
1803,480,3
1803,1061,5
1803,1759,3
1811,1786,3
1811,1792,2
1811,3404,3
1811,1117,4
1811,1803,2
1811,557,4
1811,1131,5
1811,679,3
1811,2694,5
1811,1815,2
1811,1955,4
1811,1828,4
1811,1146,5
1811,1151,5
1811,810,5
1811,811,5
1811,814,4
1811,702,1
1811,706,4
1811,1977,5
1811,1985,1
1811,2122,1
1811,2128,3
1811,2132,4
1811,2133,4
1811,2752,3
1811,2753,5
1811,1996,3
1811,2008,4
1811,1435,5
1811,1438,3
1811,2902,3
1811,2161,5
1811,875,4
1811,2303,5
1811,2917,4
1811,1459,4
1811,2178,5
1811,2309,5
1811,3048,4
1811,2927,5
1811,2183,2
1811,1469,4
1811,3054,5
1811,2324,4
1811,1475,5
1811,1477,5
1811,3066,3
1811,208,3
1811,2336,4
1811,2337,4
1811,2499,5
1811,2503,2
1811,2366,4
1811,2370,1
1811,1618,4
1811,2514,4
1811,1627,5
1811,257,5
1811,3248,5
1811,1637,5
1811,2541,5
1811,413,5
1811,423,5
1811,430,3
1811,3283,3
1811,1003,2
1811,439,1
1811,3427,5
1811,1010,4
1811,3439,4
1811,1012,4
1811,3305,5
1811,453,4
1811,462,4
1811,1839,5
1811,1159,4
1811,470,5
1811,1846,5
1811,3455,4
1811,1035,3
1811,1166,3
1811,1858,4
1811,3470,1
1811,1048,5
1811,618,4
1811,3487,4
1811,1193,5
1811,2772,4
1811,2774,3
1811,2775,4
1811,1334,2
1811,1905,4
1811,1219,5
1811,1220,4
1811,2048,5
1811,765,3
1811,2813,5
1811,2815,5
1811,1358,4
1811,2065,3
1811,779,5
1811,1492,5
1811,2216,4
1811,2835,5
1811,2221,4
1811,2084,5
1811,2088,5
1811,2093,1
1811,2094,1
1811,2247,2
1811,2858,3
1811,2111,1
1811,1646,4
1811,1656,3
1811,2279,4
1811,2410,2
1811,3147,1
1811,1659,5
1811,3149,5
1811,3155,3
1811,2424,5
1811,2298,5
1811,307,5
1811,172,4
1811,319,4
1811,1692,4
1811,20,4
1811,1698,3
1811,1705,5
1811,333,5
1811,336,4
1811,915,3
1811,2598,5
1811,473,4
1811,1720,1
1811,487,4
1811,1737,3
1811,3348,5
1811,1738,3
1811,1742,2
1811,1748,5
1811,3359,2
1811,1751,5
1811,2634,3
1811,951,4
1811,1759,5
1811,1074,4
1811,957,5
1811,522,5
1811,3509,3
1811,1773,3
1811,1095,5
1830,2680,3
1830,1435,5
1830,208,4
1830,2366,1
1830,2370,2
1830,381,2
1830,2514,2
1830,2389,3
1830,2527,3
1830,2565,3
1830,1334,3
1830,2838,4
1830,2249,2
1830,2409,3
1830,2297,3
1830,2298,4
1830,2461,3
1830,3359,3
1837,3235,2
1837,2961,3
1837,3132,1
1837,3155,3
1837,1705,3
1844,1117,3
1844,2693,4
1844,2694,2
1844,706,2
1844,2132,2
1844,1996,3
1844,1997,4
1844,2905,2
1844,2913,3
1844,3048,3
1844,208,3
1844,232,4
1844,1627,3
1844,257,2
1844,2389,2
1844,414,3
1844,444,5
1844,456,2
1844,465,4
1844,470,4
1844,1846,4
1844,1031,5
1844,1035,5
1844,629,4
1844,1211,2
1844,747,3
1844,1334,3
1844,1220,2
1844,754,5
1844,1492,5
1844,2838,3
1844,1502,5
1844,107,4
1844,1528,2
1844,1656,2
1844,287,2
1844,1542,3
1844,289,5
1844,163,3
1844,2298,4
1844,174,3
1844,10,3
1844,314,4
1844,319,1
1844,20,3
1844,328,5
1844,480,3
1844,2623,3
1844,94,4
1845,2693,3
1845,2143,3
1845,1469,3
1845,1010,5
1845,717,4
1845,629,5
1845,2835,4
1845,3149,4
1845,172,3
1845,1705,3
1845,3509,5
1846,1100,5
1846,2143,1
1846,232,5
1846,1035,5
1846,629,4
1846,1502,4
1849,1815,5
1849,2008,4
1849,3235,4
1849,453,5
1849,1836,2
1849,1646,4
1849,911,4
1849,523,4
1850,1100,5
1850,1103,5
1850,1107,3
1850,549,3
1850,1117,3
1850,679,2
1850,1828,2
1850,702,3
1850,710,3
1850,1410,2
1850,1985,2
1850,2122,2
1850,2143,3
1850,1435,4
1850,2161,1
1850,2917,2
1850,2928,3
1850,1471,2
1850,2324,3
1850,208,5
1850,2336,3
1850,2337,1
1850,3086,3
1850,232,4
1850,243,1
1850,2366,3
1850,381,3
1850,251,4
1850,2514,3
1850,257,3
1850,260,2
1850,3248,2
1850,2389,1
1850,2527,3
1850,3268,2
1850,430,3
1850,439,2
1850,2565,2
1850,576,4
1850,3305,2
1850,453,2
1850,1839,4
1850,3455,3
1850,1031,3
1850,1166,2
1850,618,3
1850,1883,1
1850,1193,3
1850,626,2
1850,629,4
1850,1334,2
1850,1219,3
1850,757,1
1850,1358,2
1850,1368,1
1850,779,2
1850,2841,2
1850,2409,3
1850,153,3
1850,2410,1
1850,3147,2
1850,1659,2
1850,3149,3
1850,1662,1
1850,295,4
1850,2424,3
1850,3024,2
1850,2297,2
1850,2298,4
1850,307,1
1850,172,2
1850,178,2
1850,318,2
1850,1692,2
1850,2584,3
1850,333,2
1850,335,1
1850,336,4
1850,1707,3
1850,473,3
1850,1719,3
1850,1720,2
1850,3348,3
1850,1742,3
1850,69,1
1850,1747,2
1850,1748,3
1850,3359,2
1850,951,3
1850,85,2
1850,86,3
1850,523,3
1850,3509,3
1850,2652,3
1850,3389,4
1850,1095,3
1856,2675,5
1856,814,5
1856,875,5
1856,453,4
1856,1646,5
1856,168,4
1856,20,4
1856,523,4
1856,529,4
1859,3530,2
1859,2675,3
1859,1117,3
1859,557,4
1859,1128,4
1859,679,3
1859,1132,3
1859,2709,4
1859,1828,3
1859,1146,5
1859,814,4
1859,702,5
1859,2113,3
1859,2745,3
1859,1418,3
1859,1420,2
1859,1996,3
1859,2913,2
1859,3048,2
1859,1471,4
1859,2324,3
1859,2336,2
1859,2337,1
1859,3094,3
1859,3235,3
1859,257,2
1859,3248,2
1859,430,4
1859,439,2
1859,453,5
1859,1839,3
1859,1156,4
1859,1159,4
1859,1166,4
1859,1188,3
1859,629,3
1859,2775,3
1859,1219,3
1859,2815,3
1859,2816,3
1859,1358,5
1859,2961,3
1859,1504,3
1859,2279,2
1859,3149,3
1859,20,3
1859,336,4
1859,3188,1
1859,348,4
1859,1748,3
1859,951,1
1859,1074,3
1859,2652,2
1864,3404,4
1864,2680,3
1864,1117,3
1864,1132,5
1864,814,4
1864,2885,3
1864,2753,4
1864,1435,5
1864,2893,4
1864,2152,3
1864,2153,4
1864,1438,3
1864,2905,5
1864,3048,3
1864,2326,3
1864,3083,2
1864,3086,4
1864,2366,2
1864,2370,2
1864,1618,3
1864,1627,3
1864,2527,3
1864,413,4
1864,1001,5
1864,439,2
1864,2565,4
1864,470,5
1864,3455,5
1864,1031,2
1864,2775,3
1864,747,3
1864,1334,3
1864,2048,5
1864,1357,2
1864,2815,4
1864,2816,5
1864,2822,3
1864,2838,2
1864,101,2
1864,107,3
1864,2249,4
1864,2409,3
1864,2279,3
1864,1542,3
1864,289,3
1864,2411,2
1864,3155,3
1864,2297,3
1864,2298,3
1864,319,5
1864,20,4
1864,3181,3
1864,2456,3
1864,336,4
1864,2598,4
1864,473,5
1864,347,3
1864,487,4
1864,3351,2
1864,3355,3
1864,3509,5
1864,2652,3
1864,533,3
1864,3389,3
1871,805,4
1871,3102,3
1871,430,3
1871,2953,5
1871,1659,3
1871,1748,2
1872,5,4
1872,557,4
1872,2701,3
1872,702,3
1872,710,1
1872,1410,3
1872,1985,4
1872,2752,3
1872,2143,3
1872,1459,4
1872,3048,3
1872,2324,3
1872,1477,3
1872,2492,5
1872,3235,4
1872,2514,3
1872,430,4
1872,1003,3
1872,453,4
1872,1159,5
1872,1048,3
1872,1225,4
1872,1228,4
1872,2048,4
1872,2815,4
1872,1358,4
1872,2822,4
1872,2065,5
1872,1504,4
1872,2247,4
1872,1656,4
1872,153,4
1872,2410,1
1872,1552,4
1872,319,4
1872,20,4
1872,1698,4
1872,336,4
1872,2598,3
1872,473,4
1872,347,4
1872,1737,4
1872,1738,4
1872,1748,3
1872,1074,3
1876,1100,5
1876,2885,2
1876,2893,2
1876,2894,2
1876,3083,2
1876,3086,3
1876,3235,2
1876,3427,2
1876,3428,5
1876,453,5
1876,3455,1
1876,3456,3
1876,1027,5
1876,3469,3
1876,1048,5
1876,1358,4
1876,2822,3
1876,2949,5
1876,2961,3
1876,2963,4
1876,3137,3
1876,3155,2
1876,2298,3
1876,3181,1
1876,2458,4
1876,3210,3
1876,3351,2
1876,3355,5
1876,3502,2
1876,3503,2
1876,3509,5
1876,3511,3
1876,3389,5
1878,5,5
1878,1117,2
1878,557,5
1878,1128,5
1878,2694,3
1878,1146,4
1878,702,5
1878,1410,4
1878,1985,4
1878,2905,4
1878,2927,4
1878,1471,3
1878,2324,5
1878,1477,4
1878,251,4
1878,2389,2
1878,413,5
1878,414,5
1878,430,5
1878,453,5
1878,1156,5
1878,470,5
1878,1035,4
1878,1048,3
1878,1188,3
1878,1204,2
1878,2775,4
1878,1220,3
1878,757,4
1878,2815,4
1878,1358,4
1878,2065,4
1878,2961,3
1878,101,5
1878,1504,5
1878,107,4
1878,1529,4
1878,1552,4
1878,10,5
1878,319,3
1878,1698,4
1878,911,5
1878,330,3
1878,1705,4
1878,333,5
1878,2598,5
1878,480,4
1878,348,4
1878,487,2
1878,1737,5
1878,951,3
1882,549,4
1882,1117,3
1882,557,1
1882,1128,4
1882,2709,2
1882,1146,5
1882,805,5
1882,810,5
1882,811,3
1882,820,4
1882,822,4
1882,823,5
1882,827,5
1882,1985,2
1882,828,4
1882,1297,3
1882,838,4
1882,841,5
1882,850,2
1882,2008,3
1882,1435,4
1882,2769,3
1882,2913,4
1882,2180,3
1882,3048,4
1882,1469,5
1882,3054,3
1882,3066,3
1882,232,4
1882,2491,3
1882,3101,2
1882,251,1
1882,3233,4
1882,257,3
1882,3248,2
1882,1003,3
1882,3285,3
1882,442,2
1882,3292,5
1882,1010,4
1882,444,2
1882,586,4
1882,456,4
1882,1156,4
1882,1159,3
1882,3452,5
1882,470,5
1882,1844,4
1882,1035,1
1882,1859,4
1882,717,3
1882,629,4
1882,1198,4
1882,2775,3
1882,1905,4
1882,1920,3
1882,2048,3
1882,2815,5
1882,2816,4
1882,1504,3
1882,3124,3
1882,3002,3
1882,1542,3
1882,289,4
1882,152,4
1882,3153,3
1882,3024,1
1882,10,3
1882,319,3
1882,900,4
1882,20,3
1882,1705,3
1882,333,3
1882,2598,4
1882,3198,3
1882,1737,4
1882,1738,4
1882,2623,3
1882,951,4
1882,1074,3
1882,1077,4
1882,957,4
1882,647,2
1882,1095,3
1883,3395,4
1883,1100,4
1883,3530,4
1883,1103,4
1883,2675,3
1883,1934,4
1883,1117,4
1883,557,5
1883,2693,1
1883,1805,4
1883,1128,4
1883,1815,4
1883,2709,5
1883,1828,3
1883,1146,4
1883,1151,5
1883,805,5
1883,811,4
1883,814,4
1883,702,2
1883,823,4
1883,824,4
1883,2862,4
1883,2733,4
1883,2737,3
1883,1985,4
1883,828,4
1883,2745,4
1883,836,4
1883,845,4
1883,850,3
1883,2886,4
1883,1435,4
1883,2769,4
1883,873,4
1883,2913,4
1883,2178,4
1883,3043,3
1883,2309,4
1883,3048,4
1883,2186,4
1883,1469,4
1883,1471,3
1883,2324,3
1883,1475,4
1883,1580,2
1883,2336,4
1883,232,5
1883,3215,3
1883,3089,4
1883,3090,3
1883,3094,4
1883,3095,5
1883,2361,2
1883,3101,4
1883,3102,4
1883,3235,4
1883,2374,4
1883,3248,3
1883,3121,5
1883,400,4
1883,2389,4
1883,978,5
1883,3266,3
1883,2541,4
1883,413,4
1883,430,5
1883,3417,5
1883,3420,4
1883,2555,4
1883,3283,4
1883,439,3
1883,3427,2
1883,3428,4
1883,3288,4
1883,576,3
1883,2569,3
1883,1010,4
1883,444,2
1883,1012,4
1883,3305,3
1883,453,3
1883,1839,3
1883,1156,5
1883,1159,4
1883,465,4
1883,1852,4
1883,1027,3
1883,1035,4
1883,1166,3
1883,1040,5
1883,717,4
1883,1048,5
1883,1188,4
1883,626,3
1883,2774,5
1883,1207,5
1883,1905,4
1883,1219,4
1883,1220,3
1883,757,3
1883,2797,4
1883,1920,5
1883,2815,4
1883,1358,3
1883,2819,4
1883,2953,3
1883,2838,4
1883,1502,4
1883,1504,5
1883,107,5
1883,2858,3
1883,3002,4
1883,3004,5
1883,2269,4
1883,1542,3
1883,152,4
1883,3149,3
1883,3016,4
1883,1666,4
1883,295,4
1883,2298,5
1883,1677,4
1883,1681,3
1883,1692,5
1883,20,4
1883,328,3
1883,330,4
1883,1705,4
1883,336,4
1883,347,4
1883,348,3
1883,3332,4
1883,1719,3
1883,2477,3
1883,3338,4
1883,2612,4
1883,1737,4
1883,1738,3
1883,1742,3
1883,2623,4
1883,1061,5
1883,1747,4
1883,1748,3
1883,2632,4
1883,1074,4
1883,1761,3
1883,1077,4
1883,957,4
1883,3509,3
1883,1091,5
1883,647,4
1883,3389,4
1884,3530,3
1884,1815,4
1884,1836,3
1884,1358,5
1884,107,5
1884,1698,5
1884,473,4
1890,3530,4
1890,557,5
1890,2694,4
1890,1828,3
1890,814,5
1890,702,4
1890,1985,4
1890,2874,3
1890,875,3
1890,1471,3
1890,2324,4
1890,208,5
1890,2336,3
1890,3089,3
1890,3235,4
1890,2389,3
1890,3418,3
1890,2555,3
1890,3292,4
1890,576,3
1890,3438,3
1890,453,4
1890,1839,3
1890,1035,4
1890,1166,4
1890,717,5
1890,629,4
1890,2774,3
1890,1219,3
1890,1220,2
1890,2815,4
1890,1358,4
1890,2833,3
1890,2838,4
1890,1502,4
1890,2409,3
1890,153,4
1890,1659,3
1890,3149,4
1890,3016,4
1890,2424,3
1890,2425,1
1890,2297,3
1890,18,3
1890,333,3
1890,915,3
1890,1748,3
1890,951,3
1890,92,3
1890,3509,4
1891,1048,3
1891,1207,5
1891,107,5
1891,3338,4
1899,1803,4
1899,2303,5
1899,2514,2
1899,2389,4
1899,2527,4
1899,2816,4
1899,2838,3
1899,2411,5
1899,2424,4
1905,2324,3
1905,453,5
1905,1027,3
1909,3404,5
1909,3083,4
1909,262,3
1909,2037,5
1909,2841,4
1909,3132,4
1909,20,2
1909,3181,4
1909,3351,3
1909,3359,5
1909,3506,3
1910,1996,3
1910,1048,5
1910,1061,5
1913,1117,5
1913,1048,5
1913,3509,4
1914,251,3
1914,453,3
1914,1358,3
1914,2856,3
1914,2111,3
1914,1074,4
1914,523,4
1914,2656,4
1917,1985,3
1917,1504,4
1927,1117,4
1927,1828,4
1927,1146,4
1927,702,4
1927,710,3
1927,1410,5
1927,1418,4
1927,2752,3
1927,3048,5
1927,2324,3
1927,1477,4
1927,1580,4
1927,208,4
1927,3235,4
1927,1627,3
1927,2389,4
1927,430,5
1927,2565,3
1927,1010,4
1927,453,4
1927,465,5
1927,1048,5
1927,1188,4
1927,747,3
1927,1339,5
1927,1220,3
1927,2815,4
1927,1358,3
1927,2065,4
1927,1368,3
1927,1492,5
1927,1504,4
1927,2247,5
1927,1656,4
1927,1542,3
1927,152,4
1927,1552,3
1927,2298,5
1927,168,1
1927,20,5
1927,328,3
1927,330,5
1927,473,4
1927,347,4
1927,348,4
1927,1061,4
1927,523,3
1927,92,4
1939,1117,4
1939,557,4
1939,1151,5
1939,702,4
1939,1471,4
1939,2324,5
1939,3102,5
1939,1001,4
1939,1156,4
1939,470,5
1939,1048,5
1939,336,5
1939,2477,5
1939,1737,4
1941,1263,3
1941,1988,5
1941,453,2
1941,2048,3
1941,1241,5
1941,3132,3
1941,295,5
1941,1706,1
1941,1707,1
1941,1061,5
1948,1117,5
1948,1128,3
1948,1985,5
1948,2361,3
1948,3106,3
1948,2523,4
1948,2531,4
1948,414,3
1948,1219,4
1948,756,4
1948,2048,5
1948,1504,4
1948,2298,4
1948,1698,4
1948,1705,5
1948,1737,5
1948,71,3
1948,520,3
1951,1117,5
1951,2709,5
1951,1310,4
1951,1459,3
1951,3054,5
1951,3102,5
1951,251,3
1951,3233,3
1951,3235,3
1951,2374,1
1951,3420,5
1951,3292,4
1951,2569,3
1951,444,5
1951,1156,5
1951,469,4
1951,1844,3
1951,3455,3
1951,1027,3
1951,1031,3
1951,1035,3
1951,717,2
1951,1048,5
1951,2774,3
1951,2775,4
1951,1358,3
1951,2838,5
1951,1502,5
1951,2247,3
1951,3124,4
1951,3132,5
1951,3002,5
1951,1542,4
1951,152,3
1951,163,5
1951,3155,3
1951,1554,4
1951,2298,5
1951,10,3
1951,319,4
1951,20,2
1951,1698,4
1951,2598,2
1951,347,5
1951,486,2
1951,3338,3
1951,3210,3
1951,3355,5
1951,3359,3
1951,3367,4
1951,523,3
1951,3509,4
1951,1091,2
1951,533,3
1951,3389,3
1955,702,4
1955,710,2
1955,2008,3
1955,1471,3
1955,2324,2
1955,3235,4
1955,1211,2
1955,1646,5
1955,336,5
1955,347,1
1955,523,5
1955,529,1
1961,3404,2
1961,5,1
1961,1117,5
1961,557,3
1961,1805,4
1961,2694,1
1961,1955,3
1961,814,5
1961,706,1
1961,710,3
1961,1985,4
1961,1986,2
1961,1988,2
1961,2885,2
1961,2143,3
1961,1435,4
1961,2153,4
1961,1438,3
1961,2902,3
1961,2905,4
1961,2913,2
1961,2917,2
1961,2173,1
1961,3048,3
1961,1477,4
1961,3066,3
1961,208,5
1961,3083,3
1961,3086,3
1961,246,4
1961,251,4
1961,3235,1
1961,1627,2
1961,258,1
1961,262,4
1961,2523,2
1961,265,4
1961,2389,1
1961,413,2
1961,414,3
1961,423,3
1961,430,3
1961,439,2
1961,2565,3
1961,470,4
1961,1846,3
1961,600,1
1961,1166,3
1961,1858,3
1961,1859,3
1961,719,2
1961,1188,3
1961,629,4
1961,1888,3
1961,1204,1
1961,2775,3
1961,1211,3
1961,747,3
1961,640,1
1961,1220,2
1961,756,3
1961,2815,5
1961,2816,4
1961,2065,3
1961,2838,3
1961,1500,3
1961,101,4
1961,1504,4
1961,109,3
1961,2111,3
1961,2249,4
1961,2409,2
1961,1656,1
1961,287,1
1961,1542,4
1961,152,2
1961,163,1
1961,3155,4
1961,2297,1
1961,2298,4
1961,174,2
1961,10,3
1961,319,3
1961,18,1
1961,20,2
1961,3181,2
1961,912,3
1961,330,3
1961,1706,2
1961,333,3
1961,336,4
1961,2461,3
1961,1707,1
1961,473,3
1961,480,2
1961,347,3
1961,487,3
1961,53,1
1961,1730,1
1961,2488,1
1961,361,3
1961,1742,3
1961,3359,4
1961,2633,1
1961,86,3
1961,522,4
1961,523,3
1961,91,3
1961,92,2
1961,643,1
1961,2652,2
1965,1100,5
1965,2702,5
1965,805,5
1965,2816,4
1965,1698,3
1965,473,3
1967,3530,3
1967,5,5
1967,557,5
1967,1131,3
1967,679,2
1967,1133,2
1967,1828,3
1967,1146,1
1967,805,3
1967,1410,2
1967,1985,4
1967,2752,2
1967,1435,1
1967,2902,2
1967,2905,4
1967,2161,1
1967,3043,2
1967,3048,3
1967,1469,4
1967,1471,2
1967,2324,5
1967,1477,4
1967,1580,1
1967,2336,4
1967,2337,2
1967,232,1
1967,2491,3
1967,2366,3
1967,3102,2
1967,381,1
1967,251,3
1967,400,1
1967,265,1
1967,2389,2
1967,2527,3
1967,430,5
1967,3305,2
1967,453,5
1967,1156,5
1967,1159,2
1967,465,1
1967,1846,4
1967,1852,3
1967,1031,1
1967,1035,2
1967,1166,1
1967,3470,5
1967,1188,3
1967,2772,2
1967,2774,5
1967,1339,4
1967,1219,3
1967,2797,3
1967,2815,5
1967,1358,3
1967,2065,3
1967,2953,4
1967,2221,1
1967,2838,4
1967,1500,1
1967,1504,5
1967,2111,2
1967,3002,4
1967,152,3
1967,153,3
1967,3149,5
1967,2425,1
1967,2298,5
1967,318,1
1967,20,3
1967,330,3
1967,333,2
1967,336,5
1967,473,2
1967,477,2
1967,347,3
1967,348,3
1967,363,2
1967,1738,2
1967,1742,2
1967,1748,3
1967,2632,3
1967,1072,1
1967,951,3
1967,3367,1
1967,523,3
1967,92,1
1967,533,1
1979,1100,3
1979,3404,1
1979,549,5
1979,1117,5
1979,1803,5
1979,557,5
1979,2693,4
1979,1805,4
1979,1128,4
1979,1131,3
1979,2694,2
1979,1260,2
1979,2709,5
1979,1955,4
1979,1828,3
1979,1273,2
1979,1146,5
1979,805,5
1979,811,4
1979,814,5
1979,702,4
1979,706,2
1979,710,4
1979,2862,4
1979,1410,3
1979,1294,3
1979,1985,4
1979,2871,4
1979,2122,2
1979,2128,3
1979,2745,3
1979,1988,4
1979,1420,3
1979,2750,3
1979,2132,4
1979,2133,2
1979,2885,2
1979,1425,2
1979,2753,5
1979,1996,4
1979,1997,3
1979,1429,3
1979,850,4
1979,2143,3
1979,2008,4
1979,1435,4
1979,2893,3
1979,2153,4
1979,2902,2
1979,2905,5
1979,2161,1
1979,875,3
1979,2913,5
1979,2303,5
1979,1459,4
1979,2180,3
1979,3048,5
1979,2927,2
1979,1469,5
1979,1471,3
1979,3054,5
1979,2324,2
1979,1475,4
1979,1477,3
1979,1580,1
1979,3066,2
1979,2336,5
1979,2337,2
1979,3083,2
1979,1599,2
1979,232,4
1979,2491,2
1979,2492,2
1979,1604,4
1979,3101,4
1979,3102,3
1979,246,4
1979,1621,4
1979,251,3
1979,3235,4
1979,3106,4
1979,2374,4
1979,2517,3
1979,1627,4
1979,257,4
1979,3120,3
1979,3121,4
1979,265,3
1979,2389,4
1979,1637,3
1979,403,2
1979,978,5
1979,2530,3
1979,2541,4
1979,413,4
1979,414,4
1979,429,4
1979,430,3
1979,3417,5
1979,2555,4
1979,1001,5
1979,3283,4
1979,1003,3
1979,439,2
1979,442,1
1979,2565,1
1979,3292,3
1979,1010,4
1979,444,4
1979,3434,3
1979,453,4
1979,462,3
1979,1152,4
1979,1839,3
1979,1156,5
1979,1159,5
1979,465,4
1979,470,3
1979,1844,4
1979,1846,3
1979,3455,4
1979,1027,4
1979,1031,3
1979,1035,5
1979,1166,3
1979,1858,3
1979,1859,4
1979,3470,4
1979,1040,5
1979,1044,4
1979,1176,4
1979,717,5
1979,719,4
1979,1048,5
1979,1049,3
1979,618,3
1979,1188,3
1979,1883,3
1979,1198,3
1979,2772,4
1979,2774,3
1979,2775,4
1979,747,3
1979,1334,3
1979,1905,4
1979,1339,1
1979,1219,5
1979,1220,1
1979,756,4
1979,1228,2
1979,2048,5
1979,2051,2
1979,2813,2
1979,1357,4
1979,2815,4
1979,2816,4
1979,1358,2
1979,2822,3
1979,2065,3
1979,1368,1
1979,2953,4
1979,1496,2
1979,2076,3
1979,2221,3
1979,2082,3
1979,2838,3
1979,2084,2
1979,1502,5
1979,101,2
1979,1504,5
1979,2093,2
1979,107,5
1979,2100,3
1979,2856,4
1979,2247,4
1979,2858,3
1979,2111,3
1979,3123,2
1979,3124,3
1979,3129,3
1979,1646,3
1979,2269,4
1979,1656,2
1979,1542,4
1979,152,3
1979,153,2
1979,2410,2
1979,2411,4
1979,3147,3
1979,1659,4
1979,3149,3
1979,3016,4
1979,1664,3
1979,295,4
1979,157,3
1979,163,3
1979,3024,2
1979,1552,3
1979,1554,4
1979,2297,3
1979,2298,3
1979,1557,4
1979,172,2
1979,1681,4
1979,10,4
1979,319,5
1979,18,1
1979,183,3
1979,900,3
1979,1692,5
1979,20,4
1979,328,4
1979,2584,3
1979,2585,3
1979,2586,3
1979,1698,5
1979,2456,3
1979,912,3
1979,330,4
1979,1705,4
1979,335,2
1979,336,5
1979,3321,4
1979,2598,4
1979,473,2
1979,480,3
1979,347,3
1979,348,3
1979,3198,2
1979,1719,4
1979,1720,2
1979,487,4
1979,3338,4
1979,934,3
1979,363,3
1979,1737,4
1979,1738,3
1979,1742,2
1979,2623,4
1979,3355,4
1979,1061,5
1979,71,5
1979,1748,3
1979,3359,2
1979,2630,2
1979,2633,2
1979,1753,2
1979,951,4
1979,3503,4
1979,3367,3
1979,1074,3
1979,1761,5
1979,2640,4
1979,957,4
1979,522,3
1979,523,4
1979,92,2
1979,3509,4
1979,3511,5
1979,1767,3
1979,647,2
1979,533,3
1983,5,4
1983,1128,5
1983,1828,4
1983,1273,1
1983,1146,4
1983,805,4
1983,702,4
1983,1410,3
1983,1418,2
1983,2133,4
1983,2769,3
1983,2905,4
1983,3054,5
1983,2324,4
1983,1580,3
1983,3086,3
1983,3089,2
1983,1609,2
1983,251,3
1983,453,3
1983,1839,5
1983,1156,4
1983,470,4
1983,3470,5
1983,717,4
1983,1048,2
1983,2774,4
1983,1228,4
1983,2815,4
1983,1358,3
1983,2819,4
1983,2065,4
1983,1368,2
1983,2963,4
1983,101,3
1983,2845,3
1983,107,4
1983,2856,4
1983,3002,3
1983,2298,4
1983,20,4
1983,328,4
1983,2598,4
1983,43,3
1983,348,4
1983,1719,3
1983,3338,4
1983,1737,4
1983,1061,3
1983,373,2
1983,3367,3
1991,3404,2
1991,1117,4
1991,1815,2
1991,706,1
1991,710,3
1991,1459,4
1991,2523,2
1991,2389,3
1991,1334,2
1991,2838,2
1991,101,2
1991,1504,4
1991,2247,3
1991,2298,5
1991,336,5
1991,2598,3
1991,347,3
1991,3359,2
2009,3404,1
2009,2680,3
2009,5,3
2009,1117,4
2009,557,3
2009,679,3
2009,2694,3
2009,1260,2
2009,1133,3
2009,1955,2
2009,1828,3
2009,1273,1
2009,1146,4
2009,702,2
2009,710,1
2009,1410,2
2009,1985,3
2009,1418,3
2009,2752,2
2009,1425,1
2009,2143,1
2009,2008,2
2009,1435,5
2009,2161,2
2009,875,2
2009,2917,1
2009,1457,3
2009,1459,4
2009,2180,2
2009,1471,1
2009,2324,3
2009,1477,3
2009,1580,2
2009,208,4
2009,2337,2
2009,1599,1
2009,2503,1
2009,3102,3
2009,251,3
2009,2514,3
2009,1626,3
2009,1627,2
2009,3248,2
2009,2523,3
2009,2389,3
2009,2527,3
2009,413,3
2009,414,3
2009,423,4
2009,430,4
2009,439,1
2009,576,2
2009,3305,3
2009,453,3
2009,1839,3
2009,597,2
2009,1166,3
2009,1858,3
2009,3470,2
2009,719,3
2009,1048,5
2009,618,3
2009,1188,3
2009,1204,2
2009,739,1
2009,1327,1
2009,743,1
2009,747,1
2009,640,3
2009,1334,1
2009,1339,2
2009,1219,2
2009,1220,3
2009,757,2
2009,2037,3
2009,1228,2
2009,2048,3
2009,765,2
2009,2815,3
2009,2816,4
2009,1358,2
2009,2065,1
2009,1368,1
2009,779,2
2009,1496,1
2009,2961,3
2009,2838,4
2009,1500,2
2009,2841,1
2009,101,3
2009,1504,2
2009,2845,3
2009,2093,1
2009,2094,1
2009,2247,3
2009,2249,2
2009,1528,4
2009,1529,3
2009,2409,1
2009,1656,1
2009,1542,3
2009,153,3
2009,1659,4
2009,3149,4
2009,293,1
2009,157,3
2009,161,1
2009,2425,3
2009,3024,1
2009,1552,3
2009,2297,3
2009,2298,3
2009,307,1
2009,172,1
2009,10,3
2009,318,3
2009,18,1
2009,19,1
2009,20,3
2009,1705,3
2009,333,4
2009,336,4
2009,2461,1
2009,2598,3
2009,473,2
2009,477,3
2009,43,1
2009,347,2
2009,348,4
2009,487,3
2009,3210,3
2009,2488,1
2009,1737,3
2009,1738,2
2009,373,2
2009,69,1
2009,1748,4
2009,3359,3
2009,2633,2
2009,520,1
2009,85,1
2009,86,1
2009,1074,4
2009,1764,1
2009,523,3
2009,92,4
2009,647,3
2014,1792,1
2014,5,2
2014,1117,4
2014,557,5
2014,1128,4
2014,679,3
2014,2694,5
2014,1815,2
2014,1266,4
2014,2709,3
2014,814,3
2014,702,4
2014,706,1
2014,710,3
2014,1410,4
2014,2122,3
2014,2128,3
2014,1418,1
2014,2132,5
2014,2133,4
2014,2752,5
2014,1996,4
2014,1427,3
2014,2143,2
2014,2008,5
2014,1435,4
2014,1319,1
2014,856,1
2014,2170,4
2014,875,1
2014,2917,3
2014,1459,5
2014,3048,1
2014,2928,5
2014,1471,4
2014,3054,2
2014,2324,2
2014,1477,4
2014,1580,2
2014,208,5
2014,2336,3
2014,2337,3
2014,1602,4
2014,3089,3
2014,2366,3
2014,3235,5
2014,262,2
2014,3248,5
2014,2523,4
2014,2389,1
2014,403,3
2014,2531,3
2014,983,1
2014,413,5
2014,414,4
2014,3268,4
2014,3413,3
2014,3272,3
2014,423,2
2014,430,4
2014,2555,5
2014,2563,4
2014,439,4
2014,3427,1
2014,3292,3
2014,1010,4
2014,444,3
2014,3305,2
2014,453,4
2014,1839,4
2014,1156,5
2014,1159,2
2014,597,3
2014,1027,5
2014,1166,2
2014,1858,4
2014,1859,1
2014,3470,5
2014,719,4
2014,1048,5
2014,1049,4
2014,626,5
2014,629,4
2014,1204,3
2014,739,3
2014,2775,4
2014,743,2
2014,1211,1
2014,747,2
2014,1334,3
2014,1219,2
2014,1220,3
2014,757,4
2014,2797,2
2014,1228,5
2014,765,5
2014,2815,5
2014,1358,2
2014,2065,2
2014,1368,2
2014,779,2
2014,1496,1
2014,2832,1
2014,2076,2
2014,2221,4
2014,2088,5
2014,101,5
2014,2093,5
2014,2094,5
2014,107,4
2014,2247,4
2014,2249,2
2014,1528,4
2014,1529,2
2014,2409,2
2014,1656,2
2014,1542,4
2014,153,4
2014,3149,5
2014,293,3
2014,161,4
2014,2425,4
2014,1552,2
2014,2298,1
2014,307,3
2014,168,2
2014,172,2
2014,10,3
2014,178,1
2014,318,3
2014,18,2
2014,19,3
2014,20,5
2014,2584,4
2014,1698,4
2014,911,4
2014,912,2
2014,1705,1
2014,1706,2
2014,333,4
2014,335,3
2014,336,5
2014,3188,2
2014,2598,4
2014,1707,2
2014,473,3
2014,477,3
2014,43,3
2014,347,2
2014,348,2
2014,1719,4
2014,487,3
2014,2477,3
2014,2488,1
2014,363,2
2014,1737,4
2014,3348,5
2014,1738,3
2014,1742,4
2014,373,3
2014,1748,4
2014,3359,2
2014,2633,2
2014,951,1
2014,520,1
2014,86,4
2014,1074,5
2014,1764,3
2014,523,4
2014,529,1
2014,92,2
2014,3509,5
2014,3511,1
2014,533,3
2021,5,4
2021,1117,4
2021,1828,3
2021,805,1
2021,814,3
2021,702,4
2021,2862,2
2021,1985,4
2021,1435,4
2021,1469,3
2021,1471,4
2021,2324,4
2021,1477,3
2021,208,4
2021,232,2
2021,3235,5
2021,1627,2
2021,2389,4
2021,2530,4
2021,423,3
2021,430,5
2021,453,4
2021,1156,1
2021,1358,2
2021,2065,3
2021,1502,2
2021,1504,5
2021,107,2
2021,153,3
2021,1659,4
2021,3149,3
2021,2298,4
2021,1557,4
2021,319,3
2021,336,5
2021,2598,5
2021,347,4
2021,348,4
2021,1061,3
2021,2630,4
2021,3503,1
2021,523,3
2021,3509,4
2023,1786,2
2023,1815,1
2023,805,4
2023,810,2
2023,1297,4
2023,1429,3
2023,1438,5
2023,2917,3
2023,1459,5
2023,2180,3
2023,208,3
2023,1618,1
2023,1626,3
2023,413,4
2023,1003,3
2023,2563,2
2023,439,2
2023,1010,5
2023,3301,1
2023,1836,2
2023,1156,5
2023,1159,4
2023,465,2
2023,470,3
2023,743,1
2023,1334,2
2023,2838,5
2023,101,1
2023,3123,2
2023,3147,3
2023,10,4
2023,328,5
2023,1705,5
2023,336,5
2023,2598,5
2023,347,2
2023,348,4
2023,487,5
2023,951,5
2023,1074,4
2023,523,5
2023,533,4
2024,2680,4
2024,5,3
2024,557,5
2024,702,5
2024,1420,4
2024,1471,3
2024,2324,4
2024,3089,4
2024,2370,3
2024,2514,4
2024,430,5
2024,2555,5
2024,453,4
2024,1025,3
2024,1035,2
2024,1188,5
2024,2774,4
2024,2815,5
2024,1358,4
2024,1504,5
2024,336,5
2026,1117,4
2026,557,4
2026,1985,4
2026,2008,4
2026,2913,5
2026,1469,4
2026,2930,4
2026,2324,4
2026,208,4
2026,3120,4
2026,1159,5
2026,2774,5
2026,2775,4
2026,2815,4
2026,1504,4
2026,3123,4
2026,1542,4
2026,163,4
2026,1705,4
2026,336,4
2026,2461,4
2026,2598,4
2035,1117,3
2035,1131,5
2035,814,3
2035,2753,5
2035,1152,5
2035,1027,5
2035,1031,4
2035,1357,4
2035,293,1
2035,20,4
2035,336,4
2035,1074,4
2039,3404,5
2039,2680,4
2039,1117,4
2039,208,2
2039,2565,4
2039,1334,4
2039,2822,1
2039,2298,4
2039,336,4
2052,3530,5
2052,1985,3
2052,2902,4
2052,3520,1
2054,557,4
2054,1128,4
2054,1146,4
2054,805,5
2054,814,5
2054,702,2
2054,2733,4
2054,2737,5
2054,1459,4
2054,1471,4
2054,3102,2
2054,251,2
2054,400,4
2054,430,5
2054,2555,5
2054,453,5
2054,1156,5
2054,1852,5
2054,717,4
2054,1186,4
2054,1219,3
2054,2298,4
2054,1681,5
2054,1719,5
2054,1720,4
2054,3338,2
2060,3530,4
2060,549,4
2060,1027,5
2062,655,1
2062,1786,2
2062,1107,3
2062,3404,4
2062,2675,4
2062,2680,1
2062,1117,3
2062,557,4
2062,2693,4
2062,1805,2
2062,1128,3
2062,679,2
2062,2694,4
2062,1260,1
2062,1815,3
2062,1266,2
2062,1828,2
2062,1273,4
2062,814,4
2062,702,4
2062,706,1
2062,710,3
2062,2113,3
2062,1410,1
2062,1294,4
2062,1985,5
2062,1986,4
2062,1297,3
2062,2122,2
2062,2128,3
2062,1420,4
2062,2132,3
2062,2133,1
2062,2885,4
2062,2752,4
2062,1429,2
2062,1310,3
2062,2143,3
2062,2008,4
2062,1435,4
2062,1318,2
2062,2769,2
2062,2151,4
2062,2157,3
2062,2902,2
2062,2905,4
2062,2161,3
2062,2162,3
2062,2170,4
2062,2917,4
2062,2173,1
2062,1459,4
2062,2180,2
2062,3043,3
2062,3048,4
2062,2927,3
2062,1469,3
2062,1471,4
2062,3054,2
2062,2324,4
2062,1475,3
2062,1477,3
2062,1580,3
2062,3066,3
2062,208,4
2062,2336,3
2062,2337,3
2062,3083,5
2062,3086,1
2062,2350,2
2062,3087,1
2062,1599,3
2062,1602,2
2062,232,3
2062,2492,1
2062,3089,3
2062,3095,4
2062,1608,2
2062,2503,3
2062,2366,2
2062,2370,2
2062,381,4
2062,251,4
2062,3235,3
2062,2514,2
2062,1626,4
2062,1627,3
2062,1628,2
2062,392,3
2062,258,4
2062,2523,3
2062,398,1
2062,400,3
2062,265,3
2062,2389,4
2062,403,1
2062,2527,4
2062,2531,4
2062,273,3
2062,413,3
2062,414,4
2062,418,2
2062,422,5
2062,3268,3
2062,423,5
2062,430,2
2062,1003,2
2062,439,3
2062,3292,2
2062,576,3
2062,2571,2
2062,582,3
2062,444,3
2062,3434,2
2062,3438,3
2062,3439,3
2062,3299,2
2062,3301,2
2062,3304,2
2062,3305,2
2062,453,4
2062,462,1
2062,3444,2
2062,1836,3
2062,1839,3
2062,1159,3
2062,597,2
2062,470,3
2062,1166,3
2062,1858,2
2062,1859,5
2062,3470,4
2062,1040,3
2062,719,3
2062,1048,4
2062,1049,5
2062,618,2
2062,1188,4
2062,1883,3
2062,626,2
2062,1885,1
2062,1204,2
2062,739,2
2062,2774,3
2062,2775,4
2062,1327,3
2062,2021,2
2062,743,2
2062,1211,2
2062,640,4
2062,1334,3
2062,1339,3
2062,1340,2
2062,1219,3
2062,1220,2
2062,757,3
2062,2037,2
2062,1225,2
2062,1228,1
2062,765,4
2062,2815,5
2062,2816,5
2062,1358,2
2062,2065,1
2062,1368,1
2062,779,3
2062,2216,1
2062,2076,2
2062,2221,2
2062,2961,1
2062,2838,5
2062,2084,2
2062,1500,3
2062,2841,3
2062,2088,3
2062,101,4
2062,1504,3
2062,2845,3
2062,2093,3
2062,2094,3
2062,109,4
2062,2247,3
2062,2249,5
2062,2255,3
2062,125,3
2062,1528,4
2062,1529,5
2062,3123,2
2062,1646,5
2062,2409,3
2062,1656,3
2062,287,3
2062,1542,4
2062,153,2
2062,2410,1
2062,3147,3
2062,1659,2
2062,3149,4
2062,2289,3
2062,157,4
2062,161,2
2062,3155,4
2062,2425,4
2062,3024,1
2062,1552,1
2062,2297,4
2062,2298,2
2062,307,3
2062,171,4
2062,172,3
2062,10,3
2062,178,3
2062,318,3
2062,18,2
2062,19,3
2062,2584,3
2062,3180,2
2062,3181,4
2062,1698,4
2062,912,3
2062,1705,5
2062,1706,3
2062,333,5
2062,335,2
2062,336,4
2062,915,3
2062,2461,3
2062,2598,4
2062,1707,4
2062,473,3
2062,477,2
2062,480,3
2062,43,4
2062,347,4
2062,348,3
2062,1719,4
2062,1720,2
2062,1721,1
2062,487,3
2062,1737,3
2062,3348,3
2062,1738,3
2062,1742,4
2062,1745,3
2062,69,2
2062,77,2
2062,1748,4
2062,3359,4
2062,2630,4
2062,2633,1
2062,2634,2
2062,951,4
2062,85,3
2062,86,3
2062,3367,4
2062,1074,3
2062,3506,3
2062,1764,3
2062,522,4
2062,523,4
2062,91,5
2062,92,2
2062,3509,3
2062,2650,2
2062,2652,1
2062,1093,2
2063,1100,4
2063,1786,1
2063,1934,5
2063,1117,3
2063,1128,5
2063,2709,5
2063,1151,4
2063,805,5
2063,814,5
2063,823,4
2063,2862,5
2063,1410,3
2063,827,5
2063,828,4
2063,2886,4
2063,3050,3
2063,232,4
2063,3090,5
2063,3095,5
2063,3121,4
2063,2389,4
2063,2555,5
2063,3283,4
2063,2561,4
2063,1010,5
2063,3305,1
2063,1844,2
2063,1048,5
2063,2772,3
2063,1913,3
2063,1920,5
2063,1358,3
2063,2819,5
2063,2953,5
2063,107,5
2063,2245,1
2063,1529,3
2063,3129,3
2063,3002,5
2063,3004,5
2063,153,3
2063,1659,4
2063,3149,4
2063,1662,1
2063,1552,3
2063,2298,5
2063,1692,5
2063,2585,1
2063,3332,5
2063,3338,5
2063,1061,5
2063,1071,5
2063,951,5
2063,89,2
2065,2143,4
2065,2905,5
2065,2324,4
2065,251,5
2065,453,4
2065,1698,4
2071,1100,3
2071,1934,5
2071,2680,4
2071,1117,5
2071,1260,4
2071,1815,3
2071,810,5
2071,811,5
2071,823,5
2071,824,4
2071,1410,3
2071,827,5
2071,828,5
2071,838,5
2071,2769,2
2071,2902,3
2071,1469,5
2071,251,5
2071,2389,3
2071,413,5
2071,430,4
2071,2555,4
2071,3292,3
2071,1844,2
2071,719,4
2071,2772,5
2071,1920,5
2071,1921,3
2071,1358,3
2071,2953,5
2071,3124,3
2071,3149,2
2071,3016,5
2071,1681,4
2071,10,4
2071,319,4
2071,330,4
2071,336,5
2073,2815,4
2073,1500,2
2080,3404,4
2080,5,5
2080,2961,3
2080,2841,2
2080,1705,5
2080,336,4
2080,3359,3
2080,3506,2
2083,5,4
2083,1117,3
2083,1146,4
2083,805,4
2083,814,5
2083,2862,4
2083,2752,3
2083,1435,4
2083,2905,4
2083,208,4
2083,1627,4
2083,413,4
2083,414,3
2083,3428,4
2083,453,4
2083,1159,5
2083,470,3
2083,1040,4
2083,1048,5
2083,1188,4
2083,2775,4
2083,2048,4
2083,2815,3
2083,2816,4
2083,2065,3
2083,101,3
2083,1504,4
2083,107,5
2083,3002,4
2083,2298,4
2083,1692,5
2083,328,4
2083,1061,4
2083,1071,4
2086,2324,4
2086,251,4
2086,3235,4
2086,453,5
2086,1358,3
2086,2111,2
2086,1706,3
2086,523,4
2086,3509,4
2088,1100,5
2088,2680,4
2088,1128,4
2088,845,4
2088,850,4
2088,208,3
2088,381,3
2088,1920,4
2088,1368,1
2088,107,4
2088,2409,3
2088,3016,4
2088,3338,4
2088,1747,4
2089,3530,5
2089,2701,4
2089,1815,5
2089,1828,4
2089,1273,2
2089,702,5
2089,1410,4
2089,2122,4
2089,2133,4
2089,2752,5
2089,1459,4
2089,2180,4
2089,2309,4
2089,1580,4
2089,2336,3
2089,2503,4
2089,2389,4
2089,430,5
2089,1003,4
2089,2565,4
2089,576,3
2089,1839,5
2089,1159,5
2089,1166,3
2089,1219,5
2089,1220,3
2089,757,3
2089,1358,2
2089,2065,4
2089,1368,1
2089,2088,5
2089,1656,3
2089,153,4
2089,3149,4
2089,157,4
2089,2425,4
2089,168,1
2089,20,4
2089,1705,5
2089,333,3
2089,2598,5
2089,43,3
2089,348,3
2089,1737,5
2089,1738,4
2089,1748,4
2089,1074,3
2089,957,4
2090,2701,4
2090,1815,5
2090,814,5
2090,830,4
2090,2324,4
2090,2491,3
2090,430,3
2090,3283,4
2090,453,5
2090,1156,4
2090,1334,4
2090,1219,5
2090,2269,5
2090,1664,3
2090,295,5
2090,2424,3
2090,2298,3
2090,20,5
2090,1737,4
2090,3348,4
2090,1738,3
2090,1074,4
2092,702,2
2092,1998,4
2092,251,4
2092,3235,4
2092,2514,3
2092,453,4
2092,1027,5
2092,1220,3
2092,3132,4
2092,18,1
2092,1698,4
2096,2675,5
2096,702,4
2096,710,4
2096,1435,4
2096,1319,2
2096,208,4
2096,2336,3
2096,2337,2
2096,1602,4
2096,2499,5
2096,3235,4
2096,1627,4
2096,3248,3
2096,2389,3
2096,414,4
2096,3305,3
2096,453,4
2096,1220,3
2096,2815,5
2096,1358,3
2096,1500,5
2096,101,4
2096,1646,4
2096,153,4
2096,3149,3
2096,2289,4
2096,157,3
2096,307,1
2096,168,2
2096,333,3
2096,335,3
2096,43,3
2096,347,3
2096,373,2
2096,3387,3
2103,1103,5
2103,1410,3
2103,1858,2
2103,3491,3
2103,2247,4
2103,3002,3
2103,18,1
2103,3348,4
2103,1748,2
2112,679,3
2112,453,5
2112,1027,4
2112,1358,4
2112,107,5
2112,1707,3
2130,679,2
2130,2694,3
2130,1266,3
2130,1273,2
2130,702,4
2130,2132,5
2130,2133,4
2130,2143,3
2130,2162,4
2130,2917,4
2130,2176,3
2130,3048,4
2130,1471,4
2130,2324,4
2130,1477,3
2130,1580,2
2130,3102,5
2130,3235,3
2130,2514,4
2130,400,2
2130,2389,4
2130,3268,4
2130,3272,2
2130,430,4
2130,439,3
2130,576,3
2130,3305,3
2130,453,3
2130,3444,4
2130,1166,4
2130,1168,1
2130,1219,4
2130,1220,2
2130,757,2
2130,1225,2
2130,1228,2
2130,765,3
2130,2816,4
2130,1358,2
2130,2065,4
2130,2221,4
2130,1500,3
2130,1504,5
2130,3123,2
2130,2409,2
2130,1656,4
2130,20,4
2130,2584,4
2130,1706,4
2130,333,4
2130,1707,4
2130,473,2
2130,43,2
2130,1719,5
2130,1720,3
2130,1730,1
2130,1737,4
2130,523,1
2130,92,2
2130,2650,1
2132,1418,5
2132,3235,1
2132,1358,2
2132,3155,3
2137,679,4
2137,702,5
2137,710,2
2137,1471,5
2137,2324,2
2137,1580,5
2137,3235,3
2137,2389,5
2137,3305,2
2137,453,5
2137,1859,5
2137,626,5
2137,779,1
2137,307,5
2137,1705,5
2147,679,3
2147,1815,5
2147,1266,4
2147,1273,4
2147,814,5
2147,710,4
2147,1410,4
2147,2128,4
2147,2143,4
2147,2927,4
2147,2324,4
2147,1580,3
2147,208,5
2147,2336,4
2147,2337,4
2147,1627,4
2147,2523,3
2147,2389,4
2147,403,2
2147,414,4
2147,439,4
2147,576,4
2147,453,5
2147,1839,1
2147,1159,4
2147,470,5
2147,1858,4
2147,1048,3
2147,1049,3
2147,1334,4
2147,1358,4
2147,2065,3
2147,1368,1
2147,2961,2
2147,2838,4
2147,2841,4
2147,2247,4
2147,2111,5
2147,1528,4
2147,3149,2
2147,157,5
2147,3155,5
2147,19,1
2147,336,5
2147,915,5
2147,473,5
2147,347,3
2147,1748,4
2147,3359,4
2147,951,5
2147,1074,5
2147,523,5
2147,92,2
2160,1117,2
2160,1425,4
2160,1996,4
2160,2153,4
2160,2913,3
2160,3048,5
2160,2930,4
2160,208,2
2160,232,3
2160,251,1
2160,414,2
2160,430,3
2160,470,5
2160,717,4
2160,2775,2
2160,1234,3
2160,2816,2
2160,2949,5
2160,1504,4
2160,1542,2
2160,3153,3
2160,20,5
2160,336,2
2160,343,4
2160,3355,2
2160,1095,2
2163,3530,4
2163,5,4
2163,557,3
2163,679,4
2163,2694,4
2163,2701,4
2163,1828,3
2163,1273,4
2163,814,4
2163,702,5
2163,1986,2
2163,2122,4
2163,1418,3
2163,2132,4
2163,2133,4
2163,2752,3
2163,2143,2
2163,2162,4
2163,2170,5
2163,2917,3
2163,2309,4
2163,3048,3
2163,2927,3
2163,2186,4
2163,1469,4
2163,3050,3
2163,2324,3
2163,1477,4
2163,1580,4
2163,2336,3
2163,2337,2
2163,2491,3
2163,3089,4
2163,2503,3
2163,3102,4
2163,3106,4
2163,2514,2
2163,2517,4
2163,3268,3
2163,3413,3
2163,430,4
2163,2565,3
2163,3438,4
2163,3301,4
2163,586,4
2163,453,4
2163,3444,3
2163,1156,4
2163,1852,4
2163,1035,4
2163,1166,4
2163,1048,3
2163,1186,4
2163,1883,2
2163,1219,5
2163,1220,3
2163,757,3
2163,1228,4
2163,2065,3
2163,1368,2
2163,2835,3
2163,2082,4
2163,2838,3
2163,2088,3
2163,1504,4
2163,107,4
2163,2858,3
2163,3123,3
2163,3129,4
2163,3002,4
2163,1656,3
2163,153,3
2163,2410,2
2163,3149,5
2163,157,4
2163,1552,3
2163,307,2
2163,168,3
2163,1692,3
2163,20,5
2163,2584,4
2163,2585,4
2163,2586,3
2163,1698,3
2163,1705,4
2163,1706,4
2163,333,3
2163,1707,4
2163,1719,5
2163,1720,4
2163,1721,4
2163,1737,4
2163,3348,4
2163,1738,4
2163,1071,5
2163,1074,4
2163,92,4
2163,2650,2
2166,3530,3
2166,3532,1
2166,679,2
2166,1828,1
2166,2730,1
2166,702,3
2166,710,1
2166,2161,2
2166,1580,1
2166,2336,1
2166,2337,1
2166,2350,2
2166,2359,1
2166,2361,1
2166,243,1
2166,2366,2
2166,2374,1
2166,3248,5
2166,400,3
2166,2389,1
2166,3266,2
2166,3268,5
2166,3272,5
2166,576,2
2166,453,4
2166,1166,5
2166,1219,2
2166,757,3
2166,1226,2
2166,1358,5
2166,779,5
2166,2076,2
2166,2077,1
2166,3149,4
2166,1662,1
2166,307,1
2166,172,5
2166,318,5
2166,2584,4
2166,3188,1
2166,477,3
2166,1748,3
2169,1803,5
2169,2693,4
2169,1815,4
2169,1151,5
2169,2871,3
2169,1459,3
2169,2180,4
2169,1469,5
2169,3054,4
2169,3417,5
2169,1001,5
2169,3292,4
2169,1152,5
2169,1159,5
2169,1040,5
2169,3149,1
2169,2425,2
2169,1698,4
2169,1705,4
2169,2598,5
2169,1737,5
2169,1071,5
2169,1074,3
2169,957,5
2171,1117,5
2171,557,4
2171,2693,2
2171,1815,4
2171,1828,2
2171,814,4
2171,1289,1
2171,702,2
2171,1410,2
2171,2132,3
2171,1996,5
2171,1310,3
2171,1435,3
2171,2161,1
2171,2917,3
2171,3048,3
2171,2927,3
2171,1469,3
2171,2324,3
2171,1475,4
2171,1477,4
2171,208,4
2171,2337,1
2171,3102,4
2171,1626,4
2171,1627,4
2171,2389,3
2171,2531,1
2171,413,3
2171,414,3
2171,430,3
2171,439,1
2171,442,3
2171,582,3
2171,444,4
2171,3305,3
2171,453,2
2171,1839,2
2171,1035,2
2171,1858,3
2171,1859,3
2171,3470,2
2171,1188,3
2171,1193,4
2171,1334,3
2171,1219,3
2171,1220,5
2171,1358,2
2171,1492,4
2171,1500,2
2171,101,3
2171,107,5
2171,2249,2
2171,125,2
2171,1529,2
2171,2409,1
2171,289,4
2171,1659,5
2171,3149,3
2171,1662,1
2171,293,3
2171,1548,2
2171,2298,4
2171,172,1
2171,1698,3
2171,1705,3
2171,333,5
2171,336,4
2171,3188,1
2171,2598,4
2171,347,2
2171,3210,1
2171,1737,3
2171,1742,3
2171,373,1
2171,1748,3
2171,951,3
2171,523,5
2171,2652,5
2171,533,4
2172,5,4
2172,1117,5
2172,557,4
2172,2693,5
2172,2709,3
2172,1151,5
2172,2750,5
2172,2143,2
2172,2902,3
2172,2913,4
2172,1457,4
2172,2178,4
2172,1469,4
2172,1475,4
2172,2492,4
2172,1618,4
2172,246,2
2172,251,2
2172,257,4
2172,3121,4
2172,430,4
2172,1010,5
2172,453,3
2172,1159,3
2172,1035,4
2172,1166,4
2172,1858,3
2172,1040,4
2172,717,3
2172,1048,4
2172,1188,4
2172,629,4
2172,2774,4
2172,2775,4
2172,2048,2
2172,2819,5
2172,1492,4
2172,2833,4
2172,2835,4
2172,1500,4
2172,2845,3
2172,107,5
2172,2856,3
2172,2249,2
2172,3129,2
2172,3002,5
2172,295,5
2172,2297,4
2172,319,4
2172,1692,4
2172,20,4
2172,328,3
2172,1698,5
2172,1705,3
2172,336,4
2172,473,3
2172,3332,3
2172,3338,4
2172,2612,5
2172,1737,3
2172,1074,4
2172,1091,5
2172,533,4
2172,1095,4
2175,1103,5
2175,2675,5
2175,2693,5
2175,805,5
2175,1294,3
2175,2008,4
2175,3054,5
2175,1477,4
2175,208,5
2175,3102,4
2175,1626,3
2175,2541,5
2175,414,3
2175,1156,5
2175,1044,5
2175,1048,5
2175,1193,5
2175,626,3
2175,1220,3
2175,2838,4
2175,101,4
2175,2845,4
2175,107,5
2175,3002,5
2175,1659,3
2175,1662,4
2175,2421,5
2175,2298,4
2175,336,5
2175,2477,4
2175,1061,4
2175,2632,4
2175,951,5
2175,1759,4
2175,2652,4
2175,1090,5
2176,1117,5
2176,557,4
2176,1815,4
2176,1151,2
2176,814,5
2176,702,3
2176,1985,2
2176,875,4
2176,3048,4
2176,2324,4
2176,430,4
2176,453,4
2176,1836,4
2176,1156,4
2176,470,4
2176,3455,3
2176,717,4
2176,2774,4
2176,2775,2
2176,1234,4
2176,2815,5
2176,1646,4
2176,295,4
2176,2298,4
2176,20,2
2176,911,3
2176,336,4
2176,347,2
2176,3332,4
2176,2477,4
2176,951,2
2176,523,5
2176,3509,3
2177,1117,3
2177,557,4
2177,2693,4
2177,1805,5
2177,1151,5
2177,2113,3
2177,2769,3
2177,2904,4
2177,1459,3
2177,3048,5
2177,1469,4
2177,1477,4
2177,257,4
2177,413,3
2177,3417,5
2177,3292,4
2177,1858,4
2177,1859,4
2177,1040,5
2177,626,5
2177,2775,4
2177,2048,4
2177,2815,4
2177,2816,5
2177,2835,3
2177,2247,4
2177,2298,4
2177,10,4
2177,20,5
2177,1698,4
2177,330,3
2177,1705,5
2177,336,4
2177,347,4
2177,1737,5
2177,1738,4
2177,1071,5
2177,1761,4
2177,3509,5
2181,3155,3
2181,3181,4
2188,2565,4
2188,2249,2
2191,702,4
2191,2752,4
2191,3048,5
2191,2927,4
2191,2324,4
2191,2336,3
2191,2514,4
2191,2561,4
2191,576,3
2191,453,5
2191,1839,3
2191,1220,3
2191,2088,3
2191,2424,3
2191,1698,4
2191,347,4
2191,3348,3
2191,951,4
2193,1828,2
2193,2309,2
2193,1471,4
2193,2324,4
2193,2336,1
2193,2514,4
2193,576,4
2193,3301,3
2193,453,3
2193,2774,3
2193,1220,3
2193,2858,3
2193,2249,2
2193,1529,2
2193,3149,2
2193,2584,4
2193,1737,3
2193,3348,4
2193,1738,3
2193,1748,2
2193,1074,4
2195,2680,3
2195,2370,4
2195,2514,4
2195,2565,4
2195,2048,4
2195,3155,4
2195,2598,5
2195,2652,3
2197,1117,3
2197,1146,3
2197,1159,5
2197,1211,2
2197,3124,3
2197,10,4
2197,319,3
2197,1698,5
2197,912,4
2197,336,3
2197,473,4
2197,348,4
2197,1737,4
2197,1738,4
2197,1748,4
2211,3404,3
2211,2885,2
2211,208,4
2211,2389,2
2211,2565,4
2211,453,3
2211,1334,2
2211,1358,4
2211,2838,4
2211,2841,2
2211,2249,5
2211,2409,2
2211,2410,3
2211,2298,5
2211,336,5
2211,3359,4
2214,5,4
2214,557,3
2214,1128,4
2214,2694,4
2214,1410,3
2214,1294,2
2214,1310,4
2214,1435,3
2214,3048,2
2214,1471,3
2214,2324,3
2214,3102,3
2214,381,3
2214,1627,3
2214,396,2
2214,2389,4
2214,2527,4
2214,2530,3
2214,430,3
2214,1010,3
2214,453,3
2214,1188,4
2214,1339,3
2214,1220,2
2214,757,2
2214,2048,3
2214,2815,3
2214,2065,3
2214,779,1
2214,1529,3
2214,1659,5
2214,3149,4
2214,1552,2
2214,318,2
2214,20,2
2214,333,4
2214,71,2
2214,1761,3
2216,1263,2
2216,1289,4
2216,2904,5
2216,1459,2
2216,1327,5
2216,1358,3
2216,1705,3
2216,1706,2
2216,1707,2
2224,1117,5
2224,557,5
2224,1128,2
2224,2694,3
2224,1815,3
2224,1133,5
2224,1146,3
2224,805,5
2224,814,4
2224,702,2
2224,706,1
2224,2113,4
2224,2733,4
2224,2737,2
2224,1410,3
2224,1294,2
2224,828,4
2224,2122,2
2224,2128,4
2224,841,5
2224,850,3
2224,1459,4
2224,2178,4
2224,3048,4
2224,2927,2
2224,2183,3
2224,2186,3
2224,1469,4
2224,3054,3
2224,2324,3
2224,2336,3
2224,1602,3
2224,3090,5
2224,3235,4
2224,3248,3
2224,430,4
2224,2555,3
2224,1003,2
2224,439,3
2224,1010,3
2224,453,4
2224,1156,4
2224,1159,3
2224,2774,4
2224,757,2
2224,1228,3
2224,2051,2
2224,765,5
2224,1358,3
2224,2065,3
2224,2953,5
2224,2082,3
2224,2084,2
2224,2088,3
2224,101,3
2224,2093,1
2224,2094,1
2224,2974,1
2224,3002,4
2224,3004,5
2224,3147,2
2224,3149,4
2224,2425,3
2224,912,3
2224,1705,3
2224,336,5
2224,2598,4
2224,348,4
2224,2477,4
2224,363,3
2224,1737,3
2224,3348,3
2224,1738,2
2224,1748,2
2224,1753,3
2224,1074,3
2224,1077,3
2224,92,2
2224,3509,3
2237,1132,5
2237,2753,4
2237,1996,3
2237,1435,3
2237,2905,3
2237,3048,3
2237,2324,2
2237,232,5
2237,1846,2
2237,1035,3
2237,717,5
2237,1905,5
2237,1234,4
2237,295,4
2237,934,4
2237,3509,4
2237,533,4
2239,557,3
2239,1828,4
2239,814,5
2239,710,4
2239,3048,2
2239,2324,5
2239,1580,4
2239,430,5
2239,2555,5
2239,3305,5
2239,453,5
2239,1188,5
2239,1219,4
2239,2816,4
2239,1358,5
2239,363,2
2239,1061,5
2239,1748,4
2239,951,3
2240,1100,4
2240,3530,4
2240,810,4
2240,814,5
2240,827,5
2240,828,4
2240,845,5
2240,850,5
2240,2943,5
2240,3215,5
2240,3095,4
2240,2361,4
2240,978,4
2240,3283,5
2240,1156,4
2240,1920,5
2240,2269,5
2240,2587,3
2240,911,4
2245,5,4
2245,1128,5
2245,702,3
2245,2927,2
2245,1471,2
2245,2324,3
2245,3094,5
2245,3095,5
2245,3235,3
2245,430,5
2245,3417,5
2245,3420,5
2245,3305,1
2245,1044,3
2245,1193,5
2245,2774,4
2245,1219,4
2245,1504,2
2245,2845,4
2245,107,4
2245,2279,5
2245,289,5
2245,3149,2
2245,1548,4
2245,1554,3
2245,2298,3
2245,1557,5
2245,2598,5
2245,1737,4
2245,1738,3
2245,1061,5
2245,1074,4
2245,3389,4
2253,1786,3
2253,5,4
2253,2514,4
2253,430,4
2253,453,5
2253,1156,4
2253,1048,4
2253,2774,4
2253,1219,5
2253,1228,3
2253,2065,5
2253,3149,4
2253,1662,1
2253,20,3
2253,1737,4
2253,1738,4
2253,1074,4
2271,3404,4
2271,1151,3
2271,2893,2
2271,2894,3
2271,1469,4
2271,3235,3
2271,586,3
2271,1044,3
2271,1188,4
2271,1334,2
2271,2065,4
2271,1659,2
2271,3149,5
2271,1692,4
2271,1698,4
2271,2598,4
2271,1737,4
2271,3359,5
2271,3389,5
2272,1266,4
2272,1410,4
2272,2132,4
2272,2133,3
2272,2324,5
2272,2336,4
2272,2337,3
2272,2503,4
2272,453,4
2272,1166,4
2272,1858,4
2272,153,3
2272,10,4
2272,18,3
2272,1692,2
2272,1737,4
2272,3367,5
2274,2370,3
2274,2565,4
2274,1048,5
2274,2048,5
2274,1692,5
2274,1698,5
2278,3395,5
2278,3530,5
2278,3532,2
2278,1103,5
2278,1792,3
2278,2701,3
2278,2709,3
2278,1957,3
2278,1146,4
2278,1151,5
2278,2113,3
2278,2747,4
2278,2132,4
2278,2133,3
2278,2769,5
2278,2161,1
2278,2176,2
2278,2180,4
2278,2309,3
2278,2186,4
2278,3050,5
2278,3054,5
2278,3057,3
2278,2943,3
2278,2336,5
2278,2337,3
2278,2491,3
2278,3092,2
2278,3095,5
2278,3120,2
2278,3121,5
2278,3417,5
2278,2555,4
2278,1003,3
2278,2561,2
2278,3292,4
2278,576,5
2278,3438,2
2278,3301,1
2278,3304,1
2278,453,5
2278,1839,3
2278,1156,5
2278,1844,3
2278,1852,4
2278,1048,4
2278,1049,3
2278,2772,3
2278,2774,5
2278,1207,4
2278,1358,4
2278,2833,4
2278,2077,1
2278,2835,3
2278,1379,5
2278,107,5
2278,2856,4
2278,2858,3
2278,3124,3
2278,3129,5
2278,3002,5
2278,153,4
2278,3149,5
2278,3016,3
2278,1548,3
2278,3024,2
2278,1692,3
2278,1698,4
2278,1705,3
2278,2598,4
2278,3338,5
2278,1737,4
2278,3348,3
2278,1738,3
2278,1742,2
2278,2630,2
2278,1074,3
2278,957,4
2278,1091,3
2280,3404,2
2280,814,5
2280,2862,4
2280,3090,5
2280,2366,3
2280,413,4
2280,2555,3
2280,1048,5
2280,1334,2
2280,2048,5
2280,2953,5
2280,2838,3
2280,1502,1
2280,3002,4
2280,2298,5
2280,3338,5
2280,1061,5
2280,2652,2
2288,1815,3
2288,814,5
2288,2143,5
2288,2541,2
2288,430,5
2288,2094,1
2288,2269,5
2288,900,5
2288,336,5
2288,71,5
2289,1815,5
2289,1955,4
2289,814,3
2289,1410,3
2289,1985,4
2289,2008,4
2289,1459,4
2289,1469,3
2289,1477,4
2289,2336,3
2289,2503,3
2289,423,3
2289,1003,3
2289,1010,4
2289,453,4
2289,1839,2
2289,1159,4
2289,600,2
2289,3470,3
2289,1219,4
2289,2065,3
2289,1504,4
2289,1646,3
2289,2269,5
2289,1542,4
2289,3155,4
2289,10,5
2289,20,2
2289,1698,4
2289,473,4
2289,347,4
2289,3200,2
2289,361,3
2289,1748,3
2289,951,4
2289,1761,2
2289,523,3
2294,1410,5
2294,2904,4
2294,2514,5
2294,2531,5
2294,1166,4
2294,1211,5
2294,3149,4
2294,3155,4
2296,3094,5
2296,3095,4
2296,2514,1
2296,430,4
2296,1219,3
2296,1061,5
2300,2693,5
2300,1151,5
2300,1469,3
2300,3054,4
2300,3292,2
2300,1012,3
2300,1152,4
2300,3455,4
2300,1040,4
2300,1048,5
2300,1759,4
2300,523,4
2307,710,5
2307,2324,4
2307,2565,4
2307,1839,4
2307,1334,5
2307,2409,2
2307,2297,5
2307,2298,5
2307,2652,4
2308,1151,4
2308,827,3
2308,1985,5
2308,838,5
2308,2905,3
2308,3048,3
2308,1469,5
2308,3066,4
2308,3089,2
2308,1159,5
2308,1040,4
2308,719,2
2308,1048,4
2308,1888,3
2308,1198,5
2308,2815,4
2308,2816,4
2308,2822,4
2308,3124,3
2308,1677,5
2308,1681,3
2308,10,5
2308,319,5
2308,1692,4
2308,20,2
2308,1698,3
2308,1705,3
2308,336,4
2308,1737,3
2308,1061,5
2314,1410,3
2314,2008,3
2314,2904,3
2314,2170,1
2314,3050,5
2314,2514,2
2314,462,2
2314,1858,2
2314,1327,2
2314,3149,3
2314,1681,3
2314,18,1
2321,3404,3
2321,557,3
2321,827,4
2321,1986,3
2321,2905,4
2321,3048,4
2321,2565,4
2321,453,4
2321,1188,5
2321,2815,4
2321,1504,4
2321,330,4
2321,336,5
2322,1117,4
2322,2693,3
2322,2701,2
2322,2709,4
2322,2133,2
2322,1435,5
2322,2769,3
2322,2170,4
2322,1459,4
2322,3043,5
2322,1471,2
2322,3050,4
2322,3054,3
2322,208,4
2322,2350,3
2322,232,2
2322,3095,3
2322,3102,4
2322,414,4
2322,430,3
2322,3418,4
2322,2555,3
2322,1010,4
2322,1027,3
2322,3470,5
2322,1048,4
2322,1049,4
2322,1188,3
2322,2774,4
2322,2775,4
2322,2835,4
2322,107,4
2322,2856,2
2322,3002,2
2322,3149,5
2322,1548,2
2322,3155,3
2322,2298,4
2322,1692,4
2322,2584,3
2322,1698,4
2322,1705,4
2322,1706,2
2322,2598,4
2322,1707,3
2322,3332,2
2322,1719,3
2322,2477,4
2322,1737,3
2322,3348,4
2322,3367,4
2322,1074,3
2322,523,4
2322,3509,4
2322,533,5
2326,1117,2
2326,702,4
2326,1410,4
2326,1471,4
2326,2324,5
2326,453,5
2326,626,5
2326,1339,4
2326,1228,3
2326,1358,3
2326,2065,3
2326,1368,2
2326,3155,2
2328,1133,2
2328,823,2
2328,838,5
2328,2324,2
2328,1836,1
2328,949,2
2340,453,5
2340,3470,3
2340,2048,2
2340,2838,5
2340,2111,2
2340,336,5
2340,2630,3
2341,3530,3
2341,2675,4
2341,702,4
2341,3054,2
2341,3235,3
2341,453,3
2341,3470,5
2341,1048,4
2341,629,3
2341,2774,4
2341,1504,1
2341,289,4
2341,1737,4
2341,1072,3
2341,1074,3
2341,1090,5
2346,453,4
2346,1156,5
2346,3149,3
2346,10,3
2346,1698,3
2346,1074,4
2354,1128,3
2354,2709,4
2354,1146,4
2354,810,4
2354,822,1
2354,824,5
2354,1985,4
2354,828,5
2354,841,4
2354,850,4
2354,1477,3
2354,2943,3
2354,246,4
2354,1627,2
2354,3417,5
2354,2555,2
2354,470,5
2354,1048,3
2354,107,2
2354,1642,1
2354,3002,3
2354,2269,3
2354,2298,3
2354,20,4
2354,328,4
2354,1698,3
2354,911,3
2354,2593,2
2354,3338,3
2354,1061,5
2354,3509,4
2365,1828,2
2365,702,4
2365,1410,4
2365,1418,4
2365,3048,3
2365,2324,3
2365,430,5
2365,453,4
2365,1159,4
2365,1228,3
2365,2065,3
2365,1656,4
2365,348,2
2368,823,5
2368,430,5
2368,107,4
2370,1410,5
2370,827,5
2370,2745,4
2370,3048,4
2370,1469,4
2370,2324,1
2370,251,4
2370,430,3
2370,2565,4
2370,1159,4
2370,2822,5
2370,1496,5
2370,2838,1
2370,1504,5
2370,2247,5
2370,10,4
2370,18,2
2370,336,3
2375,3404,2
2375,5,3
2375,1131,4
2375,2694,4
2375,1260,2
2375,1132,4
2375,1146,4
2375,1151,5
2375,814,4
2375,702,3
2375,2862,4
2375,1410,2
2375,1985,3
2375,828,4
2375,1986,4
2375,1988,2
2375,1420,2
2375,2132,3
2375,2752,2
2375,1996,4
2375,2143,2
2375,1435,4
2375,2153,5
2375,2905,4
2375,2913,3
2375,2178,4
2375,3048,4
2375,1469,3
2375,3054,4
2375,2324,2
2375,1477,4
2375,208,4
2375,2492,2
2375,3095,4
2375,3102,4
2375,2370,2
2375,246,3
2375,251,3
2375,1627,4
2375,257,3
2375,258,3
2375,265,2
2375,2389,1
2375,978,4
2375,423,2
2375,2555,4
2375,3428,5
2375,2565,2
2375,3292,4
2375,1159,4
2375,465,4
2375,1846,5
2375,1040,4
2375,717,5
2375,719,3
2375,1048,4
2375,2774,4
2375,2775,3
2375,640,3
2375,1339,3
2375,1220,3
2375,2048,4
2375,1241,3
2375,1357,4
2375,2815,3
2375,2816,4
2375,1358,2
2375,2819,5
2375,2822,3
2375,1502,5
2375,1504,2
2375,2845,4
2375,107,4
2375,2856,3
2375,2111,2
2375,1529,1
2375,3123,1
2375,3002,5
2375,152,2
2375,153,2
2375,1659,5
2375,3155,2
2375,2424,4
2375,1554,4
2375,2298,4
2375,172,2
2375,10,3
2375,178,1
2375,20,4
2375,1698,4
2375,330,2
2375,1705,3
2375,333,2
2375,336,4
2375,347,3
2375,53,2
2375,1738,2
2375,1742,2
2375,1061,5
2375,77,2
2375,951,4
2375,1759,2
2375,1074,3
2375,1761,4
2375,91,3
2375,3509,4
2375,533,4
2382,1117,4
2382,1815,3
2382,1266,2
2382,1146,4
2382,805,4
2382,810,4
2382,811,4
2382,814,4
2382,823,4
2382,706,2
2382,710,4
2382,828,4
2382,2122,2
2382,2750,4
2382,838,4
2382,2132,3
2382,2133,2
2382,2752,5
2382,845,4
2382,850,4
2382,2008,4
2382,1435,3
2382,2905,2
2382,2917,4
2382,1459,5
2382,2178,4
2382,2180,4
2382,2324,3
2382,1477,4
2382,208,4
2382,2336,3
2382,2337,3
2382,1602,4
2382,2491,2
2382,3106,4
2382,3248,4
2382,413,4
2382,418,4
2382,425,3
2382,430,4
2382,1001,4
2382,1003,3
2382,439,4
2382,3292,2
2382,453,3
2382,1152,4
2382,1156,3
2382,1159,4
2382,465,4
2382,470,4
2382,1858,4
2382,1859,5
2382,618,4
2382,626,4
2382,2774,4
2382,1211,4
2382,1334,3
2382,1220,4
2382,765,4
2382,1358,3
2382,2084,3
2382,2088,4
2382,1504,2
2382,2269,3
2382,2409,1
2382,1542,4
2382,295,5
2382,2425,3
2382,3024,4
2382,328,4
2382,1698,4
2382,912,4
2382,2458,3
2382,1705,4
2382,336,4
2382,2598,4
2382,473,4
2382,347,4
2382,348,3
2382,1737,4
2382,3348,1
2382,1738,3
2382,1748,4
2382,2630,2
2382,1751,4
2382,951,5
2382,1074,4
2382,1761,3
2382,1764,2
2382,523,4
2382,1091,4
2382,1095,4
2384,1260,3
2384,814,5
2384,1048,3
2384,1061,5
2392,3395,4
2392,1103,4
2392,5,3
2392,1132,3
2392,2709,4
2392,1146,4
2392,805,4
2392,2769,4
2392,2324,4
2392,3089,4
2392,3095,5
2392,3417,4
2392,3418,4
2392,453,4
2392,1156,5
2392,1048,4
2392,2048,4
2392,2815,4
2392,2838,4
2392,107,4
2392,3002,5
2392,2424,3
2392,20,3
2392,912,3
2392,2477,5
2392,1061,4
2392,71,5
2392,1090,5
2398,2953,4
2402,2675,5
2402,5,2
2402,1117,5
2402,1266,2
2402,805,2
2402,702,3
2402,1410,3
2402,2752,1
2402,1471,1
2402,2324,3
2402,2336,3
2402,1602,2
2402,3102,3
2402,3235,5
2402,3248,1
2402,2389,4
2402,430,4
2402,453,4
2402,1839,3
2402,1156,4
2402,1166,2
2402,626,3
2402,2774,4
2402,765,2
2402,2816,3
2402,2065,4
2402,3002,4
2402,3149,3
2402,157,5
2402,333,4
2402,336,5
2402,1737,3
2402,1738,3
2402,1748,4
2402,1074,3
2414,2680,3
2414,2186,3
2414,3050,4
2414,251,4
2414,453,3
2414,18,5
2414,523,1
2419,1469,4
2419,2349,3
2419,1156,5
2419,2816,2
2419,153,5
2419,168,2
2419,1737,5
2419,2630,3
2419,1074,5
2427,1128,5
2427,1146,4
2427,805,5
2427,810,4
2427,811,4
2427,841,5
2427,850,4
2427,3054,1
2427,453,4
2427,1159,4
2427,1048,3
2427,2953,4
2427,3124,4
2427,3002,5
2427,10,4
2427,900,4
2427,1737,4
2427,1074,5
2443,1815,4
2443,814,4
2443,875,3
2443,2917,2
2443,2176,2
2443,2309,1
2443,2531,4
2443,582,4
2443,1211,4
2443,747,5
2443,2221,4
2443,1500,4
2443,1646,5
2443,2585,1
2443,915,4
2443,1719,3
2443,1730,1
2443,1742,4
2443,951,5
2443,523,4
2445,5,4
2445,1117,4
2445,557,4
2445,1146,5
2445,1151,5
2445,702,4
2445,706,3
2445,1985,5
2445,1297,4
2445,2128,5
2445,2132,4
2445,2143,3
2445,1435,3
2445,2170,3
2445,2917,4
2445,1459,5
2445,1471,4
2445,3054,4
2445,2324,4
2445,208,5
2445,2336,4
2445,1627,4
2445,3248,4
2445,400,3
2445,2389,3
2445,403,3
2445,2527,4
2445,413,3
2445,422,4
2445,430,4
2445,1001,4
2445,439,3
2445,3301,4
2445,3305,3
2445,453,3
2445,1152,4
2445,1156,5
2445,1159,5
2445,1846,4
2445,3470,5
2445,1040,4
2445,618,4
2445,1334,3
2445,1219,3
2445,1220,3
2445,2815,4
2445,2816,4
2445,1358,1
2445,1492,5
2445,2221,4
2445,2838,4
2445,2084,4
2445,2088,4
2445,107,5
2445,2249,3
2445,1528,5
2445,3002,4
2445,1656,4
2445,3147,4
2445,3149,4
2445,2425,4
2445,2298,4
2445,20,4
2445,1698,5
2445,1705,5
2445,1706,4
2445,336,5
2445,2461,3
2445,2598,5
2445,347,1
2445,1719,3
2445,2477,4
2445,1737,5
2445,3348,4
2445,1738,5
2445,1742,5
2445,1061,4
2445,1748,4
2445,3359,3
2445,1071,5
2445,951,5
2445,3367,5
2445,1074,5
2445,523,3
2445,3387,4
2450,3404,2
2450,2680,4
2450,1128,5
2450,679,3
2450,1266,2
2450,1410,3
2450,2132,3
2450,2133,2
2450,2143,3
2450,2904,3
2450,2178,4
2450,3043,3
2450,2186,3
2450,2324,3
2450,2514,4
2450,2531,2
2450,453,4
2450,1156,4
2450,1048,5
2450,1358,3
2450,1504,3
2450,3002,3
2450,18,2
2450,1692,4
2450,3355,2
2450,951,4
2450,1074,4
2453,1117,4
2453,557,4
2453,1815,3
2453,1828,3
2453,814,4
2453,702,4
2453,710,3
2453,1410,3
2453,1985,3
2453,2122,3
2453,1420,4
2453,2132,5
2453,2133,4
2453,2008,3
2453,2180,3
2453,3054,4
2453,2324,4
2453,2336,3
2453,2337,3
2453,3235,4
2453,413,4
2453,423,4
2453,430,4
2453,439,2
2453,453,4
2453,1839,3
2453,1159,4
2453,470,4
2453,1859,4
2453,3470,2
2453,1048,3
2453,2775,5
2453,1219,4
2453,1220,2
2453,757,2
2453,765,4
2453,1358,3
2453,1504,3
2453,2111,4
2453,3149,3
2453,293,4
2453,2425,4
2453,172,4
2453,10,3
2453,319,5
2453,20,3
2453,1698,5
2453,911,4
2453,912,4
2453,330,4
2453,336,4
2453,2598,4
2453,480,2
2453,347,4
2453,1737,4
2453,1742,4
2453,1061,3
2453,77,4
2453,1748,4
2453,951,3
2469,710,2
2469,1048,5
2469,107,3
2469,347,4
2471,1117,5
2471,557,4
2471,1128,4
2471,814,4
2471,1985,5
2471,1435,4
2471,2905,5
2471,1459,4
2471,1471,2
2471,3054,5
2471,2324,4
2471,208,4
2471,3095,3
2471,3102,3
2471,3248,3
2471,3121,4
2471,2389,3
2471,978,3
2471,413,3
2471,3418,4
2471,2555,4
2471,1003,4
2471,576,3
2471,1852,4
2471,3470,5
2471,719,2
2471,1048,5
2471,1188,4
2471,1334,3
2471,2815,3
2471,2221,2
2471,2838,4
2471,101,3
2471,1504,3
2471,107,4
2471,3002,5
2471,1656,2
2471,1542,3
2471,3155,3
2471,10,3
2471,1692,4
2471,20,5
2471,328,4
2471,1698,4
2471,1705,5
2471,333,2
2471,336,5
2471,2598,3
2471,473,3
2471,1719,4
2471,1737,2
2471,1738,2
2471,1748,3
2471,951,3
2471,1074,4
2471,523,4
2475,1934,4
2475,1128,4
2475,2913,5
2475,257,3
2475,3121,4
2475,1001,5
2475,1152,4
2475,1040,5
2475,1048,4
2475,1207,4
2475,2816,5
2475,107,4
2475,3002,5
2475,1692,5
2475,336,5
2486,557,2
2486,1151,2
2486,2733,4
2486,1159,4
2486,3002,4
2486,348,4
2487,978,4
2487,2775,5
2487,107,4
2487,3155,2
2487,1698,5
2487,336,5
2488,1100,4
2488,3404,4
2488,1117,4
2488,557,5
2488,1128,5
2488,1815,4
2488,702,4
2488,710,2
2488,1410,3
2488,1985,3
2488,1418,3
2488,1425,3
2488,850,4
2488,2143,4
2488,1435,2
2488,1438,3
2488,2904,3
2488,875,4
2488,1459,3
2488,2180,4
2488,3043,4
2488,3048,4
2488,2927,3
2488,1608,2
2488,2366,3
2488,3102,3
2488,1627,3
2488,2527,3
2488,2531,4
2488,413,3
2488,430,3
2488,3417,3
2488,1003,3
2488,3292,2
2488,453,4
2488,1156,4
2488,1159,4
2488,465,2
2488,1852,3
2488,1035,3
2488,1040,4
2488,1048,5
2488,1049,3
2488,1188,4
2488,629,4
2488,1339,4
2488,2815,4
2488,2816,5
2488,1492,3
2488,2953,4
2488,2221,2
2488,2961,3
2488,2838,3
2488,1500,4
2488,101,3
2488,1504,3
2488,107,3
2488,3124,3
2488,2409,3
2488,1542,3
2488,152,3
2488,1659,3
2488,3149,3
2488,319,4
2488,20,2
2488,1698,4
2488,330,3
2488,1705,4
2488,336,4
2488,473,4
2488,347,3
2488,348,4
2488,361,4
2488,1737,4
2488,1061,4
2488,3359,2
2488,2630,3
2488,1074,3
2488,957,2
2488,523,3
2488,2652,3
2489,1548,5
2490,3530,2
2490,3537,1
2490,1260,3
2490,814,3
2490,1410,4
2490,2324,5
2490,3089,5
2490,2366,4
2490,3235,4
2490,453,4
2490,3470,2
2490,765,4
2490,1358,5
2490,2065,4
2490,1500,1
2490,2111,1
2490,153,4
2490,1552,3
2490,1698,5
2490,1706,1
2490,1707,1
2490,89,1
2490,92,4
2494,2324,3
2494,413,4
2494,719,3
2494,1504,2
2494,1542,4
2494,10,5
2494,319,4
2494,3351,4
2494,71,5
2497,1100,5
2497,3530,4
2497,1934,5
2497,557,4
2497,1260,2
2497,1273,3
2497,2113,4
2497,1410,4
2497,1985,3
2497,828,3
2497,2745,4
2497,845,3
2497,2886,5
2497,2904,2
2497,2178,3
2497,1580,1
2497,2492,3
2497,3094,4
2497,251,1
2497,2514,4
2497,400,1
2497,2389,1
2497,430,4
2497,2555,2
2497,2565,3
2497,1156,2
2497,3452,5
2497,1166,3
2497,1188,4
2497,1913,4
2497,1920,4
2497,1358,3
2497,779,2
2497,3004,4
2497,153,3
2497,330,3
2497,348,4
2497,363,3
2497,3506,1
2500,3404,3
2500,1117,5
2500,2693,4
2500,814,5
2500,208,4
2500,2389,2
2500,3288,4
2500,1159,4
2500,1040,4
2500,1048,4
2500,3002,5
2500,2424,4
2500,1061,5
2500,3359,3
2504,1151,5
2504,1410,5
2504,2122,3
2504,2324,4
2504,3470,4
2504,2835,4
2504,336,5
2507,3404,5
2507,1955,4
2507,3235,4
2507,2389,5
2507,1010,4
2507,1334,4
2507,2410,4
2507,3155,4
2507,1737,3
2507,3509,4
2507,1773,3
2509,3530,5
2509,814,5
2509,710,5
2509,2324,4
2509,2630,2
2509,951,5
2511,1128,5
2511,2324,2
2511,3095,4
2511,3101,4
2511,2819,2
2511,1681,4
2511,1061,5
2518,814,5
2518,2324,5
2518,1580,4
2518,2816,5
2518,3137,4
2518,336,4
2518,347,4
2518,1074,4
2522,5,3
2522,1117,3
2522,1128,4
2522,1815,4
2522,814,5
2522,2324,5
2522,208,4
2522,2541,5
2522,453,3
2522,1839,4
2522,1159,4
2522,1035,4
2522,2816,5
2522,1698,4
2522,1706,2
2522,336,5
2522,2598,3
2522,1707,1
2522,2477,5
2522,1737,4
2522,1742,4
2522,951,4
2522,1074,3
2522,523,5
2522,1095,5
2523,1128,4
2523,1146,4
2523,828,4
2523,850,4
2523,336,4
2523,2598,2
2527,5,5
2527,1985,4
2527,2514,3
2527,1166,5
2527,1220,2
2527,2822,3
2527,1656,2
2527,1548,3
2527,157,2
2527,1698,4
2527,647,3
2530,1117,1
2530,811,5
2530,823,5
2530,828,5
2530,3101,4
2530,1159,5
2530,470,4
2530,719,4
2530,1504,3
2530,107,3
2533,1128,5
2533,805,5
2533,822,5
2533,828,3
2533,1048,5
2533,2953,3
2533,1504,5
2533,3002,4
2533,293,2
2533,2298,3
2533,319,3
2535,1117,4
2535,983,3
2535,413,4
2535,418,3
2535,1048,4
2535,2816,3
2535,2961,2
2535,2247,3
2535,1542,2
2535,3155,3
2535,10,4
2535,20,3
2535,336,4
2535,473,3
2548,557,5
2548,2324,1
2548,2563,3
2548,453,1
2548,757,1
2551,1117,5
2551,1410,4
2551,2132,4
2551,3048,2
2551,1469,4
2551,2324,5
2551,1477,2
2551,262,4
2551,430,4
2551,453,4
2551,1159,3
2551,1504,3
2551,20,3
2551,1698,4
2551,1705,4
2551,336,4
2551,2598,4
2551,473,4
2551,347,2
2551,1737,4
2551,1738,4
2558,3404,5
2558,2680,3
2558,1117,4
2558,557,4
2558,1828,4
2558,702,4
2558,710,4
2558,1985,5
2558,1418,4
2558,1469,4
2558,1471,4
2558,2324,4
2558,2492,4
2558,2370,4
2558,2527,4
2558,413,4
2558,430,5
2558,439,4
2558,2565,2
2558,453,5
2558,717,3
2558,747,3
2558,1334,3
2558,1220,4
2558,2048,3
2558,2815,4
2558,1358,3
2558,101,4
2558,1529,3
2558,2409,2
2558,1659,3
2558,2298,4
2558,330,3
2558,336,5
2558,473,4
2558,347,3
2558,1737,5
2558,1742,3
2558,3359,5
2558,951,4
2566,5,3
2566,1117,3
2566,1146,3
2566,1151,3
2566,814,4
2566,702,3
2566,2113,4
2566,2733,5
2566,2737,4
2566,1985,3
2566,2752,3
2566,2178,4
2566,2928,5
2566,1469,3
2566,1471,3
2566,2324,3
2566,208,4
2566,3102,4
2566,3248,2
2566,400,3
2566,2541,4
2566,3413,2
2566,430,5
2566,3417,4
2566,439,3
2566,453,3
2566,1839,4
2566,1156,3
2566,1159,4
2566,1844,3
2566,1846,4
2566,1852,4
2566,1166,4
2566,1048,4
2566,1219,3
2566,2815,4
2566,1358,1
2566,2822,4
2566,2088,3
2566,107,3
2566,2858,3
2566,3149,3
2566,10,4
2566,20,2
2566,1705,5
2566,336,2
2566,480,2
2566,1719,3
2566,1737,3
2566,1748,3
2566,1071,5
2566,951,4
2566,1074,4
2566,523,1
2566,92,3
2566,3509,2
2566,1095,3
2568,3530,3
2568,453,3
2568,1048,5
2568,1358,3
2568,1705,4
2568,523,4
2568,1091,5
2572,5,4
2572,2694,4
2572,1146,4
2572,1410,3
2572,3048,3
2572,3054,3
2572,430,5
2572,453,4
2572,1156,5
2572,2774,4
2572,2858,4
2572,3016,5
2572,2297,3
2572,336,4
2572,3332,3
2572,1737,4
2572,1074,4
2574,2680,4
2574,5,5
2574,1266,3
2574,702,5
2574,1410,3
2574,2752,3
2574,3048,5
2574,2324,2
2574,2370,4
2574,2514,4
2574,3248,2
2574,2389,2
2574,2527,3
2574,430,4
2574,2565,4
2574,576,4
2574,1048,3
2574,1219,4
2574,1228,4
2574,2065,5
2574,2082,2
2574,2858,3
2574,153,4
2574,3149,4
2574,3016,5
2574,2424,3
2574,2425,3
2574,1552,4
2574,333,2
2574,1737,5
2574,3348,2
2574,1738,4
2574,1074,4
2574,92,4
2574,2652,2
2584,557,3
2584,1146,4
2584,805,3
2584,814,5
2584,1985,4
2584,1420,4
2584,1469,4
2584,3094,3
2584,430,5
2584,2555,4
2584,1156,4
2584,1858,2
2584,1048,4
2584,629,4
2584,2775,4
2584,1334,3
2584,1219,4
2584,2815,5
2584,2816,4
2584,2819,3
2584,2835,4
2584,3002,4
2584,1542,3
2584,1692,3
2584,336,4
2584,1737,4
2584,1748,4
2585,2693,4
2585,1128,3
2585,1627,3
2585,2555,4
2585,1920,5
2585,107,5
2585,1061,5
2600,2324,2
2600,251,4
2600,3417,5
2600,460,4
2600,3470,5
2600,1698,4
2600,363,4
2603,1117,3
2603,814,4
2603,1459,5
2603,208,4
2603,3235,4
2603,414,1
2603,453,3
2603,1159,4
2603,1048,5
2603,2838,5
2603,2845,5
2603,107,4
2603,2424,5
2603,336,5
2603,2598,4
2603,951,5
2603,1074,4
2609,1263,1
2609,453,4
2609,2961,3
2609,1504,2
2609,2111,4
2609,157,3
2615,1128,4
2615,814,4
2615,2913,3
2615,2303,2
2615,1469,3
2615,1627,4
2615,257,3
2615,3417,4
2615,3428,2
2615,1040,3
2615,1048,4
2615,1061,4
2621,1435,4
2621,1504,5
2621,319,4
2624,3530,3
2624,1934,3
2624,1146,3
2624,1151,3
2624,702,4
2624,2733,4
2624,2737,4
2624,2162,3
2624,2170,5
2624,1471,3
2624,2346,3
2624,3102,3
2624,3248,3
2624,400,3
2624,3268,3
2624,3301,1
2624,453,3
2624,3444,3
2624,1852,3
2624,1166,4
2624,1048,4
2624,1186,3
2624,2221,3
2624,2409,4
2624,1681,3
2624,336,4
2624,2469,3
2624,1719,5
2624,1720,3
2624,3374,2
2627,557,1
2627,2693,4
2627,1131,5
2627,2701,4
2627,1815,2
2627,1985,1
2627,1986,1
2627,2122,2
2627,2132,1
2627,2753,4
2627,1435,4
2627,2904,4
2627,2905,3
2627,2913,2
2627,2180,2
2627,1469,4
2627,3054,4
2627,1475,5
2627,251,3
2627,1627,4
2627,258,2
2627,3121,5
2627,1637,5
2627,3292,3
2627,1159,2
2627,719,2
2627,1048,4
2627,2019,4
2627,2048,5
2627,2813,2
2627,777,4
2627,1492,4
2627,1502,5
2627,107,5
2627,3002,5
2627,2279,5
2627,289,5
2627,152,2
2627,1692,5
2627,20,2
2627,327,2
2627,1698,3
2627,330,3
2627,1705,3
2627,336,1
2627,3198,5
2627,934,4
2627,361,5
2627,76,2
2627,1759,3
2627,91,4
2627,647,1
2636,2680,1
2636,2389,1
2636,2527,4
2636,1040,2
2636,2048,4
2636,2838,4
2636,2409,3
2636,2652,4
2644,1117,4
2644,557,3
2644,1815,4
2644,1266,4
2644,1410,3
2644,2122,3
2644,2132,3
2644,2752,3
2644,1435,4
2644,2905,4
2644,1459,4
2644,3048,3
2644,1469,4
2644,2324,3
2644,208,4
2644,2491,3
2644,2370,4
2644,251,4
2644,2389,3
2644,413,4
2644,414,2
2644,430,5
2644,2565,3
2644,444,2
2644,3305,2
2644,453,4
2644,1152,4
2644,1839,4
2644,1159,4
2644,2775,4
2644,2048,4
2644,2815,4
2644,2065,4
2644,2221,3
2644,2838,3
2644,2084,3
2644,2088,3
2644,101,3
2644,2247,3
2644,2249,3
2644,1542,4
2644,153,3
2644,3147,3
2644,3149,4
2644,2425,3
2644,1552,3
2644,2298,2
2644,10,3
2644,319,3
2644,20,4
2644,1698,2
2644,1705,4
2644,336,4
2644,473,5
2644,347,3
2644,1742,3
2644,1748,3
2644,1074,4
2644,957,2
2647,3530,4
2647,1117,3
2647,805,4
2647,814,5
2647,845,5
2647,850,3
2647,2324,3
2647,208,5
2647,232,4
2647,1010,5
2647,444,4
2647,1852,5
2647,20,4
2647,1719,3
2647,1061,5
2647,951,5
2647,1090,5
2649,1146,5
2649,1469,4
2649,2366,4
2649,1159,3
2649,1048,5
2649,1219,5
2649,2410,1
2649,1692,5
2649,1698,5
2649,336,5
2649,1061,5
2661,251,3
2661,453,4
2661,1048,4
2661,1358,3
2661,3002,4
2661,1705,4
2667,1117,4
2667,1815,4
2667,1828,4
2667,805,5
2667,811,5
2667,814,4
2667,828,4
2667,830,3
2667,2753,4
2667,850,4
2667,2917,3
2667,1580,3
2667,2336,4
2667,1627,3
2667,413,4
2667,414,3
2667,3268,2
2667,453,4
2667,3444,1
2667,1152,5
2667,1159,4
2667,470,4
2667,1035,3
2667,1858,3
2667,3470,3
2667,1211,2
2667,1219,4
2667,2221,2
2667,1500,2
2667,101,3
2667,107,4
2667,1542,3
2667,3024,2
2667,2298,4
2667,307,3
2667,319,3
2667,20,4
2667,328,4
2667,1705,4
2667,2598,5
2667,473,3
2667,1737,4
2667,1061,4
2667,1748,3
2667,957,4
2667,3509,3
2674,702,2
2674,710,2
2674,1471,2
2674,2324,4
2674,2389,2
2674,453,4
2674,1839,2
2674,951,4
2674,529,3
2675,3395,5
2675,1103,4
2675,1803,5
2675,557,4
2675,1128,5
2675,1132,5
2675,1955,4
2675,1957,4
2675,814,4
2675,2862,4
2675,1997,5
2675,2905,4
2675,875,5
2675,1477,4
2675,232,3
2675,3089,5
2675,3095,5
2675,246,4
2675,251,4
2675,3121,4
2675,3417,4
2675,1152,5
2675,1035,2
2675,1040,4
2675,717,5
2675,629,4
2675,1207,4
2675,2048,4
2675,2815,4
2675,2816,5
2675,2822,4
2675,2835,3
2675,1507,4
2675,107,4
2675,3002,3
2675,289,4
2675,295,5
2675,2421,4
2675,1554,4
2675,10,4
2675,900,5
2675,1692,4
2675,20,4
2675,348,4
2675,363,4
2675,2623,4
2675,1061,5
2675,1071,4
2675,951,4
2675,1761,4
2675,523,3
2675,3509,4
2676,1260,4
2676,2917,3
2676,1469,5
2676,1188,3
2676,2065,4
2676,2858,5
2676,1698,4
2676,3198,3
2682,3404,3
2682,2680,4
2682,5,5
2682,1117,4
2682,557,4
2682,814,4
2682,702,5
2682,1410,5
2682,1985,5
2682,2752,4
2682,2143,4
2682,1459,5
2682,3048,4
2682,1469,5
2682,1471,4
2682,3054,4
2682,2324,3
2682,208,4
2682,3102,4
2682,2527,5
2682,413,4
2682,430,5
2682,3305,5
2682,453,4
2682,1156,5
2682,1159,5
2682,1035,3
2682,1166,5
2682,719,4
2682,1048,4
2682,1188,5
2682,1219,4
2682,1220,3
2682,1228,4
2682,2065,4
2682,2835,5
2682,2838,4
2682,1504,5
2682,107,5
2682,2247,4
2682,3002,5
2682,1656,5
2682,1542,5
2682,153,5
2682,3149,5
2682,1552,5
2682,319,4
2682,20,4
2682,1698,5
2682,330,5
2682,1705,5
2682,333,3
2682,336,5
2682,2598,4
2682,473,4
2682,480,3
2682,348,4
2682,487,4
2682,1737,5
2682,1742,4
2682,1074,5
2682,92,5
2683,1117,4
2683,1132,3
2683,1146,3
2683,805,4
2683,810,4
2683,814,3
2683,710,3
2683,2753,3
2683,1435,3
2683,2913,4
2683,1469,3
2683,3054,3
2683,2930,3
2683,208,2
2683,232,5
2683,1627,3
2683,2389,3
2683,444,5
2683,1159,4
2683,1846,4
2683,1031,5
2683,1035,4
2683,1044,4
2683,1048,4
2683,1334,1
2683,2042,4
2683,2048,2
2683,1234,4
2683,2838,3
2683,1502,3
2683,3002,4
2683,295,3
2683,2298,4
2683,174,3
2683,10,2
2683,2598,4
2683,347,2
2683,1742,3
2683,951,4
2683,3509,3
2686,5,5
2686,1166,3
2686,2632,4
2689,2113,4
2689,3121,4
2689,717,5
2689,107,4
2689,319,4
2691,1805,4
2691,1410,3
2691,2752,5
2691,1425,2
2691,3048,2
2691,2324,4
2691,1475,4
2691,1477,5
2691,246,4
2691,2389,2
2691,414,5
2691,430,4
2691,1010,5
2691,719,2
2691,1204,4
2691,2048,5
2691,2815,5
2691,2065,4
2691,2838,3
2691,1504,4
2691,153,4
2691,1552,3
2691,20,3
2691,1705,5
2691,71,4
2691,1077,5
2691,523,4
2692,3395,5
2692,1934,4
2692,557,2
2692,2693,5
2692,1128,4
2692,2709,2
2692,1146,3
2692,1151,4
2692,2905,5
2692,873,5
2692,3094,4
2692,978,3
2692,2555,3
2692,1156,3
2692,3470,5
2692,1048,4
2692,1188,5
2692,2819,5
2692,3004,4
2692,2269,5
2692,3016,5
2692,2424,3
2692,1672,4
2692,1677,3
2692,1681,4
2692,1698,4
2692,336,4
2692,1061,5
2693,702,5
2693,2917,5
2693,2324,5
2693,3235,5
2693,2514,5
2693,453,5
2693,1166,4
2693,1048,5
2693,1358,5
2693,1500,4
2693,2298,5
2693,18,5
2693,911,5
2693,1705,5
2693,1706,2
2693,1707,2
2693,1742,5
2693,523,5
2699,655,2
2699,5,3
2699,1117,5
2699,557,4
2699,1260,3
2699,2709,3
2699,2113,4
2699,1985,4
2699,2745,5
2699,1420,2
2699,2152,4
2699,2904,3
2699,2905,4
2699,1477,4
2699,1602,1
2699,3102,5
2699,251,5
2699,2530,5
2699,414,2
2699,430,3
2699,460,2
2699,1035,4
2699,717,5
2699,1048,5
2699,629,5
2699,2775,3
2699,747,3
2699,1220,1
2699,2813,2
2699,2815,5
2699,2816,3
2699,2822,2
2699,2065,3
2699,2221,4
2699,2838,5
2699,101,2
2699,1504,4
2699,107,5
2699,1529,3
2699,3004,4
2699,1656,3
2699,152,2
2699,295,5
2699,157,1
2699,3155,3
2699,2298,5
2699,1557,5
2699,20,4
2699,330,2
2699,347,3
2699,348,3
2699,363,2
2699,76,3
2699,3359,3
2699,85,1
2699,2652,4
2699,647,3
2700,5,3
2700,2694,5
2700,1828,4
2700,702,4
2700,710,2
2700,2752,2
2700,3048,5
2700,2927,4
2700,2324,2
2700,1580,3
2700,3235,4
2700,430,4
2700,3305,1
2700,1035,5
2700,1220,2
2700,757,1
2700,2816,5
2700,1358,2
2700,2065,4
2700,2831,1
2700,2961,2
2700,1656,1
2700,3016,5
2700,1548,3
2700,1552,3
2700,20,2
2700,480,4
2700,347,5
2701,2514,3
2701,258,3
2701,400,3
2701,1166,4
2701,1500,1
2701,2409,1
2701,523,3
2701,2652,2
2707,2178,4
2707,208,5
2707,2370,2
2707,2389,3
2707,2565,1
2707,2838,4
2707,2409,2
2707,2424,3
2707,2297,2
2707,2298,4
2707,2652,2
2709,2324,3
2709,3235,4
2709,3305,2
2709,3455,4
2709,2816,3
2709,2961,2
2709,3506,2
2709,3509,4
2718,1100,5
2718,1128,3
2718,2702,5
2718,2709,4
2718,1146,5
2718,805,5
2718,814,4
2718,845,5
2718,850,5
2718,3233,4
2718,3248,3
2718,3266,4
2718,3418,4
2718,3420,4
2718,2555,2
2718,2561,3
2718,1152,3
2718,1049,3
2718,1920,5
2718,107,5
2718,2477,4
2718,3338,5
2718,2612,4
2718,1747,4
2718,1071,4
2718,951,5
2718,3367,4
2722,1117,4
2722,2128,2
2722,1459,3
2722,2180,4
2722,208,5
2722,2523,4
2722,414,3
2722,444,2
2722,1159,3
2722,3470,4
2722,1234,4
2722,3147,2
2722,2298,3
2722,1705,5
2722,2598,4
2722,533,1
2726,557,3
2726,1828,1
2726,814,4
2726,702,3
2726,875,4
2726,2324,4
2726,3305,3
2726,453,3
2726,1839,3
2726,626,2
2726,2774,3
2726,1219,3
2726,757,2
2726,1646,4
2726,1705,2
2726,1072,5
2726,1074,5
2744,1260,4
2744,1815,5
2744,1828,4
2744,810,3
2744,811,4
2744,702,4
2744,1410,4
2744,827,5
2744,1985,4
2744,2769,4
2744,2180,3
2744,2927,4
2744,1469,3
2744,2324,4
2744,1475,4
2744,251,4
2744,430,4
2744,2565,3
2744,3292,4
2744,453,3
2744,1156,5
2744,1159,5
2744,1859,4
2744,719,4
2744,1888,4
2744,1358,3
2744,1504,4
2744,2858,4
2744,1529,2
2744,1542,3
2744,152,4
2744,153,4
2744,3155,2
2744,10,4
2744,319,4
2744,330,4
2744,1705,3
2744,336,5
2744,1737,5
2744,1738,4
2744,1748,4
2744,1074,4
2750,1934,4
2750,1117,4
2750,1943,3
2750,2694,5
2750,1132,4
2750,814,4
2750,822,4
2750,824,4
2750,828,3
2750,1435,3
2750,2769,3
2750,2913,3
2750,1459,4
2750,2180,3
2750,2492,4
2750,1003,4
2750,453,3
2750,1159,4
2750,470,2
2750,1844,2
2750,3470,3
2750,1048,5
2750,2775,5
2750,1334,4
2750,1913,3
2750,1920,5
2750,1504,3
2750,10,2
2750,1692,4
2750,1698,5
2750,1705,4
2750,336,4
2750,2598,4
2750,473,5
2750,2623,4
2750,2630,3
2750,957,3
2753,1117,5
2753,1128,5
2753,1815,2
2753,2709,3
2753,2733,4
2753,2180,4
2753,3090,4
2753,413,5
2753,1156,4
2753,1159,5
2753,1858,3
2753,2838,4
2753,3002,5
2753,10,4
2753,319,4
2753,20,2
2753,1705,4
2753,336,5
2753,2598,4
2753,348,2
2753,1737,5
2753,1748,5
2753,523,5
2761,2680,4
2761,2370,3
2761,2514,3
2761,2389,3
2761,430,5
2761,1156,4
2761,1048,5
2761,2021,4
2761,107,4
2761,2424,4
2768,1117,4
2768,557,5
2768,1815,2
2768,811,5
2768,814,4
2768,827,5
2768,828,4
2768,850,5
2768,2902,2
2768,3054,3
2768,3089,5
2768,430,3
2768,576,4
2768,3439,2
2768,1159,2
2768,1220,1
2768,2042,5
2768,2819,4
2768,1500,3
2768,1504,1
2768,125,1
2768,2269,5
2768,1659,4
2768,333,5
2768,2598,5
2768,951,5
2768,1074,3
2769,2324,5
2769,3235,4
2769,453,5
2769,1706,1
2769,336,5
2774,1010,4
2774,2845,5
2774,3198,5
2774,2640,5
2775,1117,5
2775,557,5
2775,2694,4
2775,1815,4
2775,1955,4
2775,706,2
2775,1985,5
2775,1986,4
2775,2122,5
2775,2128,4
2775,2132,5
2775,2133,4
2775,1996,2
2775,2143,5
2775,1435,4
2775,2905,5
2775,1459,3
2775,2180,3
2775,1469,5
2775,1471,3
2775,2324,4
2775,1477,5
2775,208,5
2775,2366,5
2775,2370,5
2775,251,5
2775,2523,3
2775,265,5
2775,413,5
2775,414,5
2775,453,5
2775,1159,4
2775,1846,5
2775,1858,1
2775,3470,5
2775,1176,4
2775,719,5
2775,2774,4
2775,2775,5
2775,2815,5
2775,2084,3
2775,101,4
2775,2094,1
2775,2247,2
2775,2249,3
2775,1542,4
2775,3147,5
2775,2425,4
2775,2297,3
2775,18,3
2775,20,3
2775,1698,4
2775,912,5
2775,1705,5
2775,1706,1
2775,336,5
2775,2461,3
2775,2598,5
2775,1707,1
2775,473,3
2775,347,3
2775,348,4
2775,361,4
2775,1737,2
2775,1738,2
2775,1748,3
2775,86,2
2777,1117,4
2777,557,2
2777,1259,5
2777,1132,4
2777,805,4
2777,828,4
2777,2753,5
2777,3048,4
2777,1477,4
2777,1156,5
2777,1159,4
2777,1846,4
2777,717,5
2777,3002,5
2777,328,3
2777,336,5
2777,2598,4
2777,1091,4
2777,533,2
2779,208,5
2779,1035,4
2779,1048,4
2779,2838,3
2779,3123,3
2779,2298,4
2779,2652,4
2786,2680,4
2786,1117,4
2786,557,4
2786,1128,4
2786,814,4
2786,3048,4
2786,2930,4
2786,208,4
2786,2555,4
2786,1159,5
2786,2775,3
2786,1334,2
2786,2042,5
2786,2816,3
2786,2838,2
2786,1504,4
2786,107,5
2786,2249,4
2786,2409,1
2786,1698,5
2786,1705,4
2786,1737,4
2786,71,3
2795,3530,3
2795,549,2
2795,2675,4
2795,1117,1
2795,557,1
2795,1128,2
2795,1815,4
2795,1828,3
2795,1146,3
2795,810,3
2795,811,2
2795,814,3
2795,702,3
2795,828,3
2795,838,2
2795,2752,3
2795,850,4
2795,2008,3
2795,1435,3
2795,2769,1
2795,2902,2
2795,2161,1
2795,2917,1
2795,2180,1
2795,1471,2
2795,2324,2
2795,1477,4
2795,1580,2
2795,3066,1
2795,208,4
2795,2336,2
2795,2337,1
2795,2350,1
2795,3089,3
2795,243,1
2795,257,4
2795,3248,1
2795,2389,1
2795,978,3
2795,413,4
2795,430,3
2795,3283,1
2795,439,1
2795,3301,1
2795,453,4
2795,1839,4
2795,1156,2
2795,1166,3
2795,1859,4
2795,1188,4
2795,739,3
2795,1219,4
2795,2048,4
2795,1358,1
2795,2221,1
2795,1504,3
2795,3002,2
2795,1646,3
2795,2269,3
2795,2409,2
2795,1542,3
2795,153,3
2795,2411,4
2795,3149,2
2795,2298,3
2795,307,1
2795,172,2
2795,10,3
2795,318,3
2795,1698,2
2795,1705,2
2795,333,2
2795,336,4
2795,915,1
2795,2598,2
2795,949,3
2795,373,1
2795,1748,2
2795,1753,1
2795,951,4
2795,522,3
2795,523,5
2795,92,1
2799,3404,4
2799,1117,2
2799,702,5
2799,1410,4
2799,1985,5
2799,2143,3
2799,2902,5
2799,3048,1
2799,3083,3
2799,2492,5
2799,251,3
2799,413,5
2799,453,5
2799,1859,5
2799,1188,4
2799,2815,5
2799,2816,5
2799,2822,3
2799,2841,1
2799,1504,5
2799,2298,4
2799,319,4
2799,1705,5
2799,347,1
2799,3351,2
2799,3359,1
2799,3506,3
2800,2680,4
2800,208,3
2800,3083,3
2800,2527,4
2800,2565,3
2800,1334,2
2800,2048,3
2800,2816,3
2800,2961,2
2800,2838,2
2800,1502,3
2800,2249,4
2800,3155,4
2800,2297,1
2800,2298,2
2800,3181,2
2800,2461,1
2800,3359,5
2800,2652,3
2803,1117,5
2803,679,4
2803,1828,2
2803,1273,4
2803,702,4
2803,1410,3
2803,828,5
2803,838,4
2803,2133,3
2803,1435,4
2803,3048,5
2803,2324,5
2803,1580,4
2803,2491,3
2803,2514,4
2803,413,4
2803,576,4
2803,453,5
2803,1159,4
2803,1859,4
2803,1219,4
2803,1220,3
2803,1228,4
2803,1358,3
2803,2065,4
2803,1656,4
2803,157,5
2803,307,4
2803,10,5
2803,20,4
2803,333,4
2803,336,3
2803,43,3
2803,347,4
2803,348,3
2803,1737,5
2803,1738,4
2803,951,5
2803,1074,3
2803,92,3
2814,2680,3
2814,557,3
2814,702,3
2814,251,4
2814,3248,3
2814,2389,3
2814,430,5
2814,1001,5
2814,336,4
2815,2324,4
2815,430,5
2815,453,4
2815,765,2
2815,1358,4
2815,2077,1
2815,1737,5
2817,1117,5
2817,1955,4
2817,702,4
2817,706,2
2817,710,4
2817,1410,3
2817,1996,5
2817,2008,2
2817,1435,3
2817,2161,1
2817,2917,3
2817,1459,5
2817,1471,4
2817,2324,3
2817,1477,3
2817,208,5
2817,2492,4
2817,251,4
2817,3106,4
2817,3248,4
2817,1637,4
2817,430,4
2817,2555,4
2817,576,5
2817,444,5
2817,453,3
2817,1839,3
2817,1159,4
2817,1844,2
2817,1031,5
2817,1166,3
2817,1048,4
2817,1049,4
2817,1188,3
2817,1334,3
2817,1219,3
2817,1234,4
2817,2816,4
2817,1492,2
2817,101,4
2817,1504,3
2817,107,4
2817,2247,4
2817,1542,5
2817,153,4
2817,1659,4
2817,3149,3
2817,1692,4
2817,1698,4
2817,336,4
2817,473,4
2817,347,2
2817,1738,2
2817,1742,4
2817,1061,4
2817,1747,3
2817,951,5
2817,86,3
2817,3367,3
2817,533,4
2818,2122,3
2818,2816,5
2818,2961,2
2818,10,3
2818,533,4
2831,1117,4
2831,1128,4
2831,1131,4
2831,1132,5
2831,1151,5
2831,814,4
2831,1985,3
2831,1310,5
2831,3048,3
2831,3054,5
2831,208,4
2831,2492,2
2831,414,3
2831,3420,5
2831,1001,5
2831,1010,5
2831,444,4
2831,453,2
2831,1156,4
2831,1159,4
2831,470,4
2831,1027,5
2831,1040,4
2831,2774,4
2831,2953,5
2831,2963,2
2831,107,4
2831,1520,5
2831,2298,5
2831,1557,4
2831,314,5
2831,328,4
2831,2598,4
2831,1074,4
2831,1077,5
2831,1091,5
2831,533,4
2831,3389,3
2836,1117,4
2836,557,4
2836,1815,2
2836,1828,4
2836,805,3
2836,814,3
2836,702,3
2836,710,3
2836,1985,4
2836,2008,3
2836,2324,3
2836,208,4
2836,2336,4
2836,2337,2
2836,1627,3
2836,414,3
2836,423,3
2836,1010,5
2836,453,3
2836,1839,2
2836,1159,4
2836,470,4
2836,1858,3
2836,1219,3
2836,1220,3
2836,2048,3
2836,2816,1
2836,1358,2
2836,1492,4
2836,2838,2
2836,2247,3
2836,3002,3
2836,1542,4
2836,2410,1
2836,2298,5
2836,20,5
2836,328,4
2836,1705,2
2836,336,4
2836,2598,3
2836,1707,1
2836,473,4
2836,347,2
2836,2477,3
2836,3348,1
2836,1742,1
2836,1748,3
2836,951,2
2836,3367,2
2836,523,4
2836,647,2
2847,2675,4
2847,1117,4
2847,679,4
2847,1815,5
2847,2709,4
2847,1151,3
2847,814,4
2847,2161,2
2847,2178,4
2847,2309,1
2847,3048,3
2847,2324,4
2847,2336,2
2847,2489,4
2847,251,3
2847,2514,4
2847,430,3
2847,2555,4
2847,1010,5
2847,582,3
2847,453,3
2847,1839,2
2847,1159,4
2847,592,1
2847,470,4
2847,1048,3
2847,626,3
2847,1219,2
2847,1368,1
2847,1646,3
2847,2411,3
2847,3147,2
2847,3149,3
2847,1662,1
2847,2425,3
2847,307,5
2847,1681,3
2847,911,4
2847,336,4
2847,915,4
2847,3348,2
2847,1747,2
2847,951,5
2847,1074,3
2847,1077,3
2847,523,4
2847,1095,2
2851,3530,5
2851,3404,4
2851,1828,4
2851,814,5
2851,702,4
2851,1438,4
2851,2170,4
2851,2309,4
2851,1471,4
2851,2324,4
2851,1580,4
2851,3102,4
2851,2389,4
2851,576,5
2851,1010,5
2851,3439,2
2851,453,4
2851,1852,5
2851,1166,3
2851,1193,5
2851,757,4
2851,1358,3
2851,779,3
2851,2221,4
2851,1659,5
2851,307,5
2851,172,3
2851,2584,5
2851,1706,3
2851,1719,5
2851,1720,3
2851,1721,1
2851,1093,5
2856,3530,3
2856,3532,3
2856,1934,4
2856,2680,4
2856,5,4
2856,557,3
2856,2693,3
2856,1805,4
2856,679,2
2856,2694,3
2856,1260,3
2856,2701,2
2856,1273,4
2856,1146,4
2856,1151,4
2856,814,3
2856,702,5
2856,2113,3
2856,2737,3
2856,1410,3
2856,1985,4
2856,1986,3
2856,2122,3
2856,2745,3
2856,1418,4
2856,838,3
2856,2132,3
2856,2133,1
2856,1427,2
2856,2143,4
2856,1435,4
2856,2902,3
2856,2170,2
2856,2917,4
2856,1457,3
2856,2309,3
2856,3048,3
2856,2927,3
2856,2186,3
2856,1469,3
2856,1471,5
2856,3050,3
2856,1576,2
2856,2324,4
2856,1580,3
2856,3072,2
2856,2336,2
2856,2350,3
2856,2491,3
2856,2492,3
2856,2503,3
2856,3102,3
2856,2370,4
2856,2514,4
2856,257,3
2856,3248,4
2856,396,3
2856,3121,3
2856,398,2
2856,400,3
2856,265,4
2856,2389,4
2856,2527,4
2856,978,4
2856,273,2
2856,3268,4
2856,3272,2
2856,430,3
2856,2555,4
2856,439,3
2856,2565,3
2856,576,3
2856,3439,2
2856,3301,2
2856,3304,4
2856,3305,4
2856,453,5
2856,1839,3
2856,469,2
2856,1852,3
2856,1166,2
2856,1176,4
2856,1048,4
2856,1186,3
2856,1188,4
2856,1883,3
2856,2772,3
2856,2774,3
2856,2021,3
2856,1339,3
2856,1219,3
2856,1220,3
2856,757,2
2856,1225,3
2856,1228,3
2856,765,4
2856,2815,5
2856,1358,4
2856,2065,4
2856,1368,2
2856,2831,3
2856,2076,3
2856,2077,3
2856,2835,3
2856,2221,3
2856,1500,4
2856,1504,4
2856,2974,2
2856,2249,3
2856,1521,3
2856,1529,3
2856,3129,3
2856,2409,3
2856,1656,4
2856,152,3
2856,153,5
2856,3149,4
2856,3016,4
2856,1548,3
2856,157,3
2856,2425,3
2856,1552,4
2856,307,3
2856,172,3
2856,10,4
2856,318,3
2856,19,3
2856,20,3
2856,2584,3
2856,1698,3
2856,912,3
2856,330,3
2856,1705,3
2856,333,4
2856,336,4
2856,3188,1
2856,1707,4
2856,480,3
2856,43,3
2856,347,4
2856,348,4
2856,1719,5
2856,1737,5
2856,3348,3
2856,1738,4
2856,1742,2
2856,69,1
2856,77,3
2856,1747,2
2856,1748,2
2856,2630,2
2856,2634,3
2856,1071,4
2856,951,3
2856,520,3
2856,1074,3
2856,92,4
2856,2650,3
2856,647,3
2856,1095,4
2866,3235,5
2876,1410,4
2876,2336,2
2876,453,4
2876,1166,5
2876,1858,3
2876,1048,4
2876,523,5
2882,2680,1
2882,1805,3
2882,2128,3
2882,2008,3
2882,3043,3
2882,3050,3
2882,208,4
2882,2389,1
2882,2531,3
2882,1858,3
2882,1176,1
2882,2775,4
2882,1327,1
2882,1334,3
2882,1220,2
2882,2048,4
2882,2838,3
2882,2247,3
2882,3002,3
2882,3147,3
2882,2297,2
2882,18,1
2882,2477,4
2882,1748,3
2882,2652,5
2887,1117,2
2887,557,1
2887,2694,4
2887,1815,4
2887,1828,2
2887,814,5
2887,702,3
2887,1985,4
2887,2122,2
2887,2133,3
2887,2752,4
2887,1996,4
2887,1435,4
2887,2161,3
2887,2917,4
2887,3048,3
2887,2927,3
2887,1471,3
2887,2324,4
2887,1477,2
2887,208,5
2887,2336,4
2887,3089,4
2887,3102,4
2887,3248,4
2887,2389,3
2887,1637,4
2887,414,5
2887,430,4
2887,2555,4
2887,439,4
2887,576,5
2887,3305,3
2887,453,3
2887,1839,4
2887,1159,4
2887,3470,4
2887,1188,4
2887,1211,3
2887,1219,3
2887,1220,4
2887,1228,2
2887,2048,3
2887,765,4
2887,2815,5
2887,1358,3
2887,2065,4
2887,2221,4
2887,1500,4
2887,2088,4
2887,101,4
2887,1504,2
2887,1528,4
2887,1656,4
2887,1542,4
2887,153,3
2887,2410,2
2887,3147,4
2887,3149,5
2887,2425,4
2887,2298,4
2887,10,3
2887,911,4
2887,1705,4
2887,333,4
2887,335,2
2887,336,2
2887,2598,4
2887,473,3
2887,43,4
2887,1737,4
2887,1738,4
2887,1742,4
2887,373,2
2887,2630,5
2887,951,4
2887,1074,4
2887,522,4
2887,523,4
2890,2680,3
2890,208,4
2890,2527,3
2890,2565,4
2890,1334,3
2890,2048,4
2890,2838,3
2890,2249,3
2890,2298,4
2892,2324,3
2892,1844,2
2892,1048,5
2892,336,4
2892,2598,5
2893,1410,4
2893,2133,5
2893,2752,4
2893,2143,3
2893,2161,1
2893,1471,5
2893,2324,5
2893,1580,3
2893,2336,5
2893,2337,1
2893,2503,4
2893,2389,2
2893,430,5
2893,439,3
2893,453,4
2893,1219,2
2893,1220,3
2893,1228,4
2893,1358,2
2893,2088,5
2893,1656,5
2893,153,5
2893,157,5
2893,1552,4
2893,20,5
2893,348,3
2893,1737,5
2893,1738,4
2893,520,4
2893,1074,4
2893,92,4
2906,1786,4
2906,1792,3
2906,3404,5
2906,1934,4
2906,2680,5
2906,1117,5
2906,557,2
2906,1128,2
2906,679,3
2906,2694,3
2906,1260,3
2906,1273,5
2906,1146,4
2906,805,5
2906,814,4
2906,702,4
2906,823,5
2906,706,4
2906,710,3
2906,2733,3
2906,1410,4
2906,1985,2
2906,828,3
2906,2122,2
2906,1418,2
2906,1420,3
2906,836,5
2906,838,5
2906,2132,3
2906,2133,2
2906,2752,4
2906,1425,2
2906,1427,3
2906,1429,2
2906,850,4
2906,2008,5
2906,2769,1
2906,2170,2
2906,875,3
2906,2917,2
2906,3043,2
2906,3048,4
2906,1471,2
2906,2324,5
2906,1475,4
2906,1477,3
2906,3064,4
2906,1580,2
2906,2943,5
2906,2336,5
2906,2337,5
2906,2350,4
2906,2492,2
2906,3089,4
2906,2366,3
2906,2370,4
2906,246,4
2906,2514,5
2906,260,2
2906,3120,5
2906,3121,3
2906,2389,5
2906,403,4
2906,2527,4
2906,2531,3
2906,2541,3
2906,3268,5
2906,430,5
2906,3283,5
2906,433,3
2906,439,3
2906,2565,3
2906,453,5
2906,1156,3
2906,597,4
2906,1844,3
2906,1166,4
2906,1858,5
2906,1859,4
2906,3470,3
2906,719,3
2906,1048,3
2906,1193,4
2906,1885,2
2906,1204,5
2906,1327,3
2906,1211,3
2906,1339,4
2906,1219,2
2906,1220,2
2906,756,4
2906,757,3
2906,1225,3
2906,1920,4
2906,1228,3
2906,2048,3
2906,2815,2
2906,2816,2
2906,1358,5
2906,2065,3
2906,1368,2
2906,779,3
2906,1496,3
2906,2077,3
2906,2838,2
2906,2084,3
2906,2088,4
2906,101,3
2906,1504,5
2906,2093,3
2906,1384,3
2906,107,3
2906,2856,2
2906,2247,3
2906,2111,3
2906,1521,3
2906,1529,5
2906,3002,3
2906,2409,5
2906,1656,3
2906,1542,4
2906,153,3
2906,3149,3
2906,3155,2
2906,3024,1
2906,1552,3
2906,2297,4
2906,172,3
2906,319,3
2906,18,5
2906,900,2
2906,19,2
2906,328,2
2906,3181,3
2906,1698,3
2906,912,3
2906,335,3
2906,336,2
2906,915,3
2906,2598,3
2906,1707,2
2906,473,3
2906,477,5
2906,2467,3
2906,43,5
2906,347,3
2906,348,3
2906,1719,2
2906,1720,2
2906,487,3
2906,1737,4
2906,3348,3
2906,1738,4
2906,1061,2
2906,373,3
2906,77,2
2906,1748,5
2906,3359,4
2906,2630,2
2906,1751,4
2906,2633,3
2906,1753,5
2906,951,5
2906,520,2
2906,957,3
2906,523,3
2906,92,4
2906,3509,3
2906,2650,5
2906,2652,3
2923,2680,5
2923,2324,4
2923,2389,3
2923,430,4
2923,1334,3
2923,2409,2
2923,2410,3
2923,336,3
2923,3359,4
2930,5,5
2930,2694,3
2930,1266,4
2930,1828,4
2930,702,3
2930,1410,3
2930,1985,5
2930,2752,3
2930,2753,5
2930,2008,3
2930,1435,5
2930,2905,4
2930,1471,2
2930,2324,4
2930,1477,5
2930,208,5
2930,3235,4
2930,413,3
2930,414,2
2930,430,4
2930,439,1
2930,2565,3
2930,453,3
2930,470,3
2930,1188,3
2930,1220,4
2930,1228,3
2930,2813,5
2930,2816,4
2930,2065,4
2930,1368,2
2930,2838,4
2930,101,4
2930,1521,2
2930,1528,4
2930,1542,5
2930,153,4
2930,2410,2
2930,3155,2
2930,1552,3
2930,2298,5
2930,10,3
2930,19,3
2930,1705,3
2930,336,4
2930,2598,5
2930,347,3
2934,702,3
2934,710,3
2934,2161,1
2934,1471,2
2934,2324,2
2934,1580,1
2934,208,4
2934,2336,3
2934,2514,1
2934,3248,3
2934,2389,3
2934,2565,3
2934,3305,1
2934,453,4
2934,1166,5
2934,3470,2
2934,1219,5
2934,757,1
2934,2048,5
2934,1358,2
2934,2410,1
2934,1659,5
2934,3149,4
2934,1748,5
2934,523,3
2948,208,1
2948,2389,5
2948,3283,4
2948,2565,4
2948,1334,3
2948,2048,3
2948,1504,3
2948,2410,1
2948,3016,3
2948,336,4
2953,2514,3
2953,2838,2
2953,2409,5
2953,2410,3
2954,3404,3
2954,5,4
2954,1117,4
2954,1146,4
2954,702,2
2954,2753,3
2954,1435,1
2954,2151,5
2954,2170,5
2954,3048,3
2954,1469,4
2954,208,3
2954,2336,2
2954,2366,4
2954,3235,1
2954,2389,2
2954,413,4
2954,3417,2
2954,453,2
2954,1159,4
2954,1035,4
2954,1166,2
2954,1048,3
2954,1188,4
2954,1219,3
2954,2048,5
2954,107,5
2954,1659,2
2954,336,4
2954,3321,5
2954,347,3
2954,1061,5
2954,1748,2
2954,1071,4
2954,1074,2
2954,1091,2
2954,1093,4
2954,3389,2
2962,814,4
2962,823,4
2962,1159,5
2962,1048,5
2962,1504,5
2962,1698,4
2962,92,3
2962,94,4
2971,5,5
2971,1117,5
2971,2694,5
2971,814,5
2971,702,4
2971,1410,3
2971,1297,5
2971,2885,1
2971,3048,3
2971,1471,3
2971,2324,1
2971,208,5
2971,3089,5
2971,3102,3
2971,2514,2
2971,1627,3
2971,2389,3
2971,414,5
2971,430,5
2971,444,3
2971,453,3
2971,1027,2
2971,1858,3
2971,1048,4
2971,2065,4
2971,2838,2
2971,1500,1
2971,101,5
2971,1504,5
2971,1529,4
2971,2409,2
2971,1542,4
2971,153,2
2971,163,4
2971,3155,2
2971,333,4
2971,473,4
2971,480,5
2971,348,3
2971,487,1
2971,1730,1
2971,3359,4
2978,1815,5
2978,814,5
2978,2008,1
2978,3417,5
2978,1010,4
2978,1152,5
2978,1211,2
2978,1504,3
2978,1646,5
2978,2298,5
2978,347,2
2978,523,5
2980,1117,5
2980,287,4
2980,336,5
2990,3395,3
2990,1117,3
2990,1151,5
2990,810,4
2990,814,5
2990,2862,4
2990,2492,3
2990,3417,5
2990,1035,3
2990,2775,4
2990,2815,4
2990,107,3
2990,3338,3
2990,1061,5
2996,1117,4
2996,557,5
2996,1815,4
2996,1151,5
2996,1410,5
2996,1985,3
2996,850,5
2996,1435,4
2996,1469,5
2996,2324,3
2996,3090,4
2996,3235,5
2996,430,4
2996,1003,3
2996,1012,4
2996,453,5
2996,1152,4
2996,470,4
2996,1040,4
2996,717,3
2996,2815,5
2996,2835,4
2996,1504,5
2996,2298,4
2996,10,5
2996,319,4
2996,2448,2
2996,1698,5
2996,1705,4
2996,2598,4
2996,1737,5
2996,1074,4
2996,1091,5
3001,1103,5
3001,1117,5
3001,805,5
3001,814,4
3001,2733,5
3001,1996,5
3001,845,5
3001,850,5
3001,2161,1
3001,1459,3
3001,208,4
3001,413,4
3001,1010,5
3001,1159,4
3001,1031,3
3001,3470,3
3001,1048,5
3001,1193,5
3001,2298,5
3001,3180,1
3001,336,4
3001,1737,3
3001,951,4
3001,1074,5
3001,1077,4
3001,523,5
3001,3509,5
3001,1090,5
3009,679,4
3009,1471,5
3009,2324,4
3009,2366,2
3009,400,4
3009,1839,4
3009,1031,4
3009,1219,2
3009,3149,3
3009,318,3
3009,18,2
3009,1747,4
3013,1117,4
3013,2694,4
3013,2709,4
3013,2128,3
3013,2143,3
3013,3048,5
3013,2927,3
3013,3050,4
3013,2324,3
3013,413,4
3013,453,2
3013,1156,5
3013,1166,2
3013,1858,3
3013,1188,4
3013,2775,4
3013,1339,4
3013,1220,3
3013,2816,5
3013,1504,5
3013,2247,2
3013,3002,5
3013,10,4
3013,1698,3
3013,473,3
3013,480,5
3013,3198,3
3013,1748,4
3013,523,2
3013,3509,4
3016,1117,4
3016,557,4
3016,1131,3
3016,1815,3
3016,811,4
3016,814,4
3016,1286,5
3016,702,4
3016,710,3
3016,1410,2
3016,1429,3
3016,1310,4
3016,2008,2
3016,1435,3
3016,2902,3
3016,2905,1
3016,2913,3
3016,2180,4
3016,3048,4
3016,3054,3
3016,1475,4
3016,1477,3
3016,208,3
3016,1618,3
3016,246,3
3016,1627,4
3016,257,3
3016,2523,3
3016,413,4
3016,414,3
3016,430,4
3016,3428,4
3016,3292,3
3016,1010,5
3016,582,4
3016,1152,3
3016,1156,4
3016,1159,5
3016,598,2
3016,1846,4
3016,1027,3
3016,1035,2
3016,1859,4
3016,719,3
3016,1048,4
3016,618,2
3016,1188,3
3016,1198,3
3016,640,1
3016,1334,3
3016,1905,4
3016,756,3
3016,1357,3
3016,2816,5
3016,101,2
3016,1504,3
3016,2247,3
3016,3124,4
3016,1542,4
3016,152,3
3016,2411,4
3016,3147,2
3016,295,4
3016,1554,3
3016,2298,4
3016,174,4
3016,10,3
3016,319,3
3016,20,4
3016,328,3
3016,3181,5
3016,333,4
3016,336,4
3016,473,3
3016,347,2
3016,361,3
3016,3359,2
3016,1077,4
3016,522,3
3016,3509,4
3016,533,3
3022,3404,4
3022,2680,4
3022,2370,4
3022,2389,2
3022,2565,3
3022,1334,3
3022,2048,4
3022,2816,4
3022,3155,3
3022,2298,3
3023,3404,4
3023,5,4
3023,1260,4
3023,2701,2
3023,1146,4
3023,702,5
3023,710,4
3023,1410,3
3023,2752,4
3023,3057,4
3023,2324,5
3023,1580,3
3023,2389,3
3023,3305,3
3023,453,5
3023,1156,3
3023,1844,3
3023,1035,4
3023,1166,3
3023,1193,3
3023,1220,3
3023,1358,4
3023,2065,4
3023,2961,4
3023,1504,3
3023,2858,4
3023,1656,4
3023,152,2
3023,3149,3
3023,157,4
3023,172,3
3023,20,2
3023,330,4
3023,336,4
3023,347,4
3023,1719,2
3023,1737,5
3023,1738,4
3023,2634,3
3023,3503,2
3023,1761,2
3023,647,4
3024,1117,5
3024,2709,5
3024,1146,3
3024,805,5
3024,811,5
3024,814,5
3024,823,4
3024,828,4
3024,850,5
3024,3215,4
3024,3090,5
3024,2541,3
3024,3283,5
3024,2561,2
3024,1836,3
3024,1156,5
3024,1159,5
3024,3452,3
3024,3470,2
3024,2953,4
3024,3002,4
3024,2269,5
3024,1664,4
3024,2477,5
3024,951,3
3024,957,5
3024,523,5
3024,1091,4
3026,5,5
3026,453,4
3026,157,3
3031,655,4
3031,3530,4
3031,1786,4
3031,5,4
3031,1117,3
3031,557,4
3031,1128,4
3031,679,4
3031,1260,4
3031,2701,3
3031,1815,5
3031,1266,2
3031,1273,5
3031,1146,5
3031,814,5
3031,702,4
3031,706,5
3031,710,4
3031,1410,5
3031,1985,5
3031,828,5
3031,1297,5
3031,2122,5
3031,2128,5
3031,1418,3
3031,1298,4
3031,836,4
3031,841,4
3031,2132,5
3031,2133,3
3031,2008,5
3031,1319,4
3031,2902,5
3031,2904,4
3031,2905,5
3031,2161,5
3031,2170,4
3031,875,4
3031,2173,4
3031,1457,5
3031,2180,5
3031,878,3
3031,3048,5
3031,2927,4
3031,2183,4
3031,2186,3
3031,1469,5
3031,1471,3
3031,3054,5
3031,1576,5
3031,1580,5
3031,3066,3
3031,2336,5
3031,2337,5
3031,2346,5
3031,1602,4
3031,2491,4
3031,2492,4
3031,2503,3
3031,3102,5
3031,3106,5
3031,385,3
3031,1628,5
3031,3248,4
3031,3120,3
3031,398,5
3031,400,4
3031,2389,4
3031,2531,4
3031,273,4
3031,3268,4
3031,3413,5
3031,429,4
3031,430,5
3031,2555,4
3031,1005,4
3031,2563,4
3031,439,1
3031,3292,3
3031,576,3
3031,582,5
3031,3438,4
3031,3439,4
3031,3299,3
3031,3301,3
3031,3305,4
3031,453,5
3031,456,4
3031,3444,3
3031,1839,3
3031,1156,3
3031,1159,5
3031,592,5
3031,1166,5
3031,1858,4
3031,3470,3
3031,1176,4
3031,1049,5
3031,1188,5
3031,1888,5
3031,1198,4
3031,1204,4
3031,739,3
3031,2774,3
3031,1327,3
3031,1211,5
3031,747,4
3031,1334,4
3031,1339,5
3031,1219,4
3031,1220,4
3031,757,5
3031,765,3
3031,1241,3
3031,2815,5
3031,1358,4
3031,1368,4
3031,779,3
3031,2831,4
3031,1496,4
3031,2076,5
3031,2833,5
3031,2077,4
3031,2835,4
3031,2221,4
3031,1500,5
3031,2088,3
3031,1504,5
3031,2093,4
3031,107,5
3031,2856,5
3031,2111,5
3031,1521,5
3031,2255,3
3031,3124,4
3031,3129,5
3031,1642,2
3031,3002,5
3031,1646,5
3031,1656,4
3031,1542,5
3031,153,5
3031,3147,5
3031,3149,5
3031,2289,5
3031,1548,5
3031,161,3
3031,2425,3
3031,3024,3
3031,1552,5
3031,168,4
3031,1558,4
3031,176,4
3031,319,5
3031,18,3
3031,1692,5
3031,19,4
3031,2584,5
3031,2585,4
3031,2586,3
3031,3180,3
3031,1698,5
3031,912,5
3031,1705,4
3031,1706,5
3031,333,5
3031,335,5
3031,336,5
3031,1707,3
3031,473,5
3031,43,3
3031,347,5
3031,348,5
3031,3198,4
3031,1719,5
3031,1720,5
3031,1721,3
3031,487,4
3031,1730,4
3031,2488,4
3031,361,4
3031,363,5
3031,1737,5
3031,3348,5
3031,1738,4
3031,1742,5
3031,1748,5
3031,2630,5
3031,2633,4
3031,1753,5
3031,2634,4
3031,951,3
3031,3367,5
3031,1074,4
3031,1764,3
3031,957,5
3031,523,5
3031,529,3
3031,2650,5
3033,1985,5
3033,2753,5
3033,1159,5
3052,1100,4
3052,2684,4
3052,805,3
3052,827,2
3052,2128,2
3052,3048,4
3052,2326,3
3052,3102,4
3052,2389,2
3052,2555,4
3052,1027,3
3052,1858,2
3052,1339,3
3052,2048,3
3052,1502,4
3052,107,4
3052,2247,3
3052,2279,4
3052,2298,4
3052,18,2
3052,327,3
3052,328,4
3052,2456,3
3052,1705,3
3052,2598,3
3052,3338,4
3052,2612,4
3052,1748,2
3052,2630,2
3052,86,2
3052,1074,2
3052,91,2
3052,1090,4
3052,1091,3
3056,2680,2
3056,1117,2
3056,2694,4
3056,1815,4
3056,1955,3
3056,2885,1
3056,1996,5
3056,1435,3
3056,2905,3
3056,1477,2
3056,208,4
3056,251,5
3056,1627,4
3056,2389,2
3056,1637,1
3056,413,3
3056,1159,5
3056,1859,3
3056,2775,4
3056,2048,3
3056,2815,5
3056,1504,4
3056,1542,4
3056,2298,4
3056,10,3
3056,20,3
3056,336,5
3056,2598,5
3056,1737,3
3056,1061,4
3056,1074,5
3056,92,1
3056,3509,4
3060,1117,1
3060,557,5
3060,453,5
3060,1156,4
3060,1698,5
3060,336,5
3061,2680,4
3061,679,4
3061,706,5
3061,1410,5
3061,2917,1
3061,2514,4
3061,398,3
3061,403,2
3061,1166,4
3061,1888,2
3061,18,1
3061,91,3
3061,2652,4
3061,3520,3
3067,453,4
3068,2680,4
3068,1828,1
3068,814,2
3068,702,3
3068,706,4
3068,710,3
3068,1410,2
3068,2752,3
3068,1435,5
3068,3048,2
3068,1471,3
3068,2324,3
3068,1477,3
3068,208,4
3068,2366,3
3068,381,4
3068,251,5
3068,2514,2
3068,2389,2
3068,2527,4
3068,430,2
3068,439,3
3068,3305,3
3068,453,3
3068,1166,2
3068,3470,4
3068,1048,5
3068,2775,4
3068,1220,1
3068,757,1
3068,1228,2
3068,1358,3
3068,779,3
3068,2961,1
3068,2249,4
3068,1659,5
3068,1552,1
3068,2298,4
3068,172,2
3068,20,1
3068,2584,2
3068,333,5
3068,336,5
3068,3359,4
3070,2048,5
3070,2410,1
3070,2424,4
3070,2298,4
3071,1117,3
3071,557,4
3071,2709,3
3071,1957,4
3071,814,4
3071,1286,4
3071,710,2
3071,2913,3
3071,3054,5
3071,208,3
3071,257,4
3071,2389,1
3071,1638,4
3071,425,4
3071,1001,4
3071,1003,3
3071,442,4
3071,453,3
3071,462,3
3071,1152,5
3071,465,3
3071,470,5
3071,1040,4
3071,1048,4
3071,1885,3
3071,2775,3
3071,1211,2
3071,1219,4
3071,3002,3
3071,289,4
3071,178,1
3071,319,3
3071,900,2
3071,1692,3
3071,328,3
3071,1698,4
3071,336,4
3071,2598,3
3071,473,3
3071,347,2
3071,1061,3
3071,1748,4
3071,951,2
3071,1090,5
3078,1117,5
3078,2753,3
3078,1996,4
3078,3048,4
3078,430,4
3078,717,5
3078,1502,5
3078,107,5
3078,2279,4
3078,2298,4
3078,2433,5
3078,1698,2
3078,1071,5
3078,951,5
3078,533,5
3084,5,4
3084,702,5
3084,710,3
3084,1410,4
3084,1418,4
3084,2752,5
3084,1471,3
3084,2324,4
3084,3090,3
3084,2366,4
3084,3235,3
3084,2565,4
3084,2816,5
3084,1358,4
3084,2822,4
3084,2065,4
3084,153,5
3084,157,2
3084,3155,3
3084,336,5
3086,5,5
3086,1117,1
3086,557,5
3086,679,3
3086,1815,3
3086,1273,3
3086,702,5
3086,710,3
3086,1420,3
3086,2008,4
3086,2180,4
3086,3048,4
3086,1580,3
3086,251,5
3086,2514,5
3086,258,2
3086,260,3
3086,3413,5
3086,430,5
3086,2555,1
3086,3438,4
3086,453,5
3086,1159,5
3086,1859,4
3086,626,4
3086,1198,4
3086,2775,5
3086,747,5
3086,756,3
3086,1241,3
3086,2815,5
3086,1358,4
3086,779,2
3086,1504,4
3086,2094,1
3086,2856,5
3086,2247,4
3086,3147,4
3086,3149,5
3086,10,4
3086,328,4
3086,912,3
3086,1705,5
3086,336,4
3086,2598,5
3086,487,5
3086,1737,4
3088,557,4
3088,2709,5
3088,875,4
3088,257,5
3088,1839,5
3088,1048,4
3088,1219,4
3088,757,4
3088,765,4
3088,2815,5
3088,336,3
3088,1748,4
3090,1151,4
3090,710,3
3090,1420,5
3090,2753,4
3090,1469,4
3090,2324,4
3090,3102,4
3090,265,4
3090,430,4
3090,453,4
3090,1159,5
3090,1188,4
3090,2816,4
3090,1500,3
3090,1504,4
3090,1529,4
3090,1705,4
3090,347,3
3091,2324,4
3091,3266,5
3091,453,3
3091,1158,4
3091,1031,3
3091,626,3
3091,1659,4
3091,3149,3
3091,2298,3
3094,1815,5
3094,1431,3
3094,1435,3
3094,2324,3
3094,3083,5
3094,251,3
3094,1159,4
3094,470,5
3094,1888,4
3094,1198,4
3094,2816,4
3094,2822,3
3094,1368,1
3094,1504,4
3094,1646,5
3094,1542,5
3094,3155,3
3094,10,5
3094,319,5
3094,3181,3
3094,1705,4
3094,336,3
3094,2598,2
3094,522,3
3097,3404,4
3097,1948,4
3097,702,4
3097,1418,2
3097,2885,4
3097,2753,4
3097,1310,3
3097,3235,5
3097,1048,4
3097,2088,3
3097,1548,2
3097,91,3
3098,1117,4
3098,679,3
3098,1828,2
3098,810,3
3098,702,5
3098,710,3
3098,1420,3
3098,2161,4
3098,2324,5
3098,2336,3
3098,243,2
3098,2503,4
3098,3248,4
3098,2389,3
3098,439,4
3098,576,4
3098,1010,4
3098,3305,2
3098,453,4
3098,1839,3
3098,1159,3
3098,3470,5
3098,626,3
3098,1219,3
3098,779,3
3098,3149,3
3098,172,4
3098,1705,4
3098,2598,5
3098,1748,3
3098,951,3
3098,1077,4
3108,549,3
3108,702,3
3108,2753,5
3108,2930,5
3108,1152,2
3108,1044,4
3108,2816,4
3108,2100,4
3108,1706,3
3108,951,3
3118,702,5
3118,2324,5
3118,2389,3
3118,430,5
3118,453,4
3118,1839,4
3118,1156,4
3118,1219,3
3118,757,3
3118,1358,5
3118,172,5
3118,3180,4
3118,347,2
3118,1730,1
3118,1737,3
3118,951,3
3122,679,3
3122,1828,3
3122,702,4
3122,1471,4
3122,2324,4
3122,1580,3
3122,2514,4
3122,3248,5
3122,2389,3
3122,2527,5
3122,3266,5
3122,3305,2
3122,453,5
3122,1839,5
3122,1031,2
3122,1166,3
3122,1219,3
3122,2048,4
3122,1358,5
3122,779,2
3122,2838,5
3122,2249,4
3122,2409,3
3122,2410,1
3122,1659,5
3122,3149,5
3122,2297,5
3122,1747,1
3122,1748,3
3122,1077,2
3123,3470,4
3123,2410,1
3128,3404,4
3128,5,5
3128,1117,4
3128,2701,4
3128,1815,3
3128,1146,3
3128,710,3
3128,1985,4
3128,2122,3
3128,2128,5
3128,1420,2
3128,2132,2
3128,2133,1
3128,2143,4
3128,1435,4
3128,2161,4
3128,2170,3
3128,2917,3
3128,1459,5
3128,3048,3
3128,3050,5
3128,1477,3
3128,208,5
3128,2336,1
3128,2337,1
3128,2366,1
3128,3102,3
3128,2370,2
3128,251,2
3128,3248,4
3128,2389,3
3128,403,5
3128,2527,3
3128,3413,4
3128,423,4
3128,430,4
3128,2555,3
3128,1003,2
3128,439,3
3128,444,3
3128,3301,5
3128,453,4
3128,1839,2
3128,1159,4
3128,1858,2
3128,3470,2
3128,1176,5
3128,1048,5
3128,1049,3
3128,1188,3
3128,2774,5
3128,2775,5
3128,1327,3
3128,1219,4
3128,2048,3
3128,2815,5
3128,2816,3
3128,2822,2
3128,2221,3
3128,2084,4
3128,2088,3
3128,1504,1
3128,107,5
3128,2247,4
3128,2249,3
3128,3129,3
3128,1656,4
3128,3147,5
3128,3149,3
3128,2425,4
3128,3024,1
3128,2297,3
3128,10,3
3128,1692,4
3128,20,3
3128,1698,4
3128,1705,5
3128,1706,4
3128,336,4
3128,2598,4
3128,1707,3
3128,473,3
3128,348,4
3128,1719,4
3128,1720,4
3128,361,2
3128,1737,4
3128,3348,5
3128,1738,4
3128,1742,3
3128,1748,3
3128,2630,1
3128,951,5
3128,1074,5
3128,3374,1
3128,3375,1
3128,2652,2
3134,1103,3
3134,557,5
3134,1808,2
3134,2753,4
3134,1997,5
3134,1604,5
3134,1626,3
3134,258,3
3134,2580,5
3134,1035,4
3134,1048,5
3134,1193,3
3134,2775,2
3134,1212,4
3134,640,4
3134,1502,2
3134,1504,3
3134,107,4
3134,306,4
3134,20,3
3134,1698,5
3134,940,2
3134,2623,4
3134,1759,5
3134,1090,5
3134,1095,5
3151,3404,2
3151,2143,4
3151,3455,4
3151,2815,2
3151,2816,3
3151,2841,2
3151,1742,2
3151,3359,3
3151,951,3
3152,1117,3
3152,2324,2
3152,1159,4
3152,1705,5
3152,336,4
3152,1738,3
3152,522,5
3152,523,2
3155,702,1
3155,3048,4
3155,2324,3
3155,430,4
3155,576,4
3155,453,3
3155,3455,4
3155,1048,4
3155,1339,3
3155,2815,5
3155,2816,3
3155,153,5
3155,1548,3
3155,20,4
3155,348,4
3155,3509,3
3159,576,5
3159,2065,4
3166,1117,5
3166,1128,5
3166,2702,5
3166,1146,5
3166,814,5
3166,702,3
3166,710,2
3166,2143,2
3166,2180,3
3166,3048,4
3166,3054,5
3166,1580,2
3166,208,5
3166,2337,1
3166,2541,5
3166,576,4
3166,444,5
3166,1012,5
3166,3305,2
3166,1839,5
3166,1158,5
3166,1031,5
3166,1166,2
3166,3470,1
3166,2774,4
3166,1368,1
3166,2961,2
3166,107,5
3166,3149,4
3166,307,4
3166,20,4
3166,1698,4
3166,1705,5
3166,336,4
3166,2598,4
3166,2477,5
3166,1738,3
3166,1747,5
3166,1748,3
3166,951,5
3166,1074,5
3166,523,5
3166,92,3
3166,533,5
3166,1095,5
3168,702,5
3168,2161,2
3168,3048,3
3168,1580,2
3168,2337,1
3168,3248,3
3168,2389,3
3168,3305,5
3168,453,5
3168,1839,4
3168,1156,5
3168,1166,5
3168,1219,3
3168,1358,5
3168,779,2
3168,3149,5
3168,172,4
3168,2584,1
3168,1698,5
3168,3188,3
3168,1748,5
3180,1100,5
3180,2324,3
3180,3090,5
3180,3095,5
3180,453,3
3180,107,5
3180,363,2
3185,3395,3
3185,1100,5
3185,1103,5
3185,2680,2
3185,1800,3
3185,2702,5
3185,1435,4
3185,1035,4
3185,1920,3
3185,152,4
3185,949,5
3187,1103,5
3187,1117,5
3187,1803,5
3187,2769,4
3187,3050,4
3187,1327,3
3187,336,4
3187,1091,5
3192,3404,4
3192,5,4
3192,702,4
3192,710,4
3192,1985,4
3192,1471,4
3192,2324,2
3192,1580,2
3192,208,4
3192,2523,3
3192,2389,4
3192,453,4
3192,1158,2
3192,1846,2
3192,1166,3
3192,1048,5
3192,1334,3
3192,757,1
3192,2048,3
3192,1358,2
3192,779,2
3192,2838,3
3192,2841,4
3192,2409,3
3192,1659,3
3192,2297,4
3192,2584,4
3192,347,2
3192,2632,3
3192,2652,4
3192,647,3
3194,1786,1
3194,1117,4
3194,2122,4
3194,2133,2
3194,2161,2
3194,875,1
3194,1459,4
3194,2180,1
3194,1477,4
3194,208,5
3194,2336,4
3194,2337,3
3194,2503,3
3194,430,4
3194,2555,4
3194,3470,1
3194,1048,4
3194,2774,4
3194,1219,3
3194,2815,5
3194,2221,3
3194,2084,1
3194,101,4
3194,107,2
3194,2858,4
3194,1528,5
3194,3147,4
3194,3149,3
3194,2425,3
3194,1698,4
3194,915,3
3194,2598,4
3194,1737,3
3194,3348,2
3194,1738,2
3194,1748,3
3194,3359,3
3194,1751,2
3194,951,4
3194,3367,2
3194,1074,4
3195,1117,5
3195,1815,3
3195,814,4
3195,702,3
3195,710,3
3195,2128,3
3195,2133,3
3195,2885,4
3195,2161,4
3195,2917,3
3195,2180,3
3195,2928,4
3195,2324,4
3195,208,2
3195,2336,3
3195,243,4
3195,2366,2
3195,3235,1
3195,258,3
3195,2389,4
3195,3283,4
3195,433,4
3195,3439,3
3195,1836,2
3195,1159,5
3195,1168,3
3195,1171,3
3195,1174,3
3195,618,5
3195,1204,4
3195,747,3
3195,2221,3
3195,1500,3
3195,2093,3
3195,2249,4
3195,2255,1
3195,2410,2
3195,3147,3
3195,2425,3
3195,3024,3
3195,10,5
3195,178,3
3195,330,2
3195,1705,4
3195,1706,1
3195,915,3
3195,2598,3
3195,1707,4
3195,347,3
3195,1742,3
3195,71,2
3195,1748,4
3195,3359,5
3195,2630,3
3195,2633,3
3195,951,5
3195,523,3
3196,1117,5
3196,2693,5
3196,1297,5
3196,1435,1
3196,2180,4
3196,1475,3
3196,232,5
3196,1637,5
3196,444,5
3196,1159,1
3196,1844,2
3196,2774,5
3196,1220,1
3196,1379,5
3196,1504,1
3196,327,5
3196,2630,5
3196,522,4
3197,1100,4
3197,2862,4
3197,2170,5
3197,2309,3
3197,3102,5
3197,3121,5
3197,3418,4
3197,2555,4
3197,576,4
3197,1010,5
3197,1852,5
3197,1048,5
3197,2221,3
3197,107,5
3197,2985,4
3197,3002,4
3197,1692,3
3197,2584,4
3197,1719,5
3197,3338,5
3197,1747,3
3197,951,5
3197,3367,4
3197,1090,4
3197,1093,5
3206,1117,5
3206,814,5
3206,2917,3
3206,208,5
3206,3102,5
3206,258,5
3206,576,5
3206,1166,5
3206,2833,2
3206,2247,3
3206,1528,4
3206,20,5
3206,1719,4
3206,951,5
3206,1761,5
3206,533,2
3210,1117,5
3210,2709,5
3210,1151,5
3210,814,3
3210,2862,5
3210,1475,4
3210,208,4
3210,3095,4
3210,2555,5
3210,444,4
3210,1035,4
3210,717,3
3210,1048,4
3210,1207,4
3210,2816,4
3210,1502,3
3210,107,4
3210,3002,5
3210,152,4
3210,2298,4
3210,1698,5
3210,336,3
3210,2612,5
3214,208,1
3214,2565,3
3214,1048,5
3214,747,3
3214,2815,4
3214,1542,3
3214,20,3
3214,336,4
3217,3395,5
3217,208,3
3217,1627,3
3217,3417,5
3217,3418,3
3217,3420,4
3217,3438,2
3217,2048,3
3217,2838,4
3217,107,5
3217,3016,3
3217,2424,3
3217,2297,3
3217,2298,4
3217,2448,3
3217,3359,2
3222,2680,2
3222,208,4
3222,2527,3
3222,2838,5
3222,1502,5
3222,2249,3
3222,2297,2
3222,2298,5
3222,3359,2
3222,3389,4
3223,1786,3
3223,5,4
3223,1117,4
3223,557,4
3223,2693,4
3223,1808,4
3223,1131,4
3223,2694,4
3223,2701,4
3223,1815,5
3223,1263,3
3223,1132,4
3223,1955,2
3223,1273,2
3223,805,5
3223,810,5
3223,811,4
3223,814,4
3223,702,3
3223,706,3
3223,2862,4
3223,1410,4
3223,1294,3
3223,827,5
3223,1985,4
3223,1986,3
3223,2871,3
3223,2128,4
3223,1988,4
3223,838,4
3223,2881,3
3223,2132,4
3223,2752,3
3223,1996,3
3223,1429,2
3223,2143,4
3223,2008,4
3223,1435,5
3223,2769,4
3223,2153,5
3223,2157,4
3223,2904,3
3223,2905,2
3223,873,4
3223,875,4
3223,2913,3
3223,2303,4
3223,1459,4
3223,2180,5
3223,2309,4
3223,3048,5
3223,2186,4
3223,1469,5
3223,1471,4
3223,3054,5
3223,2930,4
3223,2324,2
3223,1475,5
3223,1477,5
3223,1580,2
3223,2336,3
3223,3087,4
3223,232,4
3223,3215,4
3223,2491,3
3223,2492,2
3223,246,4
3223,251,2
3223,3235,3
3223,3106,5
3223,2517,4
3223,1627,4
3223,257,4
3223,258,2
3223,3120,4
3223,3121,4
3223,265,3
3223,2389,3
3223,2527,4
3223,2531,4
3223,413,4
3223,3413,2
3223,429,4
3223,430,4
3223,3417,4
3223,3418,4
3223,3420,4
3223,2555,4
3223,1003,4
3223,3285,4
3223,2561,2
3223,442,3
3223,2565,4
3223,1010,4
3223,582,4
3223,444,4
3223,3299,3
3223,1012,4
3223,453,4
3223,456,4
3223,1152,5
3223,1156,5
3223,1159,5
3223,465,4
3223,1846,4
3223,3455,4
3223,1852,4
3223,1027,4
3223,600,3
3223,1031,4
3223,1858,3
3223,1040,3
3223,1044,3
3223,717,5
3223,719,3
3223,1048,5
3223,1186,4
3223,1188,4
3223,1204,2
3223,2772,4
3223,2774,4
3223,2775,4
3223,747,4
3223,1334,3
3223,1905,4
3223,1339,4
3223,1220,5
3223,756,4
3223,1920,5
3223,2048,5
3223,1241,4
3223,1357,3
3223,2816,4
3223,1358,4
3223,2065,4
3223,779,2
3223,1492,4
3223,2828,3
3223,2833,4
3223,2835,4
3223,2961,4
3223,2082,4
3223,2838,3
3223,1500,3
3223,1502,5
3223,1384,3
3223,107,4
3223,1529,4
3223,3002,4
3223,2269,5
3223,2409,3
3223,2279,5
3223,289,4
3223,152,3
3223,153,2
3223,3147,4
3223,1659,5
3223,157,4
3223,2421,4
3223,3022,2
3223,2424,4
3223,2425,2
3223,2297,4
3223,2298,4
3223,1557,4
3223,172,4
3223,174,3
3223,10,5
3223,18,3
3223,20,4
3223,2585,3
3223,3181,3
3223,1698,4
3223,330,4
3223,1705,4
3223,336,4
3223,915,2
3223,3188,3
3223,2598,5
3223,473,2
3223,2467,3
3223,480,4
3223,347,4
3223,348,3
3223,3198,2
3223,487,4
3223,3338,4
3223,2612,5
3223,361,2
3223,1737,4
3223,3348,2
3223,1738,3
3223,2623,3
3223,77,3
3223,1748,4
3223,3359,4
3223,2630,3
3223,1751,4
3223,2632,4
3223,2634,4
3223,1071,4
3223,1072,5
3223,951,5
3223,1759,4
3223,1074,3
3223,1761,4
3223,523,4
3223,89,3
3223,92,4
3223,1773,4
3223,2652,4
3223,1091,5
3223,533,4
3223,3389,4
3223,1095,4
3224,1117,3
3224,2702,4
3224,1737,3
3242,1117,4
3242,1273,4
3242,702,3
3242,710,4
3242,1410,4
3242,1420,4
3242,2752,4
3242,2324,4
3242,1580,3
3242,2366,4
3242,3235,2
3242,2514,3
3242,2389,2
3242,413,4
3242,430,5
3242,439,4
3242,2565,3
3242,444,5
3242,453,5
3242,1159,4
3242,717,4
3242,719,4
3242,626,5
3242,2815,4
3242,1358,3
3242,1368,3
3242,107,4
3242,1542,4
3242,153,4
3242,3149,4
3242,307,4
3242,172,3
3242,10,4
3242,319,4
3242,1698,5
3242,330,3
3242,336,5
3242,915,2
3242,2598,4
3242,348,5
3242,2477,5
3242,1737,4
3242,3359,5
3242,92,3
3245,557,5
3245,1805,4
3245,1260,3
3245,1273,1
3245,1410,2
3245,1420,4
3245,2752,2
3245,2753,5
3245,2143,2
3245,2905,4
3245,2913,4
3245,3048,5
3245,2927,2
3245,2323,4
3245,1475,3
3245,1477,3
3245,1604,1
3245,3102,1
3245,2370,3
3245,251,4
3245,1627,4
3245,425,2
3245,429,4
3245,430,4
3245,439,1
3245,442,5
3245,3427,2
3245,453,4
3245,600,3
3245,717,4
3245,719,4
3245,1048,5
3245,629,5
3245,756,4
3245,2815,5
3245,2816,5
3245,1492,3
3245,1504,5
3245,3123,3
3245,3137,4
3245,1656,3
3245,152,4
3245,2410,2
3245,295,5
3245,1552,4
3245,20,4
3245,912,4
3245,348,3
3245,361,1
3245,71,5
3248,805,5
3248,814,4
3248,2537,1
3248,3283,4
3248,717,3
3248,1048,4
3248,2048,4
3248,20,5
3248,2584,2
3248,1698,5
3248,1705,5
3248,1061,4
3252,3395,4
3252,1128,4
3252,1261,5
3252,1133,4
3252,1151,4
3252,805,5
3252,810,4
3252,811,4
3252,828,4
3252,850,4
3252,2913,5
3252,3048,5
3252,3054,5
3252,208,4
3252,3090,4
3252,3094,5
3252,978,5
3252,430,3
3252,3420,3
3252,2565,4
3252,1035,2
3252,1048,4
3252,1334,3
3252,2048,2
3252,2953,4
3252,1502,3
3252,3002,4
3252,3016,4
3252,295,3
3252,163,4
3252,2297,2
3252,2298,4
3252,314,2
3252,336,2
3252,2477,4
3252,1061,4
3252,1071,4
3252,1091,5
3253,1459,4
3253,1156,4
3253,465,1
3253,3470,3
3253,295,5
3253,1074,3
3253,1077,4
3263,1471,1
3263,3418,4
3263,3438,2
3263,3439,1
3263,3470,3
3263,2815,4
3263,2816,4
3263,2961,2
3267,1117,5
3267,710,4
3267,2902,3
3267,2324,5
3267,208,5
3267,1839,4
3267,2815,4
3267,1698,3
3267,1705,4
3267,1719,4
3267,1737,3
3267,951,2
3267,1095,4
3276,1117,5
3276,2693,5
3276,1128,5
3276,1146,4
3276,805,5
3276,814,4
3276,1310,4
3276,1435,4
3276,1469,3
3276,3054,4
3276,1475,3
3276,1477,5
3276,1627,5
3276,423,2
3276,1010,5
3276,3438,3
3276,1159,4
3276,1048,4
3276,1357,3
3276,2816,5
3276,2838,4
3276,107,4
3276,3002,4
3276,2279,5
3276,2298,4
3276,1737,4
3276,1738,2
3276,1061,5
3276,2630,4
3276,3367,4
3276,1077,5
3281,805,5
3281,823,4
3281,828,4
3281,2769,2
3281,1048,5
3282,557,4
3282,1128,4
3282,2702,5
3282,2709,5
3282,1828,3
3282,1146,5
3282,805,5
3282,702,4
3282,710,2
3282,2113,5
3282,2745,5
3282,2753,5
3282,1996,4
3282,2161,4
3282,2309,2
3282,3050,5
3282,2324,4
3282,2336,3
3282,2337,2
3282,3094,4
3282,251,2
3282,2514,3
3282,3248,3
3282,400,3
3282,2389,5
3282,576,5
3282,3305,3
3282,1839,5
3282,1156,5
3282,470,3
3282,1031,4
3282,1166,3
3282,1211,2
3282,1219,5
3282,757,3
3282,779,2
3282,3004,4
3282,3149,3
3282,1662,5
3282,307,5
3282,172,2
3282,318,1
3282,328,4
3282,2584,2
3282,1698,4
3282,3188,1
3282,2598,5
3282,477,4
3282,347,4
3282,348,3
3282,2477,4
3282,363,2
3282,1747,4
3282,1748,3
3282,1753,1
3282,1074,4
3286,2709,5
3286,1048,5
3286,2048,4
3286,1698,5
3286,336,5
3286,1090,5
3293,5,5
3293,1260,2
3293,1985,5
3293,3470,4
3293,618,2
3293,157,3
3293,2598,5
3293,1737,5
3293,1738,4
3293,1764,1
3295,2680,5
3295,702,3
3295,2143,5
3295,208,5
3295,2389,4
3295,2527,5
3295,3439,4
3295,1334,4
3295,2409,5
3295,1698,5
3295,1737,5
3295,3359,3
3295,2652,5
3300,1100,5
3300,1128,5
3300,1131,3
3300,1132,5
3300,1151,5
3300,814,5
3300,2862,5
3300,2878,2
3300,2753,3
3300,1996,3
3300,3054,4
3300,208,4
3300,3102,5
3300,1627,4
3300,2527,3
3300,2555,4
3300,2561,3
3300,3427,5
3300,1152,5
3300,465,5
3300,1035,5
3300,717,3
3300,1048,5
3300,1207,3
3300,1920,5
3300,2048,4
3300,1234,4
3300,2815,2
3300,2816,2
3300,2819,5
3300,2950,5
3300,2838,3
3300,1502,4
3300,107,4
3300,2394,5
3300,3132,4
3300,2279,5
3300,289,5
3300,295,3
3300,3153,3
3300,2421,5
3300,2424,2
3300,306,4
3300,2298,4
3300,328,4
3300,336,3
3300,343,5
3300,1719,5
3300,2612,5
3300,3355,5
3300,2632,4
3300,1071,5
3300,951,4
3300,3503,3
3300,3509,4
3300,2652,3
3300,1090,5
3300,533,4
3300,3389,3
3301,702,3
3301,2143,3
3301,1435,4
3301,208,5
3301,2366,2
3301,2514,3
3301,2389,2
3301,430,4
3301,453,3
3301,1035,4
3301,2048,3
3301,2297,3
3301,2298,1
3301,2598,5
3301,473,2
3301,1737,4
3301,3359,1
3308,1792,3
3308,1117,5
3308,557,4
3308,2709,5
3308,814,4
3308,702,3
3308,706,3
3308,710,3
3308,1459,5
3308,1471,2
3308,3054,4
3308,2324,4
3308,1477,3
3308,208,3
3308,2336,3
3308,2337,3
3308,413,3
3308,576,3
3308,1010,4
3308,453,3
3308,1839,3
3308,1159,4
3308,1166,3
3308,1858,4
3308,3470,4
3308,1219,5
3308,101,4
3308,2980,4
3308,1528,4
3308,3124,4
3308,1646,3
3308,1542,4
3308,3147,3
3308,2298,3
3308,172,3
3308,10,3
3308,314,4
3308,20,3
3308,1705,4
3308,336,5
3308,2598,4
3308,347,4
3308,487,3
3308,2477,5
3308,1737,4
3308,1748,3
3308,1751,3
3308,951,4
3308,1074,4
3308,1077,5
3308,523,4
3308,1095,4
3312,3530,3
3312,3404,3
3312,1117,5
3312,557,4
3312,1128,4
3312,679,2
3312,2694,3
3312,1266,4
3312,2702,4
3312,1828,3
3312,1273,4
3312,1146,4
3312,814,4
3312,702,4
3312,710,3
3312,2862,2
3312,850,4
3312,1459,4
3312,3048,4
3312,1469,3
3312,1471,4
3312,2930,4
3312,2324,4
3312,1477,4
3312,1580,3
3312,208,4
3312,2336,3
3312,1602,4
3312,3089,4
3312,3095,3
3312,3235,4
3312,3248,3
3312,400,4
3312,2389,3
3312,3413,4
3312,430,4
3312,2555,4
3312,439,2
3312,576,3
3312,1010,4
3312,582,3
3312,444,4
3312,453,5
3312,1152,3
3312,1839,4
3312,1156,3
3312,1159,4
3312,470,3
3312,1035,3
3312,1166,3
3312,1040,3
3312,1048,4
3312,629,3
3312,1885,3
3312,1339,4
3312,1219,2
3312,1920,3
3312,765,4
3312,2815,4
3312,2816,4
3312,1358,3
3312,2961,3
3312,3002,4
3312,1656,4
3312,1542,4
3312,153,4
3312,3149,4
3312,163,4
3312,3155,3
3312,2425,3
3312,20,3
3312,1698,3
3312,911,4
3312,1705,4
3312,333,4
3312,336,4
3312,2598,4
3312,2469,3
3312,1719,4
3312,1737,5
3312,3348,4
3312,1738,4
3312,1742,3
3312,1061,5
3312,1748,3
3312,1071,2
3312,1072,4
3312,951,4
3312,1074,4
3312,1077,4
3312,523,4
3312,92,3
3312,1095,3
3318,3395,3
3318,1800,5
3318,1803,3
3318,2701,3
3318,2709,4
3318,1957,3
3318,1151,4
3318,2862,2
3318,2871,4
3318,3094,5
3318,3417,3
3318,3418,2
3318,3420,2
3318,3292,4
3318,1012,3
3318,1152,3
3318,1156,5
3318,3452,4
3318,1040,3
3318,1207,3
3318,2819,3
3318,2833,3
3318,107,3
3318,2856,4
3318,3129,3
3318,3002,3
3318,3004,5
3318,2424,3
3318,1692,3
3318,1698,4
3318,3332,4
3318,3338,5
3318,2612,3
3318,1071,3
3321,5,5
3321,1117,3
3321,1815,5
3321,1985,5
3321,1435,1
3321,1048,5
3321,2815,5
3321,1504,5
3321,152,1
3321,333,1
3321,336,4
3321,1737,5
3321,1738,4
3327,1117,4
3327,557,5
3327,1805,4
3327,2694,1
3327,810,5
3327,702,4
3327,1985,5
3327,1420,3
3327,2905,4
3327,2913,3
3327,2917,2
3327,3048,5
3327,1475,4
3327,1477,3
3327,262,1
3327,413,5
3327,418,1
3327,3418,4
3327,444,4
3327,586,2
3327,1158,4
3327,465,5
3327,1846,2
3327,1027,4
3327,600,1
3327,1035,3
3327,626,2
3327,1198,3
3327,1327,3
3327,1211,4
3327,1368,3
3327,1496,3
3327,1504,5
3327,2247,3
3327,289,4
3327,2297,1
3327,10,2
3327,178,3
3327,319,4
3327,20,4
3327,912,4
3327,330,4
3327,336,5
3327,2633,4
3327,89,4
3330,1117,4
3330,557,3
3330,814,4
3330,2133,2
3330,2753,5
3330,1435,5
3330,2180,3
3330,1469,5
3330,1471,2
3330,2324,2
3330,208,4
3330,251,5
3330,2514,4
3330,2389,2
3330,2527,5
3330,413,2
3330,2555,3
3330,2565,2
3330,453,4
3330,1159,5
3330,470,4
3330,1859,4
3330,1334,2
3330,1220,1
3330,2425,3
3330,1698,5
3330,333,2
3330,336,5
3330,915,4
3330,1742,5
3330,951,4
3336,2324,4
3336,208,4
3336,2366,4
3336,2370,4
3336,2527,3
3336,1031,3
3336,2249,3
3336,2410,1
3336,2424,4
3336,2297,3
3336,2298,5
3336,336,4
3341,3404,4
3341,2680,3
3341,2389,3
3341,2527,4
3341,2565,4
3341,453,5
3341,1334,3
3341,2048,3
3341,2249,3
3341,2409,3
3341,2297,3
3341,2584,3
3341,2461,5
3341,2652,2
3342,3404,4
3342,1815,5
3342,2885,5
3342,2143,4
3342,1435,5
3342,2324,3
3342,208,5
3342,2336,5
3342,2337,3
3342,2094,3
3342,473,2
3342,1737,4
3342,1738,4
3342,3351,4
3342,3359,4
3351,2309,4
3351,2324,1
3351,3102,5
3351,576,5
3351,3301,5
3351,1852,5
3351,1048,4
3351,1883,3
3351,1193,5
3351,1500,3
3351,2985,3
3351,2409,1
3351,2584,3
3351,1706,4
3351,1707,4
3351,1719,3
3351,2652,5
3353,576,4
3353,1031,4
3353,1656,1
3353,172,2
3353,1747,3
3355,1100,5
3355,557,5
3355,1151,4
3355,814,5
3355,845,5
3355,2170,3
3355,2913,5
3355,2178,5
3355,2309,2
3355,3048,5
3355,1469,5
3355,2346,4
3355,3102,5
3355,2530,4
3355,430,5
3355,3417,4
3355,2555,5
3355,586,4
3355,453,5
3355,1156,4
3355,592,1
3355,717,5
3355,626,4
3355,629,5
3355,1219,3
3355,1920,5
3355,107,5
3355,3002,5
3355,152,4
3355,3149,3
3355,347,3
3355,1719,5
3355,1720,2
3355,3338,4
3355,1061,5
3355,1747,5
3356,2885,4
3356,3048,3
3356,430,4
3356,444,2
3356,1159,4
3356,1166,3
3356,3470,4
3356,629,5
3356,2815,5
3356,2816,5
3356,2961,5
3356,2838,3
3356,336,5
3356,2598,4
3356,1737,4
3356,3359,4
3357,5,4
3357,1117,3
3357,2694,4
3357,1815,3
3357,1955,5
3357,1146,4
3357,702,5
3357,1985,5
3357,2874,4
3357,1418,4
3357,850,3
3357,2180,3
3357,3048,5
3357,1469,4
3357,1471,2
3357,2324,4
3357,1477,5
3357,3089,4
3357,246,4
3357,251,5
3357,3106,5
3357,2389,2
3357,978,4
3357,413,4
3357,414,4
3357,430,4
3357,3292,3
3357,453,4
3357,1839,5
3357,1159,5
3357,3470,2
3357,719,4
3357,2775,5
3357,1220,3
3357,2048,4
3357,2816,4
3357,1358,3
3357,101,4
3357,1529,2
3357,3124,4
3357,3002,4
3357,1656,3
3357,153,1
3357,10,4
3357,319,4
3357,20,4
3357,1698,4
3357,330,4
3357,1705,5
3357,333,3
3357,336,5
3357,2598,5
3357,480,4
3357,361,4
3357,1737,4
3357,1738,3
3357,522,4
3357,92,1
3359,1117,3
3359,1815,5
3359,810,4
3359,811,5
3359,828,4
3359,1469,4
3359,3101,4
3359,3439,4
3359,3444,2
3359,1159,5
3359,470,4
3359,1859,3
3359,3470,3
3359,719,4
3359,1504,5
3359,1681,3
3359,1705,4
3359,333,3
3359,336,5
3362,1117,5
3362,1815,3
3362,814,4
3362,1985,3
3362,2143,4
3362,1435,4
3362,2913,4
3362,1459,2
3362,2180,3
3362,3048,3
3362,1469,5
3362,3066,4
3362,2491,5
3362,246,5
3362,251,4
3362,1627,4
3362,413,4
3362,430,5
3362,1003,3
3362,3292,4
3362,1010,5
3362,1159,4
3362,1859,4
3362,3470,1
3362,1198,3
3362,2775,4
3362,1905,3
3362,2048,4
3362,2815,5
3362,2816,4
3362,2822,5
3362,2084,3
3362,1504,3
3362,3124,4
3362,1642,2
3362,1537,4
3362,1542,2
3362,2425,2
3362,10,5
3362,319,4
3362,20,4
3362,336,4
3362,2598,4
3362,347,2
3362,348,2
3362,3210,2
3362,1737,3
3362,1748,3
3362,951,4
3362,1077,5
3362,3509,1
3363,557,3
3363,1132,4
3363,827,4
3363,1420,3
3363,2750,4
3363,2753,3
3363,2905,3
3363,2913,4
3363,1475,4
3363,1477,3
3363,208,3
3363,246,3
3363,251,3
3363,413,3
3363,587,4
3363,2048,4
3363,1241,3
3363,2816,4
3363,1504,3
3363,295,4
3363,2298,1
3363,10,3
3363,336,4
3363,343,5
3363,3389,4
3367,3048,1
3367,2324,2
3367,430,5
3367,453,3
3367,1219,4
3367,172,2
3367,333,1
3367,1737,5
3367,373,1
3371,1260,4
3371,805,5
3371,810,4
3371,453,4
3371,640,1
3371,1384,3
3371,330,5
3374,702,4
3374,2143,3
3374,2841,4
3374,1737,5
3374,1738,4
3380,3404,3
3380,2750,4
3380,3420,5
3380,3428,2
3380,3455,4
3380,2796,4
3380,2815,4
3380,2816,4
3380,3359,4
3392,5,4
3392,1117,5
3392,557,3
3392,2693,4
3392,1128,5
3392,2709,5
3392,1146,5
3392,1151,5
3392,805,5
3392,814,3
3392,710,1
3392,2113,4
3392,2733,5
3392,2745,5
3392,2904,1
3392,2178,4
3392,1469,2
3392,2324,5
3392,3102,5
3392,2541,2
3392,413,3
3392,3413,2
3392,430,4
3392,3417,5
3392,2555,4
3392,453,5
3392,1839,4
3392,1156,5
3392,1159,4
3392,1035,4
3392,1193,4
3392,1219,3
3392,757,2
3392,1504,3
3392,1506,3
3392,107,5
3392,2269,4
3392,3149,4
3392,1662,4
3392,1664,2
3392,1681,3
3392,20,4
3392,330,2
3392,336,3
3392,347,3
3392,348,3
3392,3338,4
3392,363,3
3392,1742,1
3392,1747,4
3392,951,3
3392,1074,4
3392,957,1
3395,3090,4
3395,1010,3
3395,153,4
3395,1698,2
3395,336,2
3395,1072,5
3407,5,5
3407,1815,1
3407,814,5
3407,2113,4
3407,1410,2
3407,2745,5
3407,1435,4
3407,3102,4
3407,430,5
3407,1646,3
3407,1737,4
3407,3348,4
3407,1742,4
3407,951,3
3413,3404,4
3413,5,5
3413,1117,4
3413,557,5
3413,679,5
3413,1273,3
3413,814,5
3413,702,5
3413,710,5
3413,1410,5
3413,1418,3
3413,2752,5
3413,3048,4
3413,2927,4
3413,1471,4
3413,2324,5
3413,1475,4
3413,1477,4
3413,1580,5
3413,2491,3
3413,2492,5
3413,2366,5
3413,3248,5
3413,2389,3
3413,3272,1
3413,430,5
3413,2565,4
3413,444,3
3413,453,5
3413,1839,5
3413,1166,4
3413,1339,4
3413,1219,5
3413,1220,4
3413,757,3
3413,1228,3
3413,1358,4
3413,2065,5
3413,2088,5
3413,101,3
3413,1504,4
3413,1529,4
3413,1656,5
3413,1542,4
3413,153,5
3413,2425,4
3413,1552,4
3413,168,1
3413,172,4
3413,319,4
3413,333,3
3413,336,5
3413,473,4
3413,347,4
3413,348,4
3413,1737,5
3413,3348,5
3413,1738,5
3413,1742,4
3413,1061,5
3413,1748,5
3413,951,5
3413,92,3
3415,5,5
3415,1117,5
3415,557,5
3415,679,4
3415,2694,4
3415,1828,4
3415,702,5
3415,1410,5
3415,1418,4
3415,2752,3
3415,1996,4
3415,1429,3
3415,1435,4
3415,2905,5
3415,2917,4
3415,878,3
3415,2309,4
3415,3048,3
3415,1471,4
3415,2324,4
3415,1477,5
3415,1580,2
3415,208,5
3415,2366,4
3415,3102,3
3415,381,4
3415,2514,5
3415,1626,4
3415,1627,2
3415,258,4
3415,2389,1
3415,273,3
3415,413,5
3415,414,4
3415,418,3
3415,430,4
3415,576,4
3415,3439,2
3415,3305,4
3415,453,3
3415,1839,4
3415,470,4
3415,1166,3
3415,1858,5
3415,1859,4
3415,719,3
3415,1327,2
3415,1334,2
3415,1219,4
3415,1220,3
3415,757,4
3415,2037,2
3415,1225,3
3415,1228,3
3415,765,3
3415,1358,3
3415,2065,4
3415,779,4
3415,781,2
3415,1496,1
3415,1500,4
3415,2249,5
3415,2255,4
3415,1529,5
3415,1656,4
3415,287,2
3415,153,4
3415,3149,2
3415,157,5
3415,1552,4
3415,2297,4
3415,307,4
3415,172,1
3415,10,4
3415,20,3
3415,912,4
3415,1705,5
3415,333,5
3415,336,4
3415,473,2
3415,477,2
3415,43,2
3415,347,4
3415,363,2
3415,1737,5
3415,3348,5
3415,1738,4
3415,373,2
3415,1748,3
3415,2633,1
3415,951,3
3415,523,5
3415,91,2
3415,92,4
3415,647,3
3420,2862,5
3420,1410,4
3420,827,5
3420,850,5
3420,1504,5
3420,3002,4
3425,5,4
3425,2886,5
3425,1430,5
3425,1469,5
3425,2492,4
3425,3102,4
3425,381,1
3425,265,4
3425,430,3
3425,2555,3
3425,1844,5
3425,1188,3
3425,1339,4
3425,765,2
3425,2815,3
3425,781,1
3425,107,5
3425,153,1
3425,1659,5
3425,3149,4
3425,2632,5
3425,1072,5
3427,1117,4
3427,557,5
3427,2709,5
3427,1146,5
3427,1151,5
3427,814,4
3427,702,2
3427,1420,4
3427,1435,2
3427,2913,2
3427,2178,5
3427,1475,4
3427,1477,3
3427,2943,5
3427,3089,5
3427,246,4
3427,257,4
3427,978,5
3427,413,4
3427,2555,5
3427,1010,5
3427,453,2
3427,1156,5
3427,717,5
3427,1048,5
3427,629,5
3427,1198,2
3427,2048,4
3427,2813,3
3427,2816,4
3427,2822,4
3427,2833,5
3427,1504,3
3427,2856,4
3427,2249,2
3427,1659,1
3427,1692,4
3427,1698,5
3427,912,5
3427,1071,4
3427,1759,3
3428,3404,2
3428,2753,4
3428,2042,3
3428,1502,5
3428,2298,4
3428,473,3
3434,1117,5
3434,557,5
3434,1128,3
3434,2709,3
3434,1146,4
3434,811,4
3434,814,4
3434,2113,4
3434,2745,4
3434,838,4
3434,3043,5
3434,1469,4
3434,3089,3
3434,2531,4
3434,2555,1
3434,1156,3
3434,1159,5
3434,1048,4
3434,1219,4
3434,107,2
3434,2247,5
3434,1542,4
3434,1681,4
3434,1698,4
3434,336,4
3434,2598,2
3434,3338,2
3434,363,5
3434,1737,5
3434,1061,5
3434,1748,3
3440,3404,5
3440,2680,4
3440,5,5
3440,1117,1
3440,557,3
3440,814,4
3440,702,2
3440,710,2
3440,1410,3
3440,1985,5
3440,1988,3
3440,1418,2
3440,2752,4
3440,1435,3
3440,2905,4
3440,3048,3
3440,2927,1
3440,1471,1
3440,2324,5
3440,1475,3
3440,1477,3
3440,1580,1
3440,3066,2
3440,3083,1
3440,251,4
3440,2389,1
3440,1637,1
3440,430,4
3440,439,1
3440,2565,5
3440,453,4
3440,1159,4
3440,3455,3
3440,1859,4
3440,1334,4
3440,1220,1
3440,2813,2
3440,2815,4
3440,2816,3
3440,1358,3
3440,2822,2
3440,2065,1
3440,1368,1
3440,2961,3
3440,1504,5
3440,2249,4
3440,1656,2
3440,1542,4
3440,153,3
3440,3155,2
3440,1552,3
3440,2298,5
3440,10,3
3440,3181,2
3440,333,1
3440,336,5
3440,2461,4
3440,348,2
3440,3351,3
3440,951,4
3440,92,2
3444,2675,5
3444,1803,3
3444,1146,4
3444,824,4
3444,2753,5
3444,2324,1
3444,232,5
3444,3235,3
3444,2374,4
3444,3266,4
3444,2541,5
3444,1010,4
3444,1158,3
3444,1031,5
3444,1044,5
3444,1920,4
3444,1241,4
3444,107,2
3444,289,4
3444,1659,5
3444,3149,3
3444,2298,3
3444,1705,3
3444,1742,2
3444,1061,5
3444,951,5
3444,1077,4
3445,1107,5
3445,1146,5
3445,3102,4
3445,3304,5
3445,1719,5
3450,1996,5
3450,1627,4
3450,414,3
3450,430,4
3450,1010,4
3450,1492,2
3450,2838,3
3450,152,4
3450,1554,2
3450,533,4
3454,805,4
3454,1996,4
3454,1310,4
3454,3054,5
3454,1027,5
3454,336,2
3454,2477,5
3459,1103,3
3459,2693,5
3459,3054,4
3459,3090,5
3459,423,3
3459,2953,5
3459,1504,2
3459,107,4
3459,1659,5
3459,3338,5
3459,1747,5
3459,1759,5
3459,1090,5
3461,3404,4
3461,2680,3
3461,1117,5
3461,679,4
3461,2694,3
3461,1815,4
3461,811,5
3461,814,4
3461,702,4
3461,706,2
3461,710,4
3461,1410,3
3461,1985,3
3461,1986,3
3461,2745,4
3461,2132,3
3461,2133,2
3461,1996,4
3461,2008,3
3461,1435,4
3461,1438,3
3461,2902,3
3461,2161,1
3461,2170,4
3461,2180,4
3461,3048,4
3461,2927,3
3461,2928,3
3461,1471,1
3461,2324,2
3461,1477,4
3461,1580,1
3461,208,4
3461,1599,1
3461,2492,3
3461,246,4
3461,251,5
3461,3106,2
3461,1627,4
3461,2389,4
3461,978,4
3461,413,4
3461,430,4
3461,3418,4
3461,2555,4
3461,439,3
3461,2565,3
3461,582,3
3461,444,3
3461,453,4
3461,462,2
3461,3444,3
3461,1159,5
3461,1846,3
3461,1858,3
3461,3470,4
3461,1040,2
3461,1048,5
3461,1188,3
3461,2775,5
3461,1211,2
3461,1334,1
3461,1220,3
3461,2037,4
3461,2048,3
3461,2815,3
3461,2816,4
3461,1358,1
3461,2065,3
3461,1368,1
3461,1492,4
3461,1500,4
3461,101,4
3461,1504,5
3461,107,4
3461,2247,2
3461,3002,3
3461,1542,4
3461,3149,3
3461,2289,3
3461,2424,4
3461,3024,2
3461,2297,2
3461,2298,5
3461,319,2
3461,900,2
3461,1692,4
3461,20,4
3461,328,5
3461,3181,1
3461,1698,5
3461,330,3
3461,1705,4
3461,333,1
3461,336,5
3461,2598,4
3461,473,3
3461,1719,3
3461,1742,4
3461,1061,4
3461,1748,3
3461,3359,2
3461,1751,3
3461,951,2
3461,1074,3
3461,523,3
3461,3509,4
3461,533,4
3464,2008,3
3464,1435,4
3464,2324,4
3464,439,2
3464,3439,3
3464,3305,4
3464,1839,3
3464,1646,3
3464,347,3
3465,2693,4
3465,1128,5
3465,1156,5
3465,717,4
3465,107,4
3465,1705,5
3465,1738,5
3466,1117,5
3466,1151,2
3466,814,4
3466,2745,4
3466,3101,3
3466,978,2
3466,3417,3
3466,3418,4
3466,1010,5
3466,3438,4
3466,3439,5
3466,3470,4
3466,2477,5
3466,1738,4
3466,1077,5
3470,3404,3
3470,2675,4
3470,2680,3
3470,5,5
3470,1117,4
3470,557,3
3470,679,2
3470,2694,3
3470,1815,3
3470,2709,3
3470,1955,2
3470,1828,3
3470,1273,3
3470,810,3
3470,814,3
3470,702,4
3470,706,3
3470,710,3
3470,1410,3
3470,1985,4
3470,1986,2
3470,2874,3
3470,2128,2
3470,1420,3
3470,2752,3
3470,1996,2
3470,2143,3
3470,2008,3
3470,1435,4
3470,2905,3
3470,2917,3
3470,1457,3
3470,1459,4
3470,3043,3
3470,3048,3
3470,2927,2
3470,2928,4
3470,2324,5
3470,1475,3
3470,1477,3
3470,208,5
3470,2336,2
3470,1599,3
3470,1602,3
3470,2503,2
3470,2366,3
3470,3102,4
3470,2370,3
3470,3235,4
3470,3106,2
3470,2514,3
3470,2517,3
3470,1626,4
3470,1627,4
3470,2523,3
3470,3121,4
3470,2389,2
3470,2527,3
3470,978,3
3470,413,3
3470,414,4
3470,422,4
3470,423,3
3470,430,4
3470,2555,3
3470,439,3
3470,2565,3
3470,576,3
3470,444,4
3470,3439,1
3470,3305,3
3470,453,4
3470,460,1
3470,1839,3
3470,1159,4
3470,470,3
3470,3455,2
3470,1166,2
3470,1858,3
3470,3470,4
3470,717,4
3470,719,3
3470,618,3
3470,1193,3
3470,626,3
3470,2774,3
3470,1334,2
3470,1339,2
3470,1220,3
3470,757,3
3470,1228,4
3470,2048,4
3470,2815,3
3470,2816,4
3470,1358,2
3470,2822,3
3470,2216,3
3470,2961,3
3470,2838,3
3470,2084,3
3470,1500,3
3470,101,4
3470,1504,3
3470,2845,3
3470,107,4
3470,2247,3
3470,2249,1
3470,1528,3
3470,1529,3
3470,2409,2
3470,1656,3
3470,1542,3
3470,153,3
3470,2410,1
3470,2411,3
3470,3147,3
3470,1659,4
3470,3149,4
3470,2289,3
3470,1548,4
3470,157,2
3470,1552,3
3470,2297,3
3470,2298,4
3470,1557,3
3470,172,2
3470,10,3
3470,318,3
3470,18,2
3470,20,3
3470,1698,4
3470,912,3
3470,330,3
3470,1705,4
3470,333,4
3470,336,5
3470,2461,2
3470,2598,4
3470,473,3
3470,477,3
3470,348,3
3470,487,3
3470,3338,3
3470,2612,3
3470,3210,2
3470,363,3
3470,1737,4
3470,3348,4
3470,1738,3
3470,1742,3
3470,69,1
3470,1748,3
3470,2632,4
3470,1072,4
3470,951,3
3470,520,2
3470,1074,4
3470,91,3
3470,92,3
3470,3509,4
3470,2652,2
3470,3389,4
3473,1100,5
3473,2675,5
3473,1117,5
3473,2693,5
3473,810,4
3473,814,5
3473,823,5
3473,841,5
3473,845,5
3473,1310,5
3473,1469,4
3473,3054,4
3473,208,5
3473,1010,5
3473,1156,3
3473,465,5
3473,470,5
3473,1035,4
3473,717,5
3473,1048,4
3473,1193,5
3473,1334,4
3473,1920,4
3473,2048,5
3473,2815,4
3473,2953,4
3473,2838,4
3473,1502,5
3473,107,5
3473,2410,3
3473,2421,4
3473,2297,4
3473,2298,5
3473,1681,5
3473,3338,5
3473,1061,5
3473,1747,5
3473,1071,5
3473,1077,5
3473,1091,4
3473,647,4
3474,5,5
3474,1117,5
3474,557,5
3474,1128,3
3474,2694,3
3474,1815,2
3474,1955,4
3474,1146,3
3474,1151,5
3474,810,4
3474,814,3
3474,702,2
3474,823,3
3474,710,3
3474,2862,3
3474,1410,2
3474,1985,4
3474,1297,3
3474,2122,1
3474,1420,3
3474,2132,2
3474,2133,1
3474,1430,4
3474,1435,4
3474,1459,3
3474,1461,1
3474,3048,3
3474,2927,2
3474,1469,4
3474,3054,5
3474,1477,2
3474,208,3
3474,2336,1
3474,232,2
3474,3089,3
3474,3095,4
3474,2370,2
3474,251,4
3474,2517,3
3474,1627,4
3474,262,4
3474,3248,1
3474,3121,4
3474,1637,5
3474,978,3
3474,413,4
3474,414,5
3474,430,3
3474,2555,5
3474,2557,3
3474,1003,1
3474,2565,3
3474,3292,4
3474,576,2
3474,3301,1
3474,453,2
3474,1152,5
3474,1156,3
3474,1159,5
3474,465,4
3474,470,5
3474,1846,4
3474,3455,4
3474,1859,3
3474,3470,2
3474,1048,5
3474,1188,4
3474,3487,4
3474,629,3
3474,1888,3
3474,2774,4
3474,2775,4
3474,1220,1
3474,1920,3
3474,2048,4
3474,2815,4
3474,2816,5
3474,1358,1
3474,2822,3
3474,2065,2
3474,1368,1
3474,779,1
3474,1502,2
3474,101,4
3474,1504,3
3474,107,2
3474,1528,3
3474,1642,2
3474,3002,4
3474,1542,3
3474,289,5
3474,1659,4
3474,3149,2
3474,2298,4
3474,172,1
3474,10,4
3474,1692,4
3474,1698,4
3474,330,3
3474,1705,3
3474,333,3
3474,336,5
3474,2598,5
3474,473,2
3474,1719,2
3474,2477,3
3474,3338,3
3474,1737,2
3474,1738,1
3474,1061,4
3474,1748,1
3474,2630,2
3474,2632,2
3474,951,3
3474,1759,5
3474,1074,2
3474,3511,3
3474,3389,4
3474,1095,4
3482,3404,4
3482,2680,4
3482,5,3
3482,1117,4
3482,557,4
3482,1128,5
3482,679,3
3482,2694,4
3482,1260,3
3482,2701,5
3482,1266,3
3482,2709,5
3482,1955,5
3482,1828,3
3482,1146,5
3482,1151,4
3482,814,4
3482,702,5
3482,710,3
3482,2862,5
3482,2113,4
3482,2733,5
3482,1410,4
3482,1985,4
3482,1297,4
3482,2122,2
3482,2745,5
3482,1418,4
3482,2752,4
3482,1996,3
3482,2143,2
3482,1430,3
3482,2151,4
3482,2902,3
3482,2905,4
3482,1457,4
3482,2178,4
3482,1461,4
3482,3048,4
3482,2927,5
3482,2928,4
3482,2186,3
3482,1469,4
3482,1471,3
3482,3050,4
3482,3054,4
3482,3057,3
3482,2324,5
3482,1477,4
3482,1580,3
3482,208,4
3482,232,3
3482,2492,4
3482,2370,3
3482,251,5
3482,2514,3
3482,1627,5
3482,257,3
3482,3121,4
3482,2389,3
3482,413,4
3482,430,4
3482,2555,4
3482,2565,4
3482,3292,3
3482,3305,3
3482,453,5
3482,1839,4
3482,1156,5
3482,1159,4
3482,1031,4
3482,1035,4
3482,1040,4
3482,719,4
3482,1048,4
3482,1188,4
3482,629,3
3482,2774,5
3482,2775,4
3482,1327,3
3482,2021,4
3482,747,4
3482,640,4
3482,1219,4
3482,2048,4
3482,1234,3
3482,2813,3
3482,1357,2
3482,2815,5
3482,1358,4
3482,2065,4
3482,2835,4
3482,2961,4
3482,2963,5
3482,2084,4
3482,2088,4
3482,2845,2
3482,107,5
3482,2247,2
3482,2858,5
3482,1528,3
3482,1529,4
3482,3002,5
3482,1656,4
3482,1542,3
3482,153,5
3482,2410,4
3482,3149,5
3482,295,4
3482,3155,2
3482,1552,5
3482,2297,3
3482,2298,4
3482,314,3
3482,318,3
3482,18,3
3482,20,5
3482,1698,5
3482,330,4
3482,333,4
3482,336,5
3482,2598,5
3482,473,4
3482,480,4
3482,347,4
3482,348,4
3482,3198,4
3482,487,2
3482,3338,3
3482,1737,5
3482,1061,5
3482,1748,4
3482,3359,2
3482,1074,4
3482,92,4
3482,3509,4
3482,1091,4
3483,1133,4
3483,2702,3
3483,1828,4
3483,702,4
3483,710,3
3483,850,4
3483,2143,1
3483,1435,4
3483,1471,1
3483,2324,5
3483,1580,2
3483,208,2
3483,3090,3
3483,1618,4
3483,2563,3
3483,1010,4
3483,444,3
3483,453,4
3483,1156,4
3483,1159,4
3483,1166,1
3483,1858,3
3483,3470,4
3483,743,1
3483,1220,1
3483,757,1
3483,2815,4
3483,2816,4
3483,1358,4
3483,779,2
3483,2247,3
3483,1542,2
3483,3147,1
3483,1659,3
3483,3149,3
3483,2298,2
3483,172,2
3483,20,3
3483,1705,2
3483,336,4
3483,2598,4
3483,486,4
3483,1748,2
3483,951,3
3483,1074,3
3483,523,3
3490,5,4
3490,1117,4
3490,557,4
3490,679,4
3490,2694,4
3490,1260,4
3490,1815,4
3490,1266,3
3490,1151,5
3490,702,3
3490,706,4
3490,710,4
3490,2113,4
3490,1410,4
3490,1985,5
3490,1986,4
3490,2128,4
3490,2745,4
3490,1420,4
3490,2133,3
3490,2752,3
3490,1427,3
3490,2008,5
3490,1435,3
3490,2905,4
3490,2170,3
3490,1459,5
3490,2180,4
3490,878,4
3490,3048,3
3490,2927,4
3490,2186,3
3490,1469,4
3490,1471,3
3490,3050,5
3490,1477,4
3490,208,4
3490,2336,3
3490,2337,3
3490,2349,4
3490,3087,3
3490,2491,4
3490,2366,4
3490,2370,4
3490,1618,4
3490,381,3
3490,251,5
3490,3235,4
3490,3106,4
3490,1626,3
3490,258,3
3490,3248,4
3490,3120,3
3490,2389,3
3490,403,3
3490,2537,3
3490,414,3
3490,3268,5
3490,423,5
3490,2555,4
3490,1003,3
3490,2562,5
3490,433,3
3490,440,4
3490,576,3
3490,582,5
3490,3299,3
3490,453,4
3490,3444,4
3490,1839,3
3490,3451,5
3490,1159,4
3490,597,4
3490,1852,4
3490,1035,4
3490,1166,3
3490,719,5
3490,1048,4
3490,1188,4
3490,1883,3
3490,2774,3
3490,1334,4
3490,1339,4
3490,1219,3
3490,1220,3
3490,757,5
3490,1225,3
3490,1228,3
3490,765,4
3490,2815,5
3490,2822,5
3490,2065,4
3490,779,3
3490,2221,4
3490,2961,4
3490,2082,4
3490,2838,4
3490,2084,4
3490,1500,3
3490,2841,3
3490,101,4
3490,1504,4
3490,107,5
3490,2249,4
3490,125,4
3490,3002,4
3490,1646,5
3490,2409,4
3490,1542,4
3490,152,3
3490,153,3
3490,3147,4
3490,1659,4
3490,3149,3
3490,157,5
3490,2424,4
3490,2425,3
3490,3024,3
3490,178,4
3490,318,4
3490,19,3
3490,20,3
3490,2584,5
3490,1698,5
3490,912,4
3490,1705,4
3490,1706,4
3490,333,4
3490,336,4
3490,915,5
3490,2598,4
3490,1707,3
3490,473,3
3490,348,3
3490,1719,5
3490,1720,5
3490,1721,1
3490,363,4
3490,1737,3
3490,1738,3
3490,71,5
3490,1748,4
3490,2630,4
3490,1753,4
3490,951,5
3490,1074,4
3502,1103,4
3502,2675,5
3502,5,4
3502,1117,5
3502,557,3
3502,1128,4
3502,1815,3
3502,2709,4
3502,1828,3
3502,1146,5
3502,805,5
3502,814,3
3502,702,4
3502,1410,3
3502,1294,4
3502,1985,4
3502,1420,5
3502,2133,3
3502,850,5
3502,1435,5
3502,2161,4
3502,2917,3
3502,3043,3
3502,1469,4
3502,1471,1
3502,2324,3
3502,3089,4
3502,3102,4
3502,251,4
3502,1626,5
3502,260,3
3502,2523,4
3502,3121,5
3502,978,5
3502,430,5
3502,2561,4
3502,439,3
3502,576,3
3502,453,4
3502,1152,4
3502,1839,4
3502,1159,5
3502,3470,5
3502,1048,5
3502,1883,3
3502,626,4
3502,1885,4
3502,1913,4
3502,757,2
3502,2037,3
3502,2815,3
3502,2816,4
3502,2950,4
3502,2838,4
3502,2084,3
3502,2845,4
3502,2093,3
3502,2094,3
3502,107,4
3502,3002,4
3502,2279,4
3502,1659,4
3502,157,5
3502,2425,4
3502,2298,5
3502,172,4
3502,1681,5
3502,10,3
3502,1705,5
3502,336,5
3502,2598,5
3502,347,2
3502,2600,5
3502,3338,4
3502,1737,5
3502,3348,4
3502,1738,4
3502,1742,5
3502,1061,5
3502,1748,4
3502,1072,4
3502,951,5
3502,3367,5
3502,1074,5
3502,1090,4
3505,2675,5
3505,5,5
3505,1117,5
3505,1128,5
3505,1996,5
3505,1435,5
3505,1477,4
3505,208,5
3505,430,3
3505,1048,5
3505,1204,2
3505,2815,4
3505,2838,4
3505,1504,3
3505,107,5
3505,2298,5
3505,487,4
3505,2477,5
3508,2675,4
3508,2680,3
3508,5,4
3508,1117,4
3508,679,4
3508,1260,3
3508,1815,1
3508,1828,3
3508,814,3
3508,702,5
3508,710,2
3508,1410,3
3508,2752,3
3508,2303,4
3508,2917,3
3508,1471,1
3508,2324,2
3508,1477,3
3508,208,3
3508,251,2
3508,2514,3
3508,1626,2
3508,3248,4
3508,398,2
3508,2541,3
3508,414,3
3508,430,5
3508,439,3
3508,2565,3
3508,1010,3
3508,453,4
3508,456,3
3508,1839,4
3508,597,1
3508,1166,3
3508,1858,2
3508,3470,3
3508,719,5
3508,1211,1
3508,747,2
3508,1220,2
3508,1228,2
3508,2048,4
3508,765,2
3508,2815,5
3508,1358,2
3508,2065,5
3508,2838,4
3508,101,3
3508,2094,1
3508,2247,3
3508,2249,4
3508,1528,3
3508,1529,5
3508,1656,3
3508,153,3
3508,1659,5
3508,3149,3
3508,157,3
3508,2425,2
3508,1552,3
3508,172,3
3508,18,1
3508,20,5
3508,912,5
3508,333,5
3508,335,2
3508,336,5
3508,473,2
3508,43,2
3508,347,3
3508,2477,5
3508,2488,1
3508,1737,3
3508,1742,2
3508,1061,1
3508,373,1
3508,1748,3
3508,2633,1
3508,951,2
3508,1074,4
3508,523,4
3508,92,4
3516,1117,5
3516,2113,3
3516,2874,3
3516,2133,4
3516,1459,4
3516,2178,2
3516,2180,4
3516,3043,4
3516,2503,4
3516,3106,4
3516,413,5
3516,414,3
3516,1010,4
3516,1839,3
3516,1159,4
3516,618,2
3516,626,5
3516,1219,1
3516,2088,3
3516,101,5
3516,3149,4
3516,20,4
3516,1698,5
3516,1705,4
3516,336,4
3516,2598,4
3516,348,5
3516,1737,4
3516,3348,4
3516,1742,5
3516,1748,3
3516,951,4
3516,3367,2
3516,1074,5
3517,541,4
3517,549,5
3517,2675,4
3517,1117,4
3517,2693,3
3517,1131,5
3517,1815,3
3517,805,5
3517,810,5
3517,811,5
3517,814,5
3517,706,2
3517,1410,4
3517,1420,2
3517,2752,5
3517,2753,5
3517,1435,3
3517,2905,4
3517,2913,4
3517,2303,5
3517,2917,3
3517,2180,3
3517,3043,3
3517,3048,5
3517,1469,4
3517,3054,4
3517,2324,2
3517,1477,4
3517,208,4
3517,2336,4
3517,1599,2
3517,232,3
3517,3090,5
3517,3102,3
3517,246,5
3517,251,3
3517,1627,3
3517,1637,5
3517,2531,5
3517,983,4
3517,2541,4
3517,413,4
3517,414,4
3517,2555,4
3517,442,4
3517,444,4
3517,1012,3
3517,453,3
3517,1158,3
3517,1159,5
3517,470,5
3517,1846,4
3517,1027,4
3517,618,4
3517,1888,4
3517,2775,4
3517,1220,3
3517,756,4
3517,2796,4
3517,1234,4
3517,2813,3
3517,2815,5
3517,2816,5
3517,2822,4
3517,1492,2
3517,2838,2
3517,1504,3
3517,2094,2
3517,1528,3
3517,3132,3
3517,289,5
3517,295,4
3517,157,3
3517,1554,3
3517,2297,4
3517,2298,4
3517,307,4
3517,10,4
3517,314,3
3517,1692,4
3517,327,4
3517,3181,3
3517,1698,5
3517,1705,4
3517,335,3
3517,336,4
3517,2598,4
3517,473,4
3517,347,3
3517,1742,3
3517,1061,4
3517,1748,3
3517,2633,2
3517,951,5
3517,3502,2
3517,1074,5
3517,91,3
3517,3509,5
3517,533,4
3517,1095,4
3521,5,3
3521,814,3
3521,702,5
3521,2324,4
3521,1025,2
3521,3470,4
3521,2815,5
3521,2065,5
3521,2255,4
3521,1656,5
3521,347,3
3521,1737,4
3529,702,5
3529,2752,4
3529,1737,4
3529,1738,4
3529,3359,3
3533,430,4
3533,453,4
3533,1156,4
3533,1048,5
3533,2774,4
3533,20,4
3533,1737,4
3540,2693,3
3540,1151,3
3540,814,3
3540,1035,4
3540,1048,5
3540,107,5
3540,1759,4
3541,3404,4
3541,1954,1
3541,1297,2
3541,3083,4
3541,2961,4
3541,1698,2
3541,3351,3
3542,3395,4
3542,1100,3
3542,1808,3
3542,1128,4
3542,1133,3
3542,1151,4
3542,805,3
3542,814,5
3542,713,2
3542,2882,3
3542,2163,2
3542,422,1
3542,1010,5
3542,1158,3
3542,717,4
3542,1193,5
3542,1328,2
3542,747,2
3542,1920,3
3542,2953,3
3542,3004,5
3542,1061,4
3542,1747,5
3542,2632,5
3542,1071,5
3542,1090,5
3545,3395,4
3545,1100,5
3545,541,3
3545,1103,4
3545,1107,3
3545,5,3
3545,1117,3
3545,557,2
3545,2693,4
3545,1131,4
3545,2694,3
3545,1132,5
3545,1133,5
3545,2702,4
3545,1828,1
3545,1146,4
3545,805,5
3545,810,3
3545,811,4
3545,814,4
3545,2862,3
3545,828,3
3545,1998,3
3545,850,5
3545,2180,2
3545,3048,3
3545,3054,4
3545,232,5
3545,3089,4
3545,3090,4
3545,3095,4
3545,1618,3
3545,1627,4
3545,413,2
3545,414,2
3545,422,2
3545,430,3
3545,3418,3
3545,2555,4
3545,439,2
3545,444,4
3545,2580,2
3545,453,2
3545,1156,2
3545,1159,4
3545,465,3
3545,470,2
3545,1844,4
3545,1031,2
3545,1035,2
3545,1044,3
3545,1048,5
3545,2774,2
3545,747,4
3545,1220,2
3545,1920,4
3545,1234,3
3545,1357,3
3545,2819,4
3545,1492,2
3545,2953,4
3545,1504,2
3545,107,5
3545,2247,3
3545,3123,3
3545,3002,3
3545,3149,1
3545,1548,3
3545,163,4
3545,2421,4
3545,1681,3
3545,20,4
3545,328,3
3545,1705,3
3545,336,2
3545,2466,3
3545,347,2
3545,2600,3
3545,1720,2
3545,3338,4
3545,1737,3
3545,1738,3
3545,2634,3
3545,1072,4
3545,1074,4
3545,957,3
3545,1090,4
3545,1091,4
3545,533,4
3545,1093,3
3553,1128,3
3553,1010,5
3553,3470,4
3553,1077,4
3557,5,5
3557,2694,5
3557,1815,5
3557,1146,1
3557,814,5
3557,710,5
3557,1410,5
3557,1985,5
3557,2128,5
3557,2132,5
3557,2133,3
3557,2752,4
3557,1435,5
3557,1459,5
3557,2180,4
3557,2927,4
3557,1477,5
3557,208,5
3557,2503,4
3557,2514,5
3557,2389,4
3557,273,4
3557,413,4
3557,414,5
3557,430,5
3557,1003,4
3557,439,3
3557,453,5
3557,1839,5
3557,1858,4
3557,3470,5
3557,1048,5
3557,1339,4
3557,1220,3
3557,1225,4
3557,1228,4
3557,2815,5
3557,2065,4
3557,1368,3
3557,2838,5
3557,2084,5
3557,2088,4
3557,101,5
3557,1504,5
3557,1528,5
3557,1529,4
3557,1656,5
3557,1542,5
3557,153,5
3557,3147,3
3557,2425,5
3557,1552,4
3557,10,5
3557,19,4
3557,20,3
3557,912,2
3557,1705,4
3557,336,5
3557,2598,5
3557,473,5
3557,480,5
3557,43,4
3557,347,5
3557,348,5
3557,1737,5
3557,3348,3
3557,1738,5
3557,1061,5
3557,1748,5
3557,1074,5
3557,523,3
3557,92,4
3562,557,3
3562,2693,5
3562,1131,5
3562,1815,2
3562,1151,4
3562,1985,4
3562,2874,5
3562,1996,4
3562,1435,5
3562,2905,4
3562,1459,3
3562,2178,5
3562,3048,4
3562,1469,3
3562,3054,4
3562,1475,3
3562,1627,5
3562,257,4
3562,1637,3
3562,423,4
3562,429,4
3562,576,5
3562,1159,3
3562,1859,4
3562,3470,3
3562,2774,3
3562,2775,4
3562,2048,3
3562,1504,3
3562,2858,4
3562,3149,4
3562,20,3
3562,1698,4
3562,330,3
3562,1705,5
3562,2598,4
3562,1737,4
3562,1074,4
3562,91,4
3572,814,3
3572,453,3
3572,911,3
3572,951,2
3572,523,3
3578,679,3
3578,1266,3
3578,1410,4
3578,2122,2
3578,2133,2
3578,1427,2
3578,3048,3
3578,1471,4
3578,2324,4
3578,1580,3
3578,2336,3
3578,2337,3
3578,2389,4
3578,3413,3
3578,439,3
3578,576,5
3578,582,4
3578,3305,4
3578,453,3
3578,1839,4
3578,592,2
3578,1166,4
3578,1339,4
3578,1219,2
3578,757,3
3578,1225,2
3578,1228,3
3578,765,3
3578,1358,2
3578,1368,3
3578,2077,4
3578,1529,4
3578,1646,3
3578,153,4
3578,3149,4
3578,157,4
3578,2425,4
3578,307,4
3578,19,3
3578,20,4
3578,911,4
3578,330,3
3578,333,4
3578,915,3
3578,43,3
3578,348,4
3578,1737,5
3578,3348,4
3578,1738,4
3578,373,1
3578,1074,3
3578,3374,3
3578,3375,3
3578,529,3
3578,92,5
3580,2324,4
3580,453,4
3580,757,2
3580,3149,4
3582,810,5
3582,811,5
3582,823,5
3582,827,5
3582,828,5
3582,1469,5
3582,2822,3
3582,1698,3
3582,336,5
3586,679,4
3586,2694,4
3586,814,5
3586,2113,5
3586,3438,5
3586,2838,5
3586,3149,5
3586,92,4
3589,1100,5
3589,1117,3
3589,557,5
3589,1943,3
3589,1815,5
3589,710,4
3589,2862,5
3589,1294,5
3589,1985,4
3589,1986,2
3589,1420,1
3589,2132,3
3589,2753,5
3589,1996,1
3589,2143,3
3589,2008,4
3589,1435,5
3589,2157,3
3589,2905,5
3589,2913,4
3589,3048,3
3589,2927,4
3589,3054,5
3589,2324,3
3589,1477,5
3589,3067,2
3589,208,5
3589,258,4
3589,2389,4
3589,2527,4
3589,2541,5
3589,414,4
3589,422,4
3589,423,4
3589,430,4
3589,2555,5
3589,1003,4
3589,1010,5
3589,582,5
3589,453,4
3589,1159,5
3589,470,4
3589,1846,4
3589,1035,5
3589,3470,4
3589,717,4
3589,1048,5
3589,618,3
3589,1188,3
3589,2775,5
3589,1334,5
3589,1905,5
3589,765,4
3589,2813,4
3589,2815,5
3589,1358,2
3589,2065,5
3589,779,4
3589,1496,1
3589,2838,5
3589,1500,4
3589,2088,4
3589,1504,4
3589,107,5
3589,3123,4
3589,1646,4
3589,1659,4
3589,2289,5
3589,163,3
3589,2298,4
3589,307,2
3589,174,4
3589,10,4
3589,20,4
3589,1698,5
3589,912,4
3589,1705,4
3589,333,4
3589,2598,5
3589,473,3
3589,1719,4
3589,361,4
3589,1737,5
3589,3348,4
3589,1738,3
3589,3359,4
3589,1072,4
3589,951,4
3589,86,4
3589,1759,5
3589,1074,5
3589,1077,5
3589,522,3
3589,523,5
3589,89,3
3589,91,5
3589,3509,5
3589,3389,5
3592,1117,4
3592,1815,2
3592,1996,4
3592,208,3
3592,1627,4
3592,2389,3
3592,414,3
3592,1234,4
3592,1554,2
3592,20,3
3592,1698,4
3592,1705,3
3592,336,5
3592,2598,4
3592,523,5
3592,533,5
3597,2324,1
3597,2336,1
3597,453,1
3597,1905,1
3597,2065,1
3597,1496,1
3597,101,1
3597,1504,1
3597,1705,1
3597,361,1
3601,1128,5
3601,1410,3
3601,2128,3
3601,2324,3
3601,403,4
3601,453,3
3601,1156,4
3601,1858,3
3601,2815,4
3601,2816,4
3601,2838,4
3601,2247,4
3601,3147,3
3601,10,3
3601,328,4
3601,330,4
3601,1705,4
3601,3348,3
3601,1748,3
3601,1074,4
3604,3404,5
3604,5,5
3604,2693,4
3604,1146,1
3604,805,5
3604,208,2
3604,2337,2
3604,2366,2
3604,381,4
3604,2389,4
3604,2565,4
3604,462,4
3604,1156,5
3604,2774,5
3604,1334,3
3604,2838,4
3604,1504,1
3604,2094,1
3604,2249,4
3604,2424,5
3604,336,5
3604,1737,3
3604,1072,5
3604,3387,4
3606,2680,4
3606,1117,5
3606,1128,3
3606,1815,3
3606,2709,4
3606,1828,2
3606,1146,5
3606,1151,4
3606,702,5
3606,1471,1
3606,2324,3
3606,1580,2
3606,208,4
3606,2336,3
3606,2337,2
3606,2370,5
3606,3248,3
3606,400,3
3606,3268,1
3606,3272,1
3606,2565,4
3606,576,4
3606,3305,4
3606,453,5
3606,1839,3
3606,1156,5
3606,1159,4
3606,1166,2
3606,3470,2
3606,1334,1
3606,1219,3
3606,757,3
3606,1358,4
3606,779,3
3606,3002,4
3606,3149,4
3606,1662,1
3606,2297,4
3606,307,1
3606,172,3
3606,318,3
3606,319,3
3606,20,4
3606,2584,1
3606,1705,3
3606,477,2
3606,2477,4
3606,1737,4
3606,1738,4
3606,1748,4
3606,951,4
3606,3367,3
3606,1074,5
3607,1117,4
3607,710,3
3607,208,5
3607,3090,3
3607,1618,3
3607,1627,5
3607,413,4
3607,1010,5
3607,444,4
3607,470,4
3607,1027,4
3607,1858,4
3607,1211,4
3607,747,4
3607,1334,3
3607,1542,4
3607,2297,4
3607,2298,4
3607,319,5
3607,20,5
3609,1100,1
3609,3530,1
3609,3404,5
3609,1934,1
3609,5,4
3609,1800,1
3609,1117,4
3609,1943,1
3609,1948,1
3609,1815,3
3609,1133,1
3609,1266,4
3609,1146,1
3609,805,1
3609,810,1
3609,811,1
3609,814,4
3609,702,4
3609,822,1
3609,823,1
3609,824,1
3609,706,5
3609,710,4
3609,1410,5
3609,827,1
3609,828,1
3609,830,1
3609,1418,3
3609,1420,1
3609,836,3
3609,838,1
3609,841,1
3609,2752,5
3609,845,1
3609,850,1
3609,2143,4
3609,1319,1
3609,856,1
3609,857,1
3609,869,1
3609,875,1
3609,2917,4
3609,2927,2
3609,1471,3
3609,2324,1
3609,208,3
3609,2346,1
3609,2350,1
3609,1602,3
3609,3215,1
3609,3089,3
3609,2361,1
3609,3235,4
3609,2514,5
3609,2389,4
3609,3251,1
3609,978,1
3609,2541,1
3609,413,4
3609,414,2
3609,430,4
3609,3423,1
3609,3283,1
3609,2561,1
3609,582,1
3609,453,4
3609,1836,1
3609,1159,4
3609,3452,1
3609,592,2
3609,1858,2
3609,618,2
3609,1193,1
3609,739,2
3609,1211,3
3609,1219,1
3609,1220,3
3609,757,3
3609,2037,3
3609,1225,3
3609,1920,1
3609,1228,4
3609,2815,4
3609,1358,3
3609,2065,4
3609,1368,1
3609,2953,1
3609,2084,4
3609,101,5
3609,2247,3
3609,1529,4
3609,3004,1
3609,2269,1
3609,1656,5
3609,1542,5
3609,153,4
3609,3149,4
3609,1662,1
3609,1664,1
3609,293,1
3609,2421,1
3609,1552,4
3609,307,2
3609,168,1
3609,1681,1
3609,10,3
3609,18,3
3609,19,3
3609,2587,1
3609,911,3
3609,1705,3
3609,333,4
3609,915,1
3609,2598,4
3609,473,4
3609,347,5
3609,348,4
3609,2600,1
3609,1737,5
3609,3348,4
3609,1738,5
3609,949,1
3609,1747,1
3609,1748,3
3609,3359,4
3609,2633,2
3609,951,4
3609,86,5
3609,1074,2
3609,1764,2
3609,957,1
3609,1090,1
3614,1100,5
3614,655,4
3614,2675,1
3614,1128,4
3614,1815,1
3614,2709,5
3614,805,4
3614,814,2
3614,3089,4
3614,3090,4
3614,2541,4
3614,3420,5
3614,576,3
3614,1010,4
3614,1836,4
3614,1839,1
3614,1156,4
3614,1031,3
3614,1048,4
3614,1193,4
3614,626,2
3614,629,4
3614,1920,5
3614,2953,4
3614,3002,4
3614,1646,1
3614,20,3
3614,911,3
3614,347,2
3614,1742,1
3614,1061,5
3614,1747,3
3614,951,4
3614,1077,4
3614,523,5
3617,3395,3
3617,1100,3
3617,3404,3
3617,1934,3
3617,2680,3
3617,5,3
3617,1117,4
3617,1803,3
3617,557,4
3617,2693,2
3617,1805,4
3617,1128,4
3617,1131,2
3617,679,2
3617,2694,3
3617,1260,3
3617,2701,3
3617,1132,4
3617,2709,3
3617,1828,3
3617,1273,3
3617,1146,3
3617,1151,3
3617,805,3
3617,814,4
3617,702,3
3617,710,3
3617,2113,3
3617,1410,3
3617,1294,3
3617,1985,4
3617,2871,3
3617,2122,3
3617,2745,4
3617,1418,3
3617,1420,3
3617,2881,1
3617,2132,4
3617,2133,3
3617,2752,3
3617,1425,3
3617,1427,3
3617,1997,2
3617,850,3
3617,2886,3
3617,2143,4
3617,1430,3
3617,1435,3
3617,2769,2
3617,2152,3
3617,1438,3
3617,2157,2
3617,2904,2
3617,2905,4
3617,2161,2
3617,873,3
3617,2913,3
3617,1457,3
3617,2178,3
3617,878,3
3617,880,3
3617,3043,3
3617,2309,3
3617,3048,3
3617,2927,3
3617,2186,3
3617,1469,4
3617,1471,3
3617,3050,3
3617,3054,3
3617,3057,3
3617,1475,4
3617,1477,3
3617,3064,2
3617,2943,3
3617,2336,3
3617,3087,1
3617,232,2
3617,3215,3
3617,2491,3
3617,2492,4
3617,3089,3
3617,3092,2
3617,3094,3
3617,3095,3
3617,2366,3
3617,3102,2
3617,2370,3
3617,381,2
3617,251,3
3617,3106,3
3617,2514,3
3617,2517,3
3617,1627,3
3617,392,2
3617,257,3
3617,258,3
3617,262,3
3617,3248,3
3617,396,3
3617,3121,3
3617,398,3
3617,400,2
3617,265,4
3617,2389,2
3617,2527,3
3617,2530,2
3617,413,4
3617,414,2
3617,3268,2
3617,423,3
3617,429,3
3617,430,3
3617,3417,4
3617,3421,3
3617,2555,4
3617,1001,3
3617,3283,4
3617,2565,3
3617,3292,2
3617,3438,3
3617,3439,2
3617,1012,4
3617,586,3
3617,3305,3
3617,453,4
3617,456,3
3617,1152,3
3617,1839,3
3617,1156,5
3617,1158,3
3617,3451,3
3617,1159,3
3617,1025,4
3617,465,4
3617,470,3
3617,1844,3
3617,1846,3
3617,1852,2
3617,600,2
3617,1035,3
3617,1166,3
3617,1859,2
3617,1040,3
3617,1044,4
3617,717,3
3617,719,3
3617,1048,3
3617,1188,3
3617,629,4
3617,1888,3
3617,1204,3
3617,2772,3
3617,2774,3
3617,2775,3
3617,2021,3
3617,1339,3
3617,1913,3
3617,1220,3
3617,757,2
3617,1228,3
3617,2048,3
3617,765,2
3617,1241,3
3617,2815,3
3617,2816,4
3617,1358,4
3617,2819,3
3617,2822,4
3617,2065,3
3617,1368,2
3617,779,3
3617,781,3
3617,1492,3
3617,2831,3
3617,2076,3
3617,2833,3
3617,2835,3
3617,2961,3
3617,2838,4
3617,1500,3
3617,1502,3
3617,2088,3
3617,101,3
3617,1504,4
3617,107,3
3617,109,3
3617,2245,2
3617,2856,5
3617,2858,3
3617,2111,3
3617,2249,3
3617,1521,3
3617,125,3
3617,1529,3
3617,3123,3
3617,3124,3
3617,3129,3
3617,3002,4
3617,3004,3
3617,2269,4
3617,1537,3
3617,2409,3
3617,1656,3
3617,1542,3
3617,152,4
3617,153,3
3617,1659,2
3617,3149,3
3617,3016,3
3617,157,3
3617,163,2
3617,2421,3
3617,3155,3
3617,2424,3
3617,2425,2
3617,1552,3
3617,1554,2
3617,2297,3
3617,2298,3
3617,1557,4
3617,307,2
3617,1558,3
3617,172,4
3617,10,4
3617,319,4
3617,183,3
3617,1692,3
3617,2448,2
3617,19,3
3617,20,3
3617,327,3
3617,328,4
3617,2584,2
3617,2587,3
3617,1698,3
3617,912,3
3617,330,4
3617,1705,3
3617,333,2
3617,336,3
3617,3321,3
3617,2594,3
3617,2461,3
3617,2598,3
3617,2467,3
3617,480,3
3617,347,3
3617,348,3
3617,3332,3
3617,2469,3
3617,3198,3
3617,3200,2
3617,486,4
3617,3338,3
3617,2612,3
3617,934,3
3617,361,3
3617,363,3
3617,1737,3
3617,3348,3
3617,1738,3
3617,2623,3
3617,1061,4
3617,71,4
3617,76,3
3617,77,3
3617,3359,3
3617,2630,2
3617,2634,3
3617,520,3
3617,1759,4
3617,1074,3
3617,1761,3
3617,957,4
3617,523,3
3617,89,3
3617,2650,2
3617,2652,2
3617,1091,2
3617,647,3
3617,1093,2
3618,2680,5
3618,702,4
3618,2752,4
3618,2324,5
3618,2514,4
3618,2527,4
3618,3413,3
3618,2565,4
3618,2815,4
3618,2249,3
3618,2409,2
3618,2424,4
3618,2297,4
3618,1737,4
3618,1738,4
3624,2680,1
3624,5,5
3624,1117,4
3624,557,5
3624,1955,2
3624,702,3
3624,710,4
3624,1410,3
3624,1985,3
3624,2752,3
3624,1471,3
3624,2324,3
3624,1477,3
3624,208,3
3624,2370,2
3624,2514,2
3624,398,2
3624,2389,4
3624,414,2
3624,430,4
3624,439,3
3624,3305,1
3624,453,5
3624,1166,1
3624,719,4
3624,1188,3
3624,1327,1
3624,1339,4
3624,2815,5
3624,2065,4
3624,1500,1
3624,2247,3
3624,1542,2
3624,20,3
3624,330,4
3624,336,5
3624,473,4
3624,347,4
3624,348,4
3624,1742,4
3624,69,2
3624,3359,4
3633,3404,2
3633,2752,4
3633,2815,4
3633,3155,2
3633,1698,5
3635,3102,2
3635,107,5
3636,2680,1
3636,208,5
3636,2514,4
3636,2523,4
3636,2389,4
3636,2527,3
3636,3413,3
3636,2838,4
3636,3155,3
3636,2297,1
3636,2298,4
3636,3359,3
3636,2652,4
3638,1117,2
3638,1128,4
3638,1815,3
3638,2180,3
3638,208,3
3638,414,5
3638,440,3
3638,1334,2
3638,101,4
3638,1528,4
3638,1542,2
3638,336,4
3638,2598,5
3638,361,3
3638,1737,3
3638,1738,3
3638,1061,3
3638,1748,2
3640,2680,2
3640,1117,5
3640,557,3
3640,2693,4
3640,1128,5
3640,2709,5
3640,1146,4
3640,702,3
3640,706,4
3640,2113,3
3640,1410,2
3640,1985,4
3640,2122,3
3640,2128,4
3640,2745,5
3640,2132,3
3640,2905,5
3640,2917,4
3640,1457,3
3640,1459,4
3640,2180,5
3640,3048,3
3640,2927,3
3640,1469,4
3640,1471,1
3640,2324,2
3640,1477,4
3640,2336,3
3640,2491,3
3640,2492,3
3640,3094,5
3640,3095,5
3640,2503,1
3640,2366,5
3640,251,3
3640,3235,2
3640,3106,5
3640,2514,2
3640,430,3
3640,2555,5
3640,1003,3
3640,2565,3
3640,444,4
3640,3438,3
3640,3305,4
3640,453,4
3640,1152,5
3640,1839,2
3640,1156,4
3640,1159,4
3640,1844,4
3640,1846,4
3640,1852,4
3640,1035,5
3640,1166,4
3640,3470,4
3640,717,4
3640,1048,5
3640,1188,5
3640,2774,3
3640,640,4
3640,1219,2
3640,2816,3
3640,2822,4
3640,2835,5
3640,2221,1
3640,2961,1
3640,2838,3
3640,1504,3
3640,2093,1
3640,2094,1
3640,107,5
3640,2247,2
3640,3129,5
3640,3002,5
3640,3147,3
3640,3149,5
3640,1666,1
3640,2298,5
3640,1692,4
3640,1698,4
3640,1705,4
3640,336,2
3640,2598,4
3640,480,5
3640,348,3
3640,3198,4
3640,1719,4
3640,934,5
3640,1737,3
3640,1738,2
3640,69,1
3640,71,3
3640,76,4
3640,1748,3
3640,2630,3
3640,2632,2
3640,1071,5
3640,1759,4
3640,1074,4
3640,533,5
3640,3389,4
3652,1117,5
3652,1128,5
3652,2709,5
3652,1146,2
3652,1319,1
3652,2324,3
3652,208,4
3652,2336,5
3652,251,5
3652,453,3
3652,460,2
3652,1839,4
3652,1156,5
3652,1048,5
3652,107,4
3652,1529,4
3652,1659,4
3652,3149,5
3652,1698,5
3652,1705,1
3652,2598,5
3652,348,5
3652,1737,4
3654,2930,3
3654,2324,5
3654,1839,3
3654,1334,3
3654,1742,5
3654,951,2
3656,5,4
3656,1117,5
3656,2694,5
3656,1435,4
3656,3235,3
3656,2514,4
3656,336,3
3656,480,3
3658,1117,4
3658,1435,5
3658,2902,2
3658,3083,3
3658,1156,5
3658,3470,4
3658,2815,5
3658,2961,4
3658,1502,5
3658,2298,5
3658,1737,4
3658,1738,4
3658,3359,5
3658,2632,5
3658,3367,4
3668,2680,3
3668,5,5
3668,557,5
3668,2694,4
3668,1815,2
3668,702,3
3668,710,2
3668,1410,3
3668,1985,3
3668,2122,3
3668,2128,3
3668,1420,3
3668,2132,4
3668,2133,3
3668,2752,3
3668,2143,2
3668,1435,5
3668,2902,3
3668,2905,3
3668,2161,1
3668,2917,3
3668,1459,5
3668,2927,3
3668,2928,5
3668,2324,5
3668,208,5
3668,2492,3
3668,2503,3
3668,251,3
3668,3106,2
3668,2514,4
3668,398,4
3668,2389,2
3668,414,4
3668,430,3
3668,2555,4
3668,439,1
3668,2565,3
3668,1010,4
3668,453,4
3668,1839,3
3668,1844,5
3668,3470,1
3668,1188,3
3668,1339,3
3668,1225,3
3668,2815,4
3668,1358,3
3668,2065,3
3668,779,1
3668,2838,3
3668,101,5
3668,1504,1
3668,2093,1
3668,107,5
3668,2247,4
3668,2249,3
3668,1529,3
3668,3002,5
3668,1656,1
3668,1542,2
3668,153,2
3668,3149,3
3668,2425,3
3668,2297,2
3668,172,3
3668,10,4
3668,319,2
3668,19,3
3668,20,3
3668,1698,4
3668,1705,5
3668,333,4
3668,336,3
3668,2598,5
3668,480,4
3668,347,2
3668,348,3
3668,361,3
3668,1737,4
3668,1738,4
3668,1742,5
3668,1748,4
3668,2633,2
3668,951,5
3668,1074,4
3668,92,2
3668,2652,3
3674,1786,3
3674,5,3
3674,1117,4
3674,557,5
3674,1128,5
3674,1815,5
3674,1133,4
3674,2709,3
3674,1828,4
3674,1273,3
3674,1146,5
3674,1151,4
3674,805,5
3674,810,3
3674,811,4
3674,814,4
3674,823,4
3674,706,3
3674,710,3
3674,2113,4
3674,2737,4
3674,1410,3
3674,828,4
3674,2128,4
3674,2752,3
3674,1429,3
3674,850,4
3674,2886,4
3674,2143,3
3674,2008,2
3674,1435,3
3674,2769,3
3674,2902,2
3674,875,4
3674,2917,3
3674,2180,4
3674,3048,3
3674,1469,4
3674,1471,3
3674,3054,3
3674,2324,3
3674,208,5
3674,2491,4
3674,3090,5
3674,2499,2
3674,3102,1
3674,1618,3
3674,385,2
3674,1626,3
3674,260,3
3674,3248,3
3674,400,4
3674,2389,2
3674,2541,5
3674,413,4
3674,414,3
3674,422,2
3674,430,4
3674,3418,3
3674,2555,4
3674,3283,4
3674,1003,3
3674,2561,3
3674,439,3
3674,440,2
3674,3288,4
3674,576,3
3674,1010,5
3674,582,4
3674,444,5
3674,3439,2
3674,3301,2
3674,453,3
3674,1836,3
3674,1839,3
3674,1156,4
3674,1159,4
3674,592,2
3674,470,3
3674,1844,2
3674,1852,3
3674,1027,3
3674,1035,4
3674,1166,3
3674,3470,3
3674,1044,4
3674,1049,3
3674,618,4
3674,1188,3
3674,1193,5
3674,626,2
3674,1204,2
3674,739,3
3674,2772,3
3674,2774,4
3674,743,3
3674,1211,3
3674,747,3
3674,1334,3
3674,1339,4
3674,1219,4
3674,1220,3
3674,2037,3
3674,2815,4
3674,2816,5
3674,1358,3
3674,1492,2
3674,2953,4
3674,2838,4
3674,2084,3
3674,101,4
3674,1504,5
3674,107,5
3674,2247,4
3674,2858,4
3674,1528,2
3674,3123,2
3674,3124,2
3674,3129,4
3674,3002,4
3674,1646,4
3674,2269,4
3674,1542,3
3674,152,3
3674,153,4
3674,3147,4
3674,3149,3
3674,3016,4
3674,1666,4
3674,163,4
3674,3155,3
3674,1554,2
3674,2297,4
3674,2298,4
3674,1557,4
3674,307,3
3674,174,3
3674,1681,3
3674,10,4
3674,319,2
3674,20,4
3674,328,2
3674,911,4
3674,1705,4
3674,333,3
3674,336,5
3674,915,2
3674,2598,5
3674,473,3
3674,347,4
3674,348,4
3674,3332,3
3674,486,2
3674,487,4
3674,363,3
3674,1737,3
3674,3348,4
3674,1738,4
3674,1742,3
3674,1061,4
3674,1747,4
3674,1748,4
3674,3359,4
3674,1751,3
3674,2632,4
3674,2634,1
3674,1071,4
3674,951,5
3674,3367,3
3674,1074,4
3674,1764,2
3674,957,3
3674,523,5
3674,529,2
3674,647,3
3674,533,3
3676,2680,4
3676,1410,5
3676,2752,3
3676,2157,5
3676,2902,5
3676,2170,5
3676,2917,3
3676,2324,3
3676,3102,4
3676,2370,3
3676,3235,5
3676,273,1
3676,430,4
3676,2565,4
3676,3439,4
3676,1166,2
3676,1188,4
3676,2815,5
3676,2065,3
3676,2221,5
3676,1500,4
3676,1504,5
3676,2409,4
3676,153,3
3676,172,4
3676,2585,3
3676,1706,1
3676,336,5
3676,1707,5
3676,1720,3
3694,2675,5
3694,5,4
3694,1117,5
3694,557,4
3694,1266,5
3694,2709,4
3694,1420,3
3694,2752,4
3694,2008,4
3694,1435,5
3694,2905,4
3694,2161,3
3694,2300,1
3694,3048,5
3694,2183,3
3694,1469,4
3694,1471,3
3694,2324,4
3694,208,4
3694,1602,4
3694,3102,4
3694,430,4
3694,2563,5
3694,444,4
3694,3305,4
3694,1158,4
3694,1159,4
3694,1844,4
3694,1852,3
3694,1166,3
3694,1858,4
3694,2775,3
3694,640,4
3694,1219,4
3694,765,4
3694,2815,3
3694,2082,4
3694,1502,5
3694,1504,3
3694,107,3
3694,1646,5
3694,1656,4
3694,1542,4
3694,1659,4
3694,307,4
3694,319,4
3694,20,5
3694,1705,4
3694,333,4
3694,336,5
3694,347,4
3694,1719,4
3694,486,4
3694,2477,4
3694,1738,4
3694,1742,4
3694,1071,5
3694,1072,5
3694,951,2
3694,1074,4
3694,523,4
3694,1095,5
3695,5,4
3695,1117,4
3695,1128,5
3695,805,5
3695,1985,4
3695,1435,4
3695,1459,5
3695,3048,3
3695,3054,4
3695,1477,5
3695,3102,3
3695,3417,5
3695,3418,4
3695,3420,4
3695,444,3
3695,3438,3
3695,3439,3
3695,453,5
3695,1156,5
3695,1159,4
3695,1035,5
3695,1858,4
3695,3470,4
3695,2775,4
3695,101,2
3695,3002,5
3695,20,4
3695,480,3
3695,2477,3
3695,951,4
3695,1074,4
3695,523,2
3695,1091,5
3697,2675,4
3697,2680,3
3697,2324,5
3697,208,1
3697,2366,1
3697,2514,5
3697,2389,1
3697,2527,3
3697,453,2
3697,1839,2
3697,2048,5
3697,1357,3
3697,779,1
3697,2409,2
3697,2410,1
3697,2297,1
3697,347,1
3697,1742,2
3697,951,5
3697,2652,4
3701,626,4
3701,1219,4
3708,557,4
3708,2694,3
3708,1954,2
3708,706,4
3708,1986,3
3708,2878,2
3708,2128,3
3708,1435,3
3708,1438,1
3708,2905,5
3708,1459,4
3708,2180,2
3708,3048,1
3708,3054,3
3708,1477,4
3708,3066,3
3708,208,4
3708,3102,5
3708,246,4
3708,257,4
3708,258,4
3708,262,3
3708,3120,3
3708,2389,2
3708,439,2
3708,3444,1
3708,1159,4
3708,470,5
3708,1166,3
3708,1858,5
3708,3470,5
3708,1176,1
3708,719,3
3708,1049,2
3708,626,3
3708,629,5
3708,1885,1
3708,1204,4
3708,2775,4
3708,1220,1
3708,2048,4
3708,1496,1
3708,2221,2
3708,2084,4
3708,1500,3
3708,101,3
3708,1504,4
3708,2093,1
3708,2094,1
3708,2249,3
3708,1656,1
3708,3147,4
3708,2425,2
3708,307,1
3708,10,4
3708,319,3
3708,18,4
3708,20,4
3708,2585,3
3708,912,5
3708,330,3
3708,1705,5
3708,1706,4
3708,336,4
3708,2598,4
3708,1707,2
3708,473,4
3708,348,3
3708,1720,2
3708,487,3
3708,3210,4
3708,1737,4
3708,1738,3
3708,71,3
3708,1748,4
3708,2633,4
3708,523,3
3713,1156,4
3713,3470,1
3713,2815,1
3713,2841,3
3713,295,4
3713,336,1
3713,1737,1
3713,1738,1
3715,5,5
3715,1117,5
3715,557,4
3715,2694,3
3715,1260,4
3715,1828,1
3715,1146,5
3715,702,5
3715,706,4
3715,710,3
3715,1410,4
3715,1985,5
3715,1418,4
3715,2133,1
3715,1996,1
3715,2143,3
3715,1435,5
3715,1319,1
3715,875,1
3715,2917,2
3715,2928,5
3715,1471,4
3715,2324,4
3715,208,5
3715,1599,1
3715,1602,3
3715,243,1
3715,2503,1
3715,2366,4
3715,2389,3
3715,403,4
3715,2527,5
3715,414,4
3715,418,5
3715,430,4
3715,439,5
3715,576,5
3715,3438,3
3715,3439,4
3715,453,4
3715,1839,4
3715,1156,5
3715,597,4
3715,1166,3
3715,3470,4
3715,1204,1
3715,739,2
3715,743,4
3715,1334,3
3715,1220,4
3715,757,3
3715,765,3
3715,1358,4
3715,2065,4
3715,1496,1
3715,2961,4
3715,2838,2
3715,2841,3
3715,101,5
3715,107,5
3715,2249,5
3715,1528,5
3715,1529,3
3715,1656,2
3715,153,5
3715,2410,1
3715,161,5
3715,1552,4
3715,307,2
3715,18,4
3715,19,3
3715,20,2
3715,1698,5
3715,335,3
3715,336,5
3715,2598,4
3715,473,3
3715,43,4
3715,347,4
3715,348,4
3715,2488,1
3715,363,5
3715,1738,3
3715,69,4
3715,2633,1
3715,86,4
3715,1764,5
3715,92,4
3723,1786,3
3723,5,4
3723,1117,4
3723,557,5
3723,1815,4
3723,1146,4
3723,1151,4
3723,814,4
3723,823,4
3723,706,2
3723,710,4
3723,2113,3
3723,2733,3
3723,828,5
3723,2745,3
3723,2752,5
3723,845,4
3723,850,5
3723,2008,3
3723,2905,4
3723,2913,4
3723,1459,4
3723,3043,3
3723,3048,3
3723,1469,4
3723,3050,2
3723,3054,3
3723,3057,4
3723,1599,3
3723,1602,4
3723,3233,2
3723,257,3
3723,260,3
3723,3120,2
3723,413,4
3723,418,2
3723,430,4
3723,3418,3
3723,2555,3
3723,439,4
3723,3292,3
3723,576,2
3723,1010,5
3723,582,5
3723,444,3
3723,453,4
3723,1156,4
3723,1159,5
3723,470,3
3723,1844,4
3723,1852,3
3723,1027,2
3723,1035,3
3723,1858,5
3723,3470,5
3723,1048,4
3723,1049,3
3723,1188,4
3723,2775,3
3723,743,2
3723,1219,3
3723,1220,4
3723,2048,4
3723,2065,4
3723,2838,3
3723,1504,5
3723,107,4
3723,2856,4
3723,3123,3
3723,3124,3
3723,3002,4
3723,1646,4
3723,2269,4
3723,1656,3
3723,1542,3
3723,153,3
3723,3147,4
3723,3149,3
3723,2425,2
3723,10,4
3723,319,5
3723,1692,3
3723,20,4
3723,2584,3
3723,1698,4
3723,911,3
3723,1705,3
3723,335,3
3723,336,5
3723,2598,5
3723,473,4
3723,347,5
3723,348,5
3723,1719,3
3723,2477,5
3723,363,4
3723,1737,5
3723,3348,4
3723,1738,4
3723,1742,2
3723,1061,4
3723,1748,4
3723,1751,4
3723,2633,3
3723,1753,3
3723,951,3
3723,3367,5
3723,1074,4
3723,1077,4
3723,1764,3
3723,957,5
3723,523,4
3723,1773,3
3726,2680,3
3726,5,4
3726,1117,4
3726,557,4
3726,2693,2
3726,1128,5
3726,702,4
3726,706,2
3726,2862,3
3726,1410,3
3726,1985,4
3726,1986,2
3726,2128,4
3726,2745,4
3726,2132,2
3726,2008,3
3726,1435,5
3726,2902,3
3726,2186,3
3726,3050,4
3726,3054,3
3726,208,4
3726,3072,3
3726,3095,5
3726,2503,2
3726,3102,4
3726,251,3
3726,398,2
3726,3413,4
3726,430,3
3726,3417,4
3726,3418,4
3726,2555,4
3726,2562,1
3726,2565,4
3726,576,4
3726,582,4
3726,444,4
3726,3438,2
3726,453,2
3726,3444,1
3726,1156,5
3726,1852,2
3726,1027,4
3726,1035,4
3726,1858,3
3726,3470,2
3726,1188,4
3726,1204,1
3726,2772,4
3726,1327,3
3726,1220,2
3726,757,2
3726,1234,4
3726,2815,4
3726,2819,4
3726,2065,4
3726,2247,1
3726,2249,4
3726,125,2
3726,1529,4
3726,3002,3
3726,2409,2
3726,1656,3
3726,153,4
3726,3147,1
3726,1548,4
3726,2425,2
3726,2298,4
3726,20,2
3726,1705,3
3726,333,3
3726,336,4
3726,2598,3
3726,1719,3
3726,2477,5
3726,1737,4
3726,3348,2
3726,1738,3
3726,76,3
3726,1748,2
3726,2630,2
3726,3367,3
3726,1759,3
3726,1074,4
3726,92,3
3729,814,4
3729,710,3
3729,2874,3
3729,1457,4
3729,2555,4
3729,453,4
3729,2772,4
3729,2774,3
3729,3348,2
3729,951,3
3730,679,2
3730,1828,1
3730,702,4
3730,710,1
3730,2161,1
3730,2309,2
3730,1580,3
3730,2336,2
3730,2337,1
3730,243,2
3730,3248,3
3730,400,2
3730,3268,1
3730,3272,1
3730,576,3
3730,3305,1
3730,1839,5
3730,1166,2
3730,1219,2
3730,757,1
3730,1358,1
3730,1659,3
3730,3149,3
3730,307,2
3730,172,2
3730,2584,5
3730,1747,2
3730,1748,1
3735,702,5
3735,710,3
3735,2917,4
3735,3048,3
3735,1471,4
3735,3057,2
3735,2324,5
3735,1477,5
3735,1580,4
3735,3102,4
3735,1627,3
3735,2389,3
3735,429,3
3735,453,5
3735,1166,3
3735,1920,3
3735,2815,5
3735,1358,4
3735,1500,4
3735,1504,4
3735,2255,2
3735,307,3
3735,172,3
3735,336,4
3735,3188,3
3742,1117,2
3742,710,3
3742,2324,4
3742,582,4
3742,2051,3
3742,1504,4
3742,336,4
3742,2633,3
3745,3404,4
3745,1117,2
3745,557,5
3745,1128,5
3745,2694,5
3745,1266,4
3745,1828,3
3745,1146,5
3745,814,5
3745,702,4
3745,2113,4
3745,1985,5
3745,1297,5
3745,2132,4
3745,2133,2
3745,1435,5
3745,2170,4
3745,2917,2
3745,1459,4
3745,2927,3
3745,1471,3
3745,2324,5
3745,1477,3
3745,208,5
3745,2491,2
3745,3089,5
3745,3102,4
3745,251,3
3745,2389,1
3745,414,5
3745,3413,4
3745,439,3
3745,453,3
3745,1035,1
3745,1166,1
3745,1858,2
3745,3470,4
3745,739,2
3745,2774,5
3745,1219,2
3745,1220,2
3745,757,1
3745,2037,2
3745,2815,5
3745,1358,3
3745,2822,4
3745,2084,2
3745,1504,3
3745,107,4
3745,3002,4
3745,153,3
3745,3149,3
3745,293,1
3745,157,4
3745,2425,4
3745,10,5
3745,1698,5
3745,912,4
3745,1705,4
3745,336,5
3745,2598,5
3745,477,5
3745,348,5
3745,1719,1
3745,363,3
3745,1737,5
3745,3348,3
3745,1738,4
3745,1742,4
3745,1748,5
3745,951,5
3745,86,3
3745,1074,5
3747,1459,5
3747,414,5
3747,2298,1
3747,20,3
3747,1698,5
3747,1737,4
3747,3367,4
3748,706,3
3748,2917,3
3748,208,4
3748,2492,2
3748,3102,4
3748,1626,3
3748,2389,2
3748,413,4
3748,430,5
3748,1010,5
3748,470,4
3748,1027,4
3748,1858,4
3748,618,4
3748,1188,5
3748,107,5
3748,1659,2
3748,2298,4
3748,10,4
3748,319,4
3748,20,4
3748,328,4
3748,336,5
3748,347,3
3748,487,5
3748,523,4
3748,1095,4
3757,2752,2
3757,2913,3
3757,1010,4
3757,717,3
3757,2048,3
3757,2813,3
3757,2815,4
3757,2838,2
3757,314,1
3760,1128,4
3760,1146,4
3760,1435,4
3760,3048,4
3760,3054,3
3760,2324,5
3760,2336,5
3760,2337,3
3760,3089,4
3760,3235,5
3760,3248,4
3760,2541,4
3760,430,4
3760,3417,4
3760,1010,5
3760,3305,2
3760,453,4
3760,1839,4
3760,1156,5
3760,1031,4
3760,626,5
3760,1219,4
3760,107,4
3760,1659,4
3760,3149,5
3760,20,4
3760,2598,4
3760,2477,3
3760,1748,3
3760,1071,3
3762,5,3
3762,1117,5
3762,1266,4
3762,2709,4
3762,1146,3
3762,2752,4
3762,850,4
3762,2927,3
3762,2183,3
3762,2324,4
3762,430,3
3762,3420,3
3762,2563,5
3762,576,3
3762,1159,4
3762,1166,4
3762,2774,4
3762,1219,4
3762,765,4
3762,2953,4
3762,2082,4
3762,307,4
3762,20,5
3762,1705,4
3762,333,4
3762,2598,5
3762,347,5
3762,2477,4
3762,3348,2
3762,1738,4
3762,1072,5
3762,951,3
3762,1074,4
3762,523,4
3766,2153,4
3766,2905,4
3766,3048,4
3766,1334,3
3766,2048,2
3766,289,4
3766,306,5
3766,3359,1
3767,1100,5
3767,3530,4
3767,3404,3
3767,2675,4
3767,1117,4
3767,557,4
3767,2693,4
3767,1128,4
3767,2694,3
3767,1815,4
3767,1266,3
3767,1828,3
3767,1146,5
3767,1151,4
3767,814,5
3767,702,3
3767,710,3
3767,2113,4
3767,1985,3
3767,2122,2
3767,2128,3
3767,2133,2
3767,2752,4
3767,1996,3
3767,1435,4
3767,2161,2
3767,2170,3
3767,1459,3
3767,3043,4
3767,2309,3
3767,3048,4
3767,1469,3
3767,1471,4
3767,2324,4
3767,1580,2
3767,208,5
3767,3072,2
3767,2336,3
3767,2337,3
3767,1602,3
3767,3089,4
3767,2503,1
3767,2366,2
3767,3102,3
3767,251,3
3767,2514,3
3767,1626,3
3767,1627,4
3767,257,4
3767,258,2
3767,3248,4
3767,2389,3
3767,403,3
3767,2527,4
3767,418,3
3767,3268,2
3767,430,4
3767,3418,5
3767,2555,4
3767,1003,3
3767,439,2
3767,576,4
3767,3305,2
3767,453,4
3767,1839,3
3767,1156,4
3767,1159,4
3767,1844,4
3767,1852,2
3767,1166,4
3767,1858,4
3767,3470,4
3767,1044,4
3767,1049,4
3767,618,4
3767,1188,3
3767,2774,4
3767,1334,4
3767,1219,4
3767,1220,4
3767,757,2
3767,1228,2
3767,2048,4
3767,765,3
3767,2815,5
3767,1358,3
3767,2065,3
3767,2221,2
3767,2838,5
3767,2084,2
3767,1500,3
3767,2841,2
3767,2088,3
3767,101,2
3767,2093,1
3767,107,5
3767,3002,4
3767,2409,3
3767,1656,1
3767,153,2
3767,3147,4
3767,3149,3
3767,1662,2
3767,2289,3
3767,1548,3
3767,157,2
3767,2424,4
3767,2425,3
3767,2297,3
3767,2298,5
3767,1557,4
3767,18,3
3767,1692,4
3767,20,3
3767,2585,3
3767,2586,2
3767,330,3
3767,1705,4
3767,333,3
3767,336,5
3767,915,3
3767,2598,5
3767,473,3
3767,347,3
3767,1719,4
3767,1720,2
3767,2488,1
3767,1737,4
3767,3348,3
3767,1738,3
3767,1742,4
3767,1748,3
3767,951,3
3767,3367,4
3767,1074,5
3767,3374,2
3767,3375,2
3767,523,4
3767,92,2
3767,3509,3
3767,2652,2
3767,3387,3
3769,1117,4
3769,557,5
3769,1828,3
3769,1146,5
3769,805,4
3769,810,5
3769,814,5
3769,702,5
3769,823,5
3769,1410,4
3769,828,5
3769,1435,5
3769,3048,3
3769,2324,4
3769,1475,4
3769,232,4
3769,2491,3
3769,251,4
3769,1627,5
3769,413,4
3769,430,5
3769,3292,5
3769,1010,4
3769,444,4
3769,453,3
3769,1839,4
3769,1156,4
3769,1159,5
3769,470,5
3769,1859,4
3769,626,4
3769,2774,3
3769,1357,4
3769,2065,3
3769,1502,4
3769,1504,1
3769,107,4
3769,2858,3
3769,3002,5
3769,20,3
3769,328,3
3769,333,4
3769,336,4
3769,348,3
3769,3338,5
3769,1737,3
3769,1061,5
3769,2634,3
3769,951,5
3769,1077,4
3769,1091,5
3784,557,2
3784,702,2
3784,3235,4
3784,1048,5
3784,1220,2
3784,295,4
3784,2633,1
3784,91,4
3794,2753,4
3794,2279,5
3794,336,5
3795,557,3
3795,1815,3
3795,1133,4
3795,2709,4
3795,814,5
3795,2143,4
3795,2008,4
3795,2769,4
3795,2180,5
3795,1469,4
3795,3121,5
3795,413,4
3795,430,4
3795,3418,4
3795,3420,4
3795,1003,4
3795,2565,4
3795,1836,3
3795,1156,5
3795,1159,5
3795,1048,5
3795,2775,5
3795,1211,4
3795,2819,5
3795,2838,5
3795,101,3
3795,107,4
3795,3123,4
3795,3002,5
3795,2269,3
3795,10,4
3795,20,4
3795,1698,5
3795,330,4
3795,1705,3
3795,335,3
3795,336,5
3795,2598,3
3795,957,4
3800,2162,4
3800,2170,4
3800,2173,2
3800,2309,3
3800,381,5
3800,2514,3
3800,258,5
3800,3268,5
3800,3272,4
3800,2562,4
3800,576,4
3800,3301,3
3800,3304,5
3800,3444,3
3800,1852,5
3800,1166,5
3800,1176,4
3800,1883,4
3800,2221,5
3800,1500,2
3800,2409,3
3800,2584,4
3800,2586,3
3800,1706,4
3800,3188,2
3800,1707,3
3800,1719,4
3800,1720,4
3800,1721,5
3800,1730,4
3800,2652,2
3802,702,5
3802,1156,4
3802,336,4
3802,1737,3
3811,1117,3
3811,1128,4
3811,1828,4
3811,1410,3
3811,2309,2
3811,2324,2
3811,2514,4
3811,3248,3
3811,414,4
3811,430,4
3811,3305,2
3811,453,3
3811,1839,3
3811,1156,4
3811,1219,4
3811,3149,3
3811,2584,4
3811,336,3
3811,347,4
3811,3348,4
3812,557,5
3812,1128,5
3812,805,5
3812,814,5
3812,1469,4
3812,3054,5
3812,3090,4
3812,453,4
3812,1044,2
3812,1048,5
3812,107,4
3812,2477,4
3812,1061,5
3812,1074,3
3815,660,4
3815,557,3
3815,1815,3
3815,805,4
3815,702,5
3815,710,2
3815,1410,4
3815,827,4
3815,1985,3
3815,828,5
3815,2128,2
3815,836,4
3815,2132,3
3815,2133,3
3815,2008,4
3815,2904,3
3815,1459,3
3815,2178,4
3815,3048,5
3815,1471,2
3815,2943,5
3815,246,3
3815,3235,5
3815,3248,3
3815,2541,4
3815,413,5
3815,430,5
3815,1001,5
3815,2563,5
3815,2565,5
3815,582,5
3815,1836,4
3815,1839,3
3815,1159,4
3815,1858,5
3815,1859,4
3815,1219,3
3815,2084,4
3815,1500,2
3815,2088,4
3815,101,5
3815,2249,5
3815,2269,4
3815,1656,4
3815,1677,4
3815,20,5
3815,911,5
3815,1705,5
3815,336,4
3815,915,4
3815,2598,5
3815,473,3
3815,347,5
3815,348,5
3815,1737,5
3815,3348,4
3815,1738,4
3815,1061,5
3815,2630,3
3815,1753,4
3815,951,5
3815,1759,2
3815,1074,5
3815,523,5
3815,1095,3
3816,557,5
3816,1151,3
3816,1420,2
3816,2885,1
3816,2752,4
3816,3048,4
3816,251,4
3816,453,5
3816,1159,3
3816,2815,4
3816,1504,5
3816,336,4
3816,3374,2
3819,1471,4
3819,2324,5
3819,453,5
3819,1219,5
3819,3149,5
3827,2943,4
3827,453,3
3827,1031,5
3827,626,3
3827,3149,3
3843,655,4
3843,702,4
3843,1310,1
3843,2143,3
3843,1435,5
3843,2162,5
3843,2917,3
3843,3102,5
3843,381,5
3843,2514,2
3843,3247,5
3843,400,5
3843,576,4
3843,3439,5
3843,3444,4
3843,1156,5
3843,1852,5
3843,1166,4
3843,1044,5
3843,1176,3
3843,1048,5
3843,1883,4
3843,1888,1
3843,2221,5
3843,2838,5
3843,1500,2
3843,2841,5
3843,2409,5
3843,2585,3
3843,2586,3
3843,1698,4
3843,1706,5
3843,1707,5
3843,1720,4
3843,1737,2
3843,2652,5
3843,3387,4
3852,5,5
3852,1117,5
3852,1128,4
3852,2694,5
3852,1273,3
3852,1146,5
3852,1151,4
3852,702,4
3852,1410,4
3852,841,4
3852,2752,5
3852,2917,4
3852,1459,4
3852,2927,4
3852,1469,3
3852,1471,4
3852,2324,4
3852,1580,4
3852,208,5
3852,2503,3
3852,3102,4
3852,258,5
3852,3248,5
3852,978,4
3852,430,4
3852,2555,4
3852,439,5
3852,576,5
3852,444,5
3852,3305,4
3852,453,5
3852,1839,5
3852,1159,4
3852,1852,5
3852,1166,4
3852,1048,5
3852,1188,5
3852,2774,4
3852,1220,4
3852,1228,5
3852,2065,4
3852,1500,4
3852,101,5
3852,107,3
3852,2858,4
3852,1529,5
3852,1656,3
3852,153,5
3852,3149,5
3852,157,5
3852,2425,2
3852,20,5
3852,1705,5
3852,333,4
3852,2598,5
3852,477,5
3852,43,3
3852,347,5
3852,1737,5
3852,1742,5
3852,2632,4
3852,951,5
3852,1074,5
3852,3374,2
3852,3375,2
3852,92,3
3854,5,4
3854,1117,5
3854,557,4
3854,702,4
3854,710,4
3854,1410,3
3854,3048,3
3854,1471,4
3854,2324,3
3854,3102,4
3854,430,4
3854,453,3
3854,1166,3
3854,1220,3
3854,2815,4
3854,2065,4
3854,153,3
3854,1659,3
3854,172,4
3854,20,2
3858,2680,4
3858,5,4
3858,1117,4
3858,557,3
3858,679,3
3858,2694,3
3858,1266,3
3858,1828,3
3858,702,4
3858,710,3
3858,1410,3
3858,1985,4
3858,1418,3
3858,1427,3
3858,1435,4
3858,2905,4
3858,3048,3
3858,2927,3
3858,1471,4
3858,2324,5
3858,1477,3
3858,1580,4
3858,208,4
3858,2366,3
3858,3102,3
3858,1618,2
3858,2514,4
3858,265,4
3858,2389,3
3858,2527,3
3858,430,3
3858,439,1
3858,2565,3
3858,3305,3
3858,453,4
3858,1166,3
3858,626,1
3858,747,2
3858,1334,3
3858,1219,3
3858,1220,4
3858,757,3
3858,1228,4
3858,765,4
3858,2815,5
3858,1358,3
3858,2065,4
3858,779,3
3858,2838,1
3858,101,4
3858,1504,3
3858,2247,3
3858,1521,3
3858,1529,3
3858,1656,3
3858,1542,3
3858,153,4
3858,3149,4
3858,157,4
3858,1552,4
3858,307,4
3858,168,2
3858,10,4
3858,318,3
3858,19,3
3858,20,2
3858,333,4
3858,336,5
3858,473,3
3858,477,4
3858,480,3
3858,43,4
3858,348,3
3858,1737,3
3858,1738,3
3858,92,4
3861,1117,2
3861,2753,5
3861,2324,3
3861,1010,5
3867,1260,3
3867,1955,4
3867,814,4
3867,702,3
3867,706,3
3867,1410,3
3867,1420,4
3867,2132,3
3867,2133,3
3867,1427,3
3867,2143,3
3867,1318,3
3867,2161,3
3867,880,4
3867,1471,3
3867,2324,3
3867,2336,3
3867,1602,4
3867,2370,3
3867,246,3
3867,251,3
3867,258,4
3867,423,5
3867,430,5
3867,453,3
3867,1858,2
3867,1859,4
3867,1188,4
3867,1204,3
3867,743,4
3867,1211,3
3867,1334,3
3867,1339,4
3867,2815,4
3867,1358,2
3867,1368,1
3867,1504,4
3867,2247,4
3867,2249,3
3867,1542,4
3867,1552,3
3867,2298,5
3867,172,2
3867,18,2
3867,900,3
3867,20,5
3867,3181,3
3867,333,3
3867,336,5
3867,473,3
3867,347,3
3867,77,3
3867,1748,3
3871,1435,4
3871,3048,3
3871,208,5
3871,3086,3
3871,430,5
3871,3418,4
3871,2838,4
3871,2298,5
3871,1705,4
3871,336,5
3886,2675,4
3886,1117,5
3886,2694,3
3886,1815,3
3886,1955,1
3886,1828,4
3886,1273,3
3886,702,2
3886,1410,5
3886,1420,4
3886,2750,5
3886,2752,3
3886,2143,1
3886,2008,3
3886,1435,4
3886,875,4
3886,2913,5
3886,1471,3
3886,3054,3
3886,2324,3
3886,1477,5
3886,1580,2
3886,2336,3
3886,3086,4
3886,243,1
3886,1618,3
3886,381,3
3886,1626,4
3886,1627,4
3886,257,5
3886,2531,2
3886,413,4
3886,429,3
3886,2563,4
3886,439,1
3886,582,3
3886,444,4
3886,453,4
3886,1839,3
3886,465,4
3886,1027,5
3886,719,4
3886,618,2
3886,626,4
3886,747,3
3886,1220,3
3886,2042,4
3886,2048,5
3886,1234,1
3886,2816,3
3886,1358,2
3886,2065,3
3886,2838,4
3886,1502,4
3886,101,1
3886,1504,3
3886,1646,4
3886,289,2
3886,1659,4
3886,1554,5
3886,2298,4
3886,10,5
3886,20,3
3886,2456,4
3886,333,4
3886,480,4
3886,347,4
3886,3348,3
3886,3355,4
3886,951,3
3886,1761,3
3886,523,5
3886,529,1
3886,2652,4
3886,1090,5
3886,533,3
3887,3395,4
3887,1117,4
3887,1128,4
3887,1151,4
3887,805,5
3887,814,5
3887,823,4
3887,845,4
3887,850,5
3887,1469,3
3887,3054,4
3887,2324,3
3887,208,2
3887,978,4
3887,1012,4
3887,453,3
3887,1035,3
3887,1040,4
3887,717,5
3887,1048,4
3887,2819,3
3887,107,3
3887,2421,5
3887,2298,1
3887,336,4
3887,2600,5
3887,2612,4
3887,3210,4
3887,1061,4
3887,1095,5
3890,660,5
3890,557,3
3890,805,4
3890,814,5
3890,2008,3
3890,1599,1
3890,3089,5
3890,453,1
3890,1035,5
3890,629,5
3890,2774,4
3890,2813,3
3890,2953,5
3890,1504,3
3890,2247,4
3890,1542,3
3890,289,5
3890,336,5
3890,3210,5
3890,71,5
3890,1747,5
3890,2630,1
3890,1074,5
3890,523,1
3892,3404,1
3892,2186,3
3892,3235,4
3892,3427,4
3892,3428,1
3892,1507,3
3892,2111,1
3892,3210,3
3892,3351,3
3892,3355,4
3892,3357,2
3892,3359,1
3892,3389,3
3904,1146,4
3904,2180,3
3904,1471,3
3904,1627,3
3904,414,5
3904,430,4
3904,576,5
3904,453,3
3904,1844,3
3904,1035,3
3904,1049,2
3904,2858,1
3904,1528,5
3904,20,4
3904,1737,4
3904,533,4
3907,1117,5
3907,1128,4
3907,1132,4
3907,2753,3
3907,1310,5
3907,850,5
3907,1435,3
3907,232,3
3907,1637,4
3907,429,3
3907,3417,5
3907,3420,5
3907,3421,3
3907,3427,5
3907,2569,4
3907,3439,2
3907,469,3
3907,1905,4
3907,2796,4
3907,2953,5
3907,1504,1
3907,2279,5
3907,1542,2
3907,289,5
3907,1548,4
3907,319,4
3907,327,2
3907,328,3
3907,336,3
3907,343,4
3907,76,5
3907,3359,4
3907,3389,2
3919,557,5
3919,1815,4
3919,3089,4
3919,2389,3
3919,2555,5
3919,576,5
3919,1048,4
3919,2774,5
3919,1334,4
3919,2424,4
3919,2297,3
3919,307,4
3919,1074,4
3924,2680,3
3924,208,5
3924,2370,3
3924,381,3
3924,2389,3
3924,2527,3
3924,430,3
3924,439,3
3924,1334,3
3924,2813,4
3924,2815,5
3924,2838,4
3924,2841,3
3924,2409,1
3924,2410,3
3924,2298,4
3924,1072,4
3924,2652,2
3934,5,4
3934,1117,4
3934,2693,4
3934,1985,4
3934,2128,3
3934,2752,3
3934,2180,4
3934,413,3
3934,444,4
3934,3439,3
3934,1156,5
3934,1159,4
3934,1035,2
3934,2774,3
3934,1334,4
3934,2815,5
3934,2838,4
3934,2841,3
3934,101,4
3934,2247,3
3934,1656,2
3934,1542,4
3934,2298,4
3934,20,4
3934,1705,4
3934,336,4
3934,2598,5
3934,473,3
3934,347,4
3934,348,3
3934,487,3
3934,1737,4
3934,3348,3
3934,1738,3
3934,3359,1
3934,2632,3
3934,1074,4
3934,647,4
3936,557,4
3936,1266,4
3936,814,5
3936,3048,5
3936,3235,4
3936,430,4
3936,2555,5
3936,453,5
3936,1159,5
3936,1885,5
3936,1496,2
3936,2598,5
3936,1737,4
3936,951,5
3937,3404,2
3937,557,5
3937,2113,4
3937,2745,5
3937,208,5
3937,251,5
3937,3235,3
3937,1156,5
3937,2048,4
3937,2424,4
3937,2584,4
3937,363,4
3937,3355,5
3937,2652,3
3937,3389,4
3941,1100,2
3941,541,3
3941,3530,3
3941,5,5
3941,1117,3
3941,557,3
3941,2693,4
3941,679,1
3941,2694,3
3941,1815,1
3941,1273,1
3941,1146,2
3941,814,3
3941,710,1
3941,1294,2
3941,2122,2
3941,2133,1
3941,1435,3
3941,2157,1
3941,2161,1
3941,2170,1
3941,1457,2
3941,3043,3
3941,1469,3
3941,1471,3
3941,3054,4
3941,1576,3
3941,2324,4
3941,208,5
3941,2336,2
3941,2337,2
3941,2347,2
3941,2503,1
3941,2366,2
3941,3102,3
3941,381,1
3941,251,2
3941,3235,2
3941,2514,1
3941,1626,5
3941,1627,1
3941,3248,1
3941,400,3
3941,2389,3
3941,2527,2
3941,978,2
3941,2530,3
3941,3266,3
3941,414,3
3941,430,3
3941,2555,4
3941,439,1
3941,1010,2
3941,453,3
3941,3444,1
3941,1839,2
3941,1852,3
3941,1166,2
3941,3470,3
3941,1048,4
3941,1188,3
3941,1193,3
3941,2774,2
3941,2775,4
3941,1219,1
3941,1220,2
3941,757,1
3941,765,2
3941,1241,3
3941,2815,4
3941,1358,1
3941,2819,2
3941,779,2
3941,2953,2
3941,2076,2
3941,2835,3
3941,2221,3
3941,2838,2
3941,1500,2
3941,101,3
3941,107,4
3941,1529,4
3941,3002,4
3941,2409,2
3941,1656,1
3941,1542,3
3941,153,1
3941,2410,1
3941,1659,5
3941,3149,3
3941,1662,3
3941,1548,1
3941,163,2
3941,2298,3
3941,307,1
3941,20,2
3941,2584,2
3941,1698,3
3941,330,1
3941,1705,4
3941,333,3
3941,336,3
3941,2598,3
3941,1707,2
3941,477,2
3941,347,1
3941,348,2
3941,1719,4
3941,1720,3
3941,1721,1
3941,1737,2
3941,1738,2
3941,1742,5
3941,1061,3
3941,69,1
3941,1748,2
3941,951,3
3941,1074,3
3941,3506,2
3941,92,1
3941,2652,4
3941,1090,4
3941,1093,3
3942,1117,4
3942,557,5
3942,1985,4
3942,2913,4
3942,3048,5
3942,1477,4
3942,3283,4
3942,1027,4
3942,1035,5
3942,2048,5
3942,2813,3
3942,10,4
3942,20,4
3942,336,5
3942,473,5
3945,1117,5
3945,557,3
3945,1815,5
3945,1828,3
3945,702,4
3945,1410,3
3945,2128,3
3945,2752,3
3945,875,4
3945,2180,2
3945,3048,3
3945,2324,3
3945,1475,4
3945,2389,1
3945,413,5
3945,430,5
3945,453,5
3945,1159,4
3945,465,5
3945,470,4
3945,1035,3
3945,1859,4
3945,719,2
3945,1204,4
3945,1358,2
3945,2822,2
3945,2838,3
3945,1504,5
3945,153,4
3945,3155,2
3945,2298,4
3945,172,5
3945,10,3
3945,20,4
3945,1698,5
3945,330,5
3945,1705,4
3945,336,5
3945,2598,5
3945,347,4
3945,1737,5
3945,1742,5
3945,1748,3
3945,3359,3
3945,2633,3
3945,951,5
3966,1792,2
3966,1117,3
3966,557,4
3966,1815,3
3966,1955,3
3966,810,3
3966,814,4
3966,706,1
3966,710,2
3966,827,3
3966,1985,3
3966,2122,1
3966,1988,3
3966,1420,3
3966,2132,2
3966,2133,1
3966,1996,3
3966,850,2
3966,1435,3
3966,2905,4
3966,2161,1
3966,3048,2
3966,1477,5
3966,3066,4
3966,3089,3
3966,246,2
3966,251,4
3966,3235,4
3966,2389,1
3966,2541,3
3966,413,2
3966,414,3
3966,423,2
3966,3283,4
3966,582,2
3966,1156,3
3966,1159,3
3966,470,3
3966,1858,2
3966,3470,3
3966,719,3
3966,1048,5
3966,1888,3
3966,2775,4
3966,1211,2
3966,1220,2
3966,2815,5
3966,2822,3
3966,1368,1
3966,1496,1
3966,3002,4
3966,1656,2
3966,1542,4
3966,3147,3
3966,2297,3
3966,1681,2
3966,319,4
3966,20,2
3966,1698,4
3966,911,2
3966,912,2
3966,1705,4
3966,335,1
3966,336,5
3966,915,2
3966,2598,3
3966,473,2
3966,348,4
3966,2477,4
3966,1737,2
3966,1738,2
3966,1742,3
3966,1061,4
3966,1748,3
3966,3359,2
3966,2630,1
3966,2633,1
3966,951,3
3966,86,3
3966,1759,1
3966,89,1
3974,1410,4
3974,2008,4
3974,3048,4
3974,2527,4
3974,430,5
3974,1156,3
3974,1504,4
3974,1646,4
3974,3149,5
3974,20,3
3974,1698,4
3974,2598,4
3976,1117,4
3976,1035,4
3976,2815,4
3976,2838,2
3976,336,5
3976,1074,4
3979,3102,4
3979,618,2
3979,1500,2
3979,2255,2
3983,5,4
3983,1146,4
3983,2733,5
3983,3048,3
3983,2927,3
3983,2324,3
3983,2514,4
3983,2389,3
3983,430,4
3983,1048,3
3983,2065,4
3983,1656,2
3983,153,4
3983,1552,4
3983,20,2
3983,336,5
3983,347,4
3983,348,3
3983,2652,1
3985,1996,3
3985,208,4
3985,444,4
3985,453,3
3985,1035,3
3985,1334,5
3985,2815,5
3985,2838,4
3985,1542,5
3985,10,3
3985,20,4
3985,473,3
3985,487,3
3987,1117,5
3987,2693,3
3987,2122,4
3987,2128,2
3987,2132,4
3987,2133,2
3987,1438,4
3987,1469,4
3987,3054,4
3987,1627,4
3987,2389,3
3987,413,5
3987,414,5
3987,423,3
3987,1001,5
3987,3438,4
3987,1858,3
3987,717,3
3987,618,1
3987,1198,4
3987,1334,3
3987,1220,4
3987,101,2
3987,2974,2
3987,2247,4
3987,1542,4
3987,2424,5
3987,1554,2
3987,2297,3
3987,319,3
3987,1698,4
3987,336,4
3987,473,5
3987,487,4
3987,1737,4
3987,2630,3
3987,86,2
3987,522,5
3987,523,4
3990,2680,4
3990,208,4
3990,2389,3
3990,2065,4
3990,2249,3
3990,3155,3
3990,2298,3
3990,1773,4
3995,1828,4
3995,702,5
3995,1418,5
3995,2008,4
3995,2324,5
3995,1580,4
3995,430,5
3995,439,4
3995,453,5
3995,1204,3
3995,1220,4
3995,1228,5
3995,1358,4
3995,2065,5
3995,1368,3
3995,1496,2
3995,1656,5
3995,153,3
3995,3149,4
3995,19,4
3995,20,3
3995,43,3
3995,347,4
3995,520,4
3995,92,3
3996,1117,3
3996,557,2
3996,1266,3
3996,1828,3
3996,1273,4
3996,702,5
3996,706,2
3996,710,3
3996,1297,2
3996,1418,3
3996,2752,4
3996,1427,3
3996,2143,2
3996,2309,3
3996,1471,4
3996,1580,5
3996,2336,3
3996,1599,1
3996,1602,3
3996,3102,2
3996,3248,4
3996,2389,3
3996,403,2
3996,413,5
3996,3413,5
3996,430,5
3996,3418,4
3996,2563,3
3996,439,4
3996,3438,3
3996,3439,3
3996,3305,3
3996,453,5
3996,462,2
3996,3444,3
3996,597,4
3996,1858,5
3996,739,4
3996,2774,2
3996,1327,3
3996,1211,3
3996,1220,2
3996,757,4
3996,1358,5
3996,1368,2
3996,779,3
3996,1496,1
3996,2076,4
3996,2247,2
3996,1656,2
3996,1542,3
3996,153,5
3996,2410,4
3996,3149,4
3996,161,3
3996,2425,3
3996,1552,3
3996,307,3
3996,18,2
3996,20,5
3996,333,3
3996,335,5
3996,336,2
3996,347,2
3996,348,5
3996,1737,5
3996,1738,2
3996,2633,1
3996,85,4
3996,86,2
3996,3367,5
3996,1074,5
3996,1764,2
3996,3374,3
3996,3375,4
4000,3404,5
4000,1117,1
4000,1815,3
4000,1955,2
4000,1151,5
4000,710,2
4000,1985,2
4000,1986,3
4000,2128,4
4000,1420,4
4000,2133,3
4000,1425,4
4000,1996,4
4000,2143,3
4000,1438,3
4000,2904,4
4000,2905,4
4000,2162,1
4000,2913,5
4000,1459,4
4000,3048,4
4000,1469,4
4000,3054,5
4000,1477,3
4000,3087,3
4000,246,4
4000,3106,4
4000,2517,1
4000,1626,2
4000,258,5
4000,2523,2
4000,2389,1
4000,403,3
4000,413,5
4000,425,3
4000,1003,3
4000,439,3
4000,442,2
4000,3444,1
4000,1159,5
4000,597,4
4000,1852,2
4000,1027,2
4000,1858,4
4000,1859,3
4000,1176,3
4000,719,3
4000,1883,1
4000,1885,1
4000,1888,5
4000,2775,3
4000,1211,3
4000,1334,4
4000,756,3
4000,2822,3
4000,2835,2
4000,2221,2
4000,2838,1
4000,2093,2
4000,2094,1
4000,2247,5
4000,1542,5
4000,2424,2
4000,3024,2
4000,2298,3
4000,10,3
4000,178,3
4000,319,2
4000,18,3
4000,20,3
4000,1698,5
4000,1705,5
4000,1706,1
4000,335,3
4000,336,5
4000,3321,3
4000,1707,1
4000,361,5
4000,2630,3
4000,85,2
4000,1764,3
4000,957,3
4000,523,3
4000,91,3
4007,3235,4
4007,1504,1
4007,3180,1
4007,43,3
4007,3351,2
4008,2693,3
4008,1805,3
4008,1128,5
4008,1985,5
4008,1996,1
4008,1435,1
4008,2162,3
4008,2917,1
4008,3048,3
4008,1469,3
4008,3054,4
4008,1477,2
4008,2349,3
4008,3102,4
4008,2370,2
4008,381,1
4008,3106,1
4008,258,2
4008,400,3
4008,978,5
4008,576,1
4008,3301,1
4008,3304,3
4008,3444,3
4008,1852,5
4008,1166,4
4008,1048,5
4008,1883,1
4008,629,5
4008,1888,1
4008,2775,3
4008,2019,1
4008,2831,1
4008,2221,4
4008,2838,4
4008,1500,2
4008,2255,1
4008,1662,1
4008,327,2
4008,2584,1
4008,2585,1
4008,1705,5
4008,1706,2
4008,3188,1
4008,1707,4
4008,1719,5
4008,1720,4
4008,1721,4
4008,1730,1
4008,1737,4
4008,1061,4
4008,2652,3
4008,533,2
4008,1093,1
4010,3102,3
4010,381,1
4010,576,2
4010,453,3
4010,1852,4
4010,629,5
4010,2584,2
4010,1698,3
4010,1719,5
4010,1720,2
4011,702,3
4011,2324,5
4011,1477,5
4011,1580,3
4011,453,5
4011,1358,4
4011,1504,3
4011,3351,1
4011,3355,1
4011,1748,4
4017,5,4
4017,2701,2
4017,1828,2
4017,702,4
4017,2733,4
4017,1410,5
4017,1418,4
4017,1457,4
4017,3048,3
4017,2324,4
4017,2336,3
4017,2491,3
4017,3413,4
4017,430,4
4017,576,4
4017,453,4
4017,1839,3
4017,1156,5
4017,3452,4
4017,1166,1
4017,1339,3
4017,1228,4
4017,765,3
4017,2065,4
4017,2082,3
4017,1504,4
4017,3016,4
4017,333,4
4017,1737,5
4017,1738,4
4017,1074,4
4017,92,3
4019,702,3
4019,1471,1
4019,2324,4
4019,576,5
4019,3438,2
4019,3305,1
4019,453,4
4019,1839,4
4019,1220,3
4019,1358,2
4019,3149,4
4019,43,3
4019,3210,4
4019,1738,4
4019,2630,1
4019,951,4
4019,1074,3
4020,1100,5
4020,1800,4
4020,1117,5
4020,557,3
4020,1128,4
4020,679,5
4020,2701,4
4020,1815,4
4020,1133,5
4020,2709,3
4020,1828,5
4020,1273,4
4020,1146,5
4020,805,5
4020,810,5
4020,811,5
4020,814,5
4020,2730,3
4020,702,5
4020,822,5
4020,706,3
4020,2113,4
4020,1410,4
4020,828,4
4020,830,4
4020,2122,3
4020,2128,4
4020,2745,4
4020,2747,5
4020,836,4
4020,841,5
4020,2133,3
4020,850,5
4020,2008,5
4020,2769,4
4020,2161,2
4020,1459,4
4020,2180,4
4020,3043,4
4020,2309,4
4020,3048,2
4020,2186,4
4020,1471,5
4020,2324,4
4020,1580,4
4020,2336,3
4020,2337,1
4020,2350,5
4020,2491,4
4020,3089,4
4020,3090,5
4020,3094,5
4020,2359,4
4020,2361,4
4020,2503,3
4020,3233,3
4020,2514,4
4020,3248,4
4020,3120,3
4020,400,4
4020,2389,3
4020,2541,5
4020,413,5
4020,414,4
4020,418,4
4020,3413,3
4020,430,4
4020,3418,4
4020,3420,5
4020,2555,5
4020,1003,3
4020,439,4
4020,576,5
4020,1010,5
4020,582,4
4020,444,4
4020,3438,4
4020,3305,4
4020,453,4
4020,1839,5
4020,1156,2
4020,1159,4
4020,1858,4
4020,1049,5
4020,2774,4
4020,1339,4
4020,1219,3
4020,1220,4
4020,757,2
4020,1920,5
4020,1228,4
4020,1357,4
4020,1358,5
4020,2065,3
4020,1368,1
4020,2076,2
4020,2077,2
4020,2084,3
4020,2088,3
4020,101,3
4020,2245,1
4020,2858,3
4020,2111,4
4020,1521,4
4020,3124,4
4020,3129,3
4020,3002,4
4020,3004,5
4020,1656,3
4020,153,4
4020,2410,2
4020,3149,4
4020,1662,5
4020,3016,5
4020,1666,4
4020,2425,3
4020,18,3
4020,900,3
4020,20,2
4020,328,3
4020,2584,3
4020,911,4
4020,1705,3
4020,333,4
4020,335,2
4020,915,3
4020,3188,1
4020,2598,4
4020,473,4
4020,347,3
4020,348,3
4020,487,4
4020,2477,5
4020,363,1
4020,3348,5
4020,1738,3
4020,1742,2
4020,948,5
4020,949,5
4020,1747,4
4020,1748,3
4020,2630,1
4020,2633,3
4020,951,5
4020,520,3
4020,3367,4
4020,1074,5
4020,957,3
4020,1091,4
4022,1117,1
4022,805,4
4022,1459,1
4022,3102,1
4022,262,2
4022,453,5
4022,1228,3
4022,2077,2
4022,3149,5
4022,1737,4
4022,1074,2
4024,1048,4
4024,3181,4
4024,3509,5
4024,3511,4
4026,1158,3
4026,1031,5
4026,629,5
4026,1920,5
4026,779,2
4026,1747,4
4034,5,5
4034,702,4
4034,1410,3
4034,2324,4
4034,208,5
4034,2065,4
4034,2841,5
4034,101,5
4034,2249,4
4034,1528,5
4034,20,4
4041,2675,5
4041,5,4
4041,1128,3
4041,1260,3
4041,1828,3
4041,1273,2
4041,1146,4
4041,805,3
4041,814,4
4041,702,4
4041,1410,4
4041,1985,4
4041,2874,3
4041,2878,2
4041,1418,4
4041,2881,3
4041,2132,3
4041,2752,4
4041,2008,3
4041,2905,4
4041,2917,3
4041,2178,4
4041,3048,4
4041,1469,4
4041,1471,4
4041,2324,4
4041,1580,2
4041,2336,2
4041,2337,1
4041,2492,2
4041,251,4
4041,3248,3
4041,430,4
4041,3417,4
4041,2555,1
4041,2561,3
4041,576,2
4041,453,3
4041,1839,3
4041,1156,4
4041,1159,5
4041,470,4
4041,1031,3
4041,1166,4
4041,1044,4
4041,2775,3
4041,1219,4
4041,1220,2
4041,1228,4
4041,2048,4
4041,2815,4
4041,2816,4
4041,1358,2
4041,2065,4
4041,2833,3
4041,2835,4
4041,1500,3
4041,2088,3
4041,1504,3
4041,2858,3
4041,2249,4
4041,2269,4
4041,287,3
4041,153,2
4041,2410,1
4041,3149,3
4041,157,4
4041,2425,1
4041,1552,3
4041,2298,4
4041,1698,4
4041,1705,4
4041,333,2
4041,915,2
4041,2598,4
4041,43,1
4041,348,3
4041,3348,2
4041,1061,4
4041,1748,2
4041,1071,4
4041,951,2
4041,520,2
4041,1074,4
4041,92,4
4041,3509,3
4041,1091,4
4041,647,3
4046,2694,5
4046,1985,5
4046,2324,5
4046,453,5
4046,2065,5
4046,520,4
4049,1117,4
4049,557,5
4049,814,5
4049,1459,4
4049,3090,4
4049,3095,5
4049,2531,4
4049,413,5
4049,430,5
4049,2555,4
4049,453,4
4049,1156,5
4049,1159,4
4049,1852,3
4049,1035,4
4049,1048,5
4049,2775,3
4049,2048,5
4049,1646,4
4049,1698,4
4049,3200,3
4049,1719,5
4049,1737,5
4049,2630,3
4062,2709,4
4062,814,4
4062,3215,4
4062,1156,4
4062,3470,3
4062,1048,4
4062,2815,5
4062,1504,5
4062,336,5
4070,1117,5
4070,557,5
4070,1815,4
4070,2752,2
4070,2917,2
4070,251,4
4070,2523,4
4070,576,4
4070,1156,5
4070,1159,4
4070,1049,4
4070,2815,5
4070,2221,4
4070,2961,4
4070,2247,3
4070,3129,4
4070,336,5
4070,1707,2
4070,473,4
4070,1737,4
4070,1738,3
4070,1074,5
4070,2652,4
4076,1117,4
4076,1815,4
4076,1828,4
4076,1146,3
4076,810,3
4076,811,4
4076,814,5
4076,702,4
4076,823,4
4076,828,5
4076,1469,5
4076,1471,3
4076,2324,3
4076,2336,4
4076,251,4
4076,2517,4
4076,3248,4
4076,1003,3
4076,3292,4
4076,1156,3
4076,1159,5
4076,1166,3
4076,1859,4
4076,1211,3
4076,1219,4
4076,1220,4
4076,757,4
4076,3124,3
4076,3002,3
4076,10,4
4076,20,4
4076,336,4
4076,348,3
4076,3348,4
4076,1748,4
4076,951,5
4076,3367,1
4076,957,4
4076,523,5
4076,1095,3
4078,5,5
4078,557,5
4078,1263,5
4078,1146,3
4078,805,5
4078,814,2
4078,702,2
4078,706,1
4078,2733,4
4078,1985,4
4078,828,5
4078,2745,5
4078,2132,4
4078,2133,4
4078,1427,4
4078,2904,3
4078,2161,1
4078,873,5
4078,1459,5
4078,2180,4
4078,3043,5
4078,3048,4
4078,1469,4
4078,3064,4
4078,1580,1
4078,2943,5
4078,2503,3
4078,3248,4
4078,3120,3
4078,2531,5
4078,2541,2
4078,430,4
4078,2555,3
4078,3283,4
4078,1003,5
4078,439,3
4078,1010,5
4078,582,5
4078,453,3
4078,1156,4
4078,1159,3
4078,1166,2
4078,1859,2
4078,3470,4
4078,1188,2
4078,626,5
4078,2774,5
4078,2775,4
4078,1220,2
4078,2065,4
4078,2088,4
4078,107,3
4078,2858,4
4078,2111,3
4078,3002,5
4078,153,3
4078,3149,2
4078,1681,5
4078,18,3
4078,1692,3
4078,1698,3
4078,1705,4
4078,336,5
4078,2598,3
4078,473,4
4078,347,2
4078,1719,2
4078,2612,5
4078,361,5
4078,1742,4
4078,2623,5
4078,2630,4
4078,1751,5
4078,2633,3
4078,951,1
4078,1074,3
4078,1077,5
4081,1117,4
4081,1146,3
4081,814,4
4081,1420,4
4081,1435,3
4081,3048,4
4081,3054,4
4081,208,4
4081,1627,3
4081,3292,3
4081,1010,4
4081,1159,5
4081,1852,4
4081,1859,2
4081,717,5
4081,1048,3
4081,2815,5
4081,2819,4
4081,2065,4
4081,1528,2
4081,2409,1
4081,10,4
4081,1698,5
4081,2598,5
4081,1061,5
4081,1077,4
4081,1764,3
4081,91,5
4085,2680,5
4085,1815,5
4085,1273,2
4085,814,5
4085,702,5
4085,710,3
4085,1410,5
4085,2752,5
4085,2143,5
4085,2008,5
4085,875,5
4085,2917,4
4085,2324,4
4085,1475,4
4085,1477,5
4085,3215,3
4085,243,5
4085,246,5
4085,983,5
4085,2565,5
4085,1010,5
4085,582,4
4085,453,4
4085,592,3
4085,1858,5
4085,1859,5
4085,747,4
4085,1334,5
4085,1220,5
4085,2815,5
4085,2065,5
4085,1496,3
4085,2221,5
4085,1500,4
4085,101,5
4085,1504,4
4085,2247,4
4085,1646,5
4085,2409,2
4085,1656,4
4085,1542,5
4085,2298,5
4085,172,5
4085,174,4
4085,10,5
4085,319,5
4085,18,2
4085,911,5
4085,330,5
4085,335,5
4085,336,5
4085,915,5
4085,473,5
4085,347,5
4085,77,5
4085,2633,5
4085,951,5
4085,85,3
4085,1077,5
4085,1764,1
4085,523,5
4085,529,4
4086,2680,4
4086,2324,4
4086,208,4
4086,2366,3
4086,2370,5
4086,2514,1
4086,2389,1
4086,2527,3
4086,1334,2
4086,2249,2
4086,2409,2
4086,2424,2
4086,2298,1
4086,2584,2
4086,2652,5
4089,3395,5
4089,1103,3
4089,1117,4
4089,1128,3
4089,2709,4
4089,1146,5
4089,805,5
4089,827,3
4089,1459,3
4089,1469,3
4089,3095,5
4089,3101,3
4089,3121,3
4089,978,3
4089,3283,2
4089,3292,4
4089,1156,5
4089,1048,5
4089,2774,3
4089,1219,2
4089,2819,4
4089,2833,4
4089,107,5
4089,3002,5
4089,2269,4
4089,3149,2
4089,1681,5
4089,1692,4
4089,1698,4
4089,2598,3
4089,1719,1
4089,1061,5
4089,1074,4
4092,1117,3
4092,557,5
4092,1146,4
4092,3089,4
4092,3102,5
4092,2555,4
4092,453,3
4092,1852,4
4092,1044,4
4092,1048,5
4092,2815,5
4092,107,4
4092,2269,5
4092,3149,5
4092,20,4
4092,1698,5
4092,1705,3
4092,336,5
4092,487,4
4092,1737,4
4092,1061,5
4092,1748,3
4092,523,4
4094,1117,4
4094,557,4
4094,702,2
4094,1410,4
4094,1418,1
4094,1477,5
4094,430,4
4094,2565,3
4094,1552,4
4094,1074,4
4106,1117,5
4106,2694,3
4106,1815,3
4106,1132,5
4106,1266,4
4106,1146,5
4106,710,5
4106,2132,3
4106,2133,1
4106,2752,2
4106,1459,5
4106,2180,3
4106,3048,5
4106,2927,3
4106,1469,4
4106,3054,5
4106,2324,4
4106,1477,5
4106,1580,2
4106,3235,5
4106,2514,4
4106,257,5
4106,2389,4
4106,413,4
4106,430,5
4106,1003,4
4106,439,2
4106,576,5
4106,1010,5
4106,444,5
4106,1839,3
4106,1159,4
4106,1844,4
4106,1035,4
4106,1166,2
4106,1858,5
4106,1048,5
4106,1049,5
4106,1188,5
4106,1334,4
4106,1219,3
4106,1220,4
4106,1228,2
4106,2048,5
4106,2065,5
4106,2082,4
4106,2838,4
4106,101,2
4106,107,5
4106,2247,3
4106,3002,4
4106,3149,5
4106,2425,4
4106,1552,5
4106,2297,4
4106,307,5
4106,1698,5
4106,1705,5
4106,2598,5
4106,473,4
4106,347,4
4106,1737,4
4106,3348,5
4106,1738,2
4106,1748,4
4106,1751,3
4106,951,5
4106,1077,5
4109,814,5
4109,3094,5
4109,3251,5
4109,1061,5
4113,5,4
4113,2693,3
4113,1128,4
4113,1815,2
4113,2709,4
4113,1146,3
4113,1151,3
4113,2737,4
4113,1985,3
4113,2170,2
4113,3050,4
4113,3102,3
4113,400,3
4113,2541,5
4113,3268,3
4113,430,4
4113,3417,2
4113,442,1
4113,1156,5
4113,1035,4
4113,1859,3
4113,1048,4
4113,1049,4
4113,1186,3
4113,107,4
4113,1646,4
4113,3149,5
4113,1548,3
4113,1681,4
4113,2584,5
4113,1719,5
4113,1737,4
4113,3348,4
4113,1071,4
4113,1074,5
4113,1091,2
4116,5,5
4116,557,3
4116,702,4
4116,1410,4
4116,1985,4
4116,1420,5
4116,2752,5
4116,1471,5
4116,2324,5
4116,251,4
4116,2514,4
4116,2389,5
4116,430,5
4116,439,4
4116,2565,4
4116,453,4
4116,1839,5
4116,1166,3
4116,2065,5
4116,1500,4
4116,1656,4
4116,153,4
4116,1659,5
4116,157,4
4116,1552,5
4116,2298,4
4116,172,3
4116,333,4
4116,336,5
4116,347,3
4116,1742,5
4116,2632,5
4116,92,3
4116,3389,5
4118,702,5
4118,2143,2
4118,3233,5
4118,3248,3
4118,413,3
4118,3413,3
4118,3417,3
4118,3418,3
4118,3420,4
4118,1156,4
4118,2813,2
4118,2815,5
4118,1504,3
4118,1737,5
4118,1738,5
4118,3367,3
4121,5,4
4121,1117,4
4121,1128,4
4121,679,3
4121,1146,5
4121,702,3
4121,706,4
4121,710,3
4121,2733,2
4121,1410,2
4121,1985,4
4121,841,4
4121,1435,4
4121,2917,3
4121,1459,3
4121,1471,3
4121,3054,5
4121,208,4
4121,2514,2
4121,1626,4
4121,1627,3
4121,2389,3
4121,413,4
4121,414,4
4121,430,4
4121,439,3
4121,444,4
4121,1839,5
4121,1156,4
4121,1027,4
4121,1031,5
4121,1035,4
4121,1166,2
4121,1858,3
4121,626,3
4121,2774,4
4121,1220,2
4121,757,3
4121,1228,4
4121,1234,4
4121,2813,3
4121,2065,3
4121,1492,5
4121,2216,3
4121,2838,4
4121,2084,3
4121,101,3
4121,2093,2
4121,107,5
4121,2247,4
4121,1521,2
4121,3002,5
4121,1656,3
4121,1542,3
4121,153,4
4121,163,4
4121,2297,3
4121,2298,4
4121,20,4
4121,333,3
4121,336,3
4121,2598,5
4121,473,3
4121,477,3
4121,347,3
4121,348,3
4121,487,3
4121,1737,4
4121,1738,4
4121,2632,4
4121,86,3
4121,1074,4
4121,523,4
4121,92,2
4121,1091,4
4121,533,4
4122,814,5
4122,2309,3
4122,1469,3
4122,258,2
4122,3304,3
4122,453,4
4122,1048,5
4122,739,4
4122,1500,3
4122,347,2
4122,1719,5
4122,951,2
4122,2652,2
4125,1117,3
4125,557,5
4125,679,4
4125,2694,3
4125,1815,3
4125,814,4
4125,702,5
4125,1410,4
4125,2132,3
4125,2133,3
4125,2143,3
4125,2008,4
4125,1435,2
4125,2902,4
4125,2161,3
4125,2913,3
4125,3048,4
4125,1469,3
4125,1471,4
4125,2324,5
4125,1477,4
4125,1580,3
4125,381,4
4125,251,5
4125,3235,3
4125,2514,3
4125,2389,3
4125,273,3
4125,430,3
4125,3292,2
4125,1010,4
4125,453,5
4125,462,3
4125,1159,3
4125,1846,3
4125,1166,4
4125,1859,5
4125,3470,4
4125,719,3
4125,1188,2
4125,1220,4
4125,1226,3
4125,765,3
4125,2815,3
4125,1358,5
4125,1368,3
4125,2961,4
4125,1500,4
4125,1504,4
4125,1542,5
4125,153,5
4125,307,2
4125,10,4
4125,18,3
4125,912,5
4125,333,3
4125,335,2
4125,336,4
4125,2598,4
4125,477,5
4125,480,3
4125,43,4
4125,347,3
4125,1719,4
4125,1720,3
4125,1721,3
4125,3348,4
4125,1738,2
4125,1742,5
4125,69,3
4125,1748,5
4125,2633,3
4125,951,5
4125,3367,1
4125,1077,4
4125,523,2
4125,529,4
4125,1095,3
4130,557,3
4130,2702,1
4130,2709,2
4130,1955,1
4130,710,3
4130,2113,4
4130,2745,5
4130,2163,5
4130,2324,5
4130,3094,4
4130,251,5
4130,2514,5
4130,2389,5
4130,453,5
4130,1839,3
4130,1156,5
4130,1334,3
4130,3004,5
4130,3016,2
4130,336,5
4130,347,2
4130,348,4
4130,363,3
4130,1742,4
4130,951,2
4132,1117,4
4132,557,4
4132,1828,2
4132,2324,1
4132,3102,5
4132,2517,3
4132,1010,5
4132,453,5
4132,1852,4
4132,1166,5
4132,717,5
4132,1198,3
4132,1220,1
4132,109,4
4132,2298,4
4132,1692,4
4132,19,3
4132,330,4
4132,473,4
4132,347,4
4132,487,4
4132,523,4
4132,1093,3
4141,1410,3
4141,2904,4
4141,2186,2
4141,3050,5
4141,2565,3
4146,1410,5
4146,3048,5
4146,1580,3
4146,2389,4
4146,430,5
4146,3283,3
4146,453,4
4146,3452,5
4146,1219,5
4146,153,5
4146,1074,5
4150,823,4
4150,2752,3
4150,1435,4
4150,1469,4
4150,3417,4
4150,2838,3
4150,1737,4
4150,3359,5
4165,1815,4
4165,814,3
4165,3215,4
4165,2269,5
4165,1698,5
4165,2488,1
4165,1074,4
4165,957,5
4165,523,2
4168,3395,5
4168,3404,2
4168,549,4
4168,2680,3
4168,5,4
4168,1800,5
4168,1803,4
4168,557,5
4168,2693,4
4168,1805,4
4168,1808,2
4168,1813,3
4168,2694,4
4168,2701,4
4168,2702,4
4168,2709,5
4168,805,5
4168,810,4
4168,811,5
4168,814,5
4168,1289,4
4168,820,3
4168,822,5
4168,823,4
4168,824,5
4168,2113,2
4168,2733,3
4168,2737,2
4168,1294,2
4168,827,4
4168,828,4
4168,830,5
4168,2122,1
4168,2128,2
4168,2745,3
4168,2747,3
4168,836,4
4168,838,4
4168,841,5
4168,2132,3
4168,2133,3
4168,2752,3
4168,2753,5
4168,845,5
4168,1310,4
4168,850,5
4168,2143,2
4168,2769,5
4168,856,4
4168,857,4
4168,2151,3
4168,2152,3
4168,2153,5
4168,2157,4
4168,2161,1
4168,2170,2
4168,873,4
4168,875,5
4168,2176,3
4168,2178,3
4168,2180,4
4168,3043,3
4168,3048,3
4168,2183,3
4168,2186,2
4168,3050,3
4168,3054,3
4168,3057,3
4168,3066,3
4168,3086,5
4168,3087,2
4168,232,4
4168,2491,3
4168,2492,4
4168,3089,4
4168,3090,5
4168,1604,4
4168,3092,3
4168,3094,5
4168,3095,5
4168,2503,3
4168,3101,4
4168,3102,4
4168,1615,5
4168,1618,3
4168,246,4
4168,251,3
4168,2514,4
4168,2517,4
4168,1626,1
4168,1627,4
4168,257,4
4168,258,3
4168,260,3
4168,3116,4
4168,3120,3
4168,3121,2
4168,265,4
4168,2527,4
4168,978,5
4168,2530,3
4168,983,4
4168,2541,5
4168,3417,5
4168,3418,3
4168,3420,5
4168,3421,5
4168,3423,3
4168,2555,5
4168,1001,5
4168,2557,2
4168,1003,3
4168,2561,4
4168,573,3
4168,2565,2
4168,2569,4
4168,3438,3
4168,1012,4
4168,586,3
4168,2580,3
4168,1836,5
4168,1839,3
4168,3451,3
4168,3452,5
4168,593,3
4168,597,3
4168,598,4
4168,1844,4
4168,1846,5
4168,3455,4
4168,3456,4
4168,1852,4
4168,1027,4
4168,600,1
4168,1035,5
4168,1858,4
4168,3469,2
4168,3470,3
4168,1040,5
4168,1044,5
4168,1048,5
4168,615,1
4168,619,2
4168,626,4
4168,1888,3
4168,2772,3
4168,2774,4
4168,2775,5
4168,1328,4
4168,640,2
4168,1334,3
4168,1339,4
4168,1913,3
4168,2796,3
4168,2797,4
4168,1920,5
4168,1921,4
4168,1351,4
4168,2813,4
4168,1357,4
4168,2815,4
4168,2816,3
4168,1358,3
4168,2819,5
4168,2822,3
4168,1368,1
4168,2828,3
4168,2216,2
4168,2831,3
4168,2833,5
4168,2835,5
4168,2838,5
4168,1379,3
4168,2845,4
4168,1384,3
4168,2245,2
4168,2856,4
4168,2247,3
4168,2858,3
4168,2249,4
4168,3123,3
4168,3124,4
4168,3129,5
4168,1642,2
4168,2269,4
4168,3137,4
4168,1656,4
4168,2279,4
4168,287,2
4168,289,4
4168,3144,4
4168,1659,5
4168,3149,3
4168,1662,1
4168,1664,4
4168,1666,4
4168,295,5
4168,2289,3
4168,3155,2
4168,1672,5
4168,2297,3
4168,306,5
4168,2298,4
4168,1677,4
4168,1681,5
4168,10,4
4168,314,4
4168,318,3
4168,319,5
4168,1692,5
4168,19,2
4168,20,4
4168,328,4
4168,2584,3
4168,2585,4
4168,2586,2
4168,2587,4
4168,3181,3
4168,1698,5
4168,330,3
4168,1705,4
4168,1706,3
4168,333,4
4168,335,3
4168,336,3
4168,3188,1
4168,2598,3
4168,1707,3
4168,347,5
4168,348,4
4168,2600,5
4168,3200,3
4168,1719,3
4168,53,5
4168,2612,5
4168,3210,3
4168,361,4
4168,363,3
4168,2623,3
4168,1061,5
4168,71,5
4168,76,5
4168,77,2
4168,2630,1
4168,2632,4
4168,2633,3
4168,2634,4
4168,1071,5
4168,1074,2
4168,89,3
4168,91,4
4168,92,4
4168,2652,4
4168,1090,5
4168,1091,4
4168,647,3
4168,1095,4
4168,1100,4
4168,3530,5
4168,1103,5
4168,1107,2
4168,2673,3
4168,1933,3
4168,1934,5
4168,1117,5
4168,1943,4
4168,1128,4
4168,1131,2
4168,679,3
4168,1948,4
4168,1132,5
4168,1133,5
4168,1955,4
4168,1957,5
4168,1146,5
4168,1151,5
4168,702,4
4168,706,4
4168,710,4
4168,2862,5
4168,1410,4
4168,1985,5
4168,1986,3
4168,2871,4
4168,2874,4
4168,2878,2
4168,1418,3
4168,1988,5
4168,1420,3
4168,2881,3
4168,2882,4
4168,1425,3
4168,1997,3
4168,2886,3
4168,1430,3
4168,1431,3
4168,1435,5
4168,1438,4
4168,2904,4
4168,2905,3
4168,2913,5
4168,2917,4
4168,1459,2
4168,1461,1
4168,2927,3
4168,1469,5
4168,1471,3
4168,2932,3
4168,1475,4
4168,2324,4
4168,1477,5
4168,2326,4
4168,2327,2
4168,2943,3
4168,2336,3
4168,2337,2
4168,2347,4
4168,2350,2
4168,3215,3
4168,2359,2
4168,2361,2
4168,2366,3
4168,2370,3
4168,381,4
4168,3233,5
4168,392,2
4168,3248,4
4168,398,3
4168,400,4
4168,2389,4
4168,3251,4
4168,3265,2
4168,413,4
4168,414,3
4168,3268,3
4168,429,4
4168,430,4
4168,3283,4
4168,433,2
4168,439,3
4168,442,3
4168,3292,4
4168,444,3
4168,3305,2
4168,453,5
4168,456,3
4168,462,3
4168,1152,3
4168,1156,4
4168,1158,4
4168,1159,5
4168,465,3
4168,470,5
4168,1166,3
4168,717,4
4168,719,4
4168,1186,3
4168,1188,3
4168,728,3
4168,1193,5
4168,732,4
4168,1198,3
4168,737,3
4168,739,4
4168,1207,4
4168,743,3
4168,1211,4
4168,1219,3
4168,1220,3
4168,756,3
4168,757,2
4168,1228,3
4168,2048,3
4168,1234,4
4168,1241,4
4168,2065,4
4168,779,1
4168,781,4
4168,2949,3
4168,1492,1
4168,2953,5
4168,2077,1
4168,2960,3
4168,2961,2
4168,2082,3
4168,2084,2
4168,1500,3
4168,1502,3
4168,2088,3
4168,1504,3
4168,2093,1
4168,107,4
4168,109,4
4168,2974,2
4168,2980,3
4168,2111,1
4168,125,2
4168,129,4
4168,1529,4
4168,2394,2
4168,3002,5
4168,3004,4
4168,1537,4
4168,2409,2
4168,3013,3
4168,152,4
4168,153,4
4168,3016,4
4168,1548,4
4168,157,4
4168,163,5
4168,2421,5
4168,2424,3
4168,3024,2
4168,1552,4
4168,1554,4
4168,1558,2
4168,171,3
4168,2433,3
4168,183,2
4168,900,4
4168,2448,4
4168,911,5
4168,912,3
4168,3321,4
4168,915,3
4168,473,3
4168,477,3
4168,480,3
4168,3332,5
4168,2469,3
4168,486,3
4168,487,2
4168,3338,5
4168,934,3
4168,1737,4
4168,1738,4
4168,1742,2
4168,3355,4
4168,1745,3
4168,3357,3
4168,503,4
4168,948,5
4168,949,5
4168,1747,4
4168,1748,3
4168,3359,3
4168,1751,3
4168,951,3
4168,1759,5
4168,1761,4
4168,1764,3
4168,957,5
4168,1773,3
4168,533,3
4168,3387,3
4168,3389,5
4168,1782,3
4175,814,5
4175,2324,3
4175,1747,5
4176,5,4
4176,805,3
4176,814,4
4176,2752,4
4176,2170,4
4176,3102,4
4176,576,4
4176,1010,4
4176,1852,5
4176,1044,4
4176,2774,5
4176,3149,4
4176,20,4
4176,1705,4
4176,1706,3
4176,1719,5
4176,1061,5
4176,1074,5
4176,1117,3
4176,2389,4
4176,414,4
4176,430,5
4176,453,5
4176,1156,3
4176,1219,5
4176,2065,3
4176,2477,5
4176,1737,4
4176,3367,4
4183,3210,4
4183,3235,3
4183,3299,2
4183,912,3
4183,3359,3
4185,557,4
4185,2694,4
4185,1815,4
4185,2709,4
4185,1828,4
4185,805,4
4185,811,3
4185,814,3
4185,2128,4
4185,841,4
4185,2132,2
4185,2133,2
4185,845,4
4185,850,5
4185,1319,1
4185,2161,1
4185,2180,3
4185,3048,1
4185,1580,1
4185,3066,1
4185,3083,1
4185,3086,2
4185,3089,4
4185,3095,3
4185,2517,2
4185,1626,3
4185,1627,5
4185,3120,3
4185,978,4
4185,2541,3
4185,2555,3
4185,576,3
4185,582,4
4185,3439,2
4185,1839,3
4185,1844,4
4185,1852,4
4185,1035,4
4185,1858,5
4185,1040,3
4185,1048,4
4185,626,3
4185,2774,2
4185,2775,2
4185,1334,2
4185,1920,3
4185,2813,4
4185,1358,2
4185,2835,3
4185,2845,2
4185,3124,4
4185,1646,3
4185,3149,2
4185,2298,3
4185,1692,4
4185,2585,1
4185,3180,1
4185,1698,4
4185,335,1
4185,336,1
4185,2598,4
4185,347,3
4185,1719,3
4185,3210,5
4185,1061,4
4185,1074,3
4185,1091,2
4185,1095,3
4185,1100,4
4185,3530,3
4185,1934,3
4185,1117,5
4185,1131,4
4185,1133,3
4185,1146,3
4185,702,1
4185,710,2
4185,1985,4
4185,2008,2
4185,1435,4
4185,2902,3
4185,2913,3
4185,2917,3
4185,1459,3
4185,2309,3
4185,1471,3
4185,2324,3
4185,1475,4
4185,1477,3
4185,2336,4
4185,2337,1
4185,2359,3
4185,2361,3
4185,3233,4
4185,3248,2
4185,400,3
4185,2389,2
4185,403,2
4185,430,2
4185,439,3
4185,444,3
4185,3305,3
4185,453,3
4185,1156,2
4185,1166,2
4185,719,3
4185,1219,5
4185,1220,3
4185,757,1
4185,2963,3
4185,101,1
4185,107,3
4185,2974,1
4185,1542,1
4185,2424,1
4185,911,2
4185,915,2
4185,2477,3
4185,3348,2
4185,1742,2
4185,1747,3
4185,1748,3
4185,3359,2
4185,1751,3
4185,951,1
4185,1764,1
4185,957,4
4185,523,3
4185,1767,3
4185,1773,4
4185,533,4
4195,3048,4
4195,3057,3
4195,3418,3
4195,3420,3
4195,2555,5
4195,1698,5
4195,1128,5
4195,453,3
4208,2680,5
4208,2565,4
4208,1048,5
4208,2389,2
4208,2048,4
4214,5,4
4214,557,3
4214,2693,5
4214,1260,4
4214,2709,3
4214,814,4
4214,828,5
4214,2752,4
4214,2178,4
4214,3043,5
4214,3048,4
4214,3054,4
4214,208,4
4214,3102,4
4214,257,4
4214,3121,4
4214,978,3
4214,3417,5
4214,3420,5
4214,1012,4
4214,1027,4
4214,1035,3
4214,1048,5
4214,2774,4
4214,2815,3
4214,2816,4
4214,2831,3
4214,2841,2
4214,1656,3
4214,2289,3
4214,1692,4
4214,20,4
4214,1698,4
4214,1705,4
4214,2598,5
4214,1061,5
4214,1074,5
4214,1117,4
4214,1132,4
4214,1146,5
4214,1151,4
4214,2008,4
4214,2917,4
4214,1459,4
4214,1469,4
4214,2324,3
4214,1475,4
4214,2943,3
4214,2389,4
4214,413,4
4214,430,3
4214,1159,5
4214,717,4
4214,2048,5
4214,107,5
4214,1529,4
4214,3002,4
4214,1542,3
4214,1737,4
4221,557,5
4221,2709,4
4221,814,5
4221,3050,5
4221,257,3
4221,978,4
4221,1003,4
4221,3438,1
4221,1839,3
4221,597,3
4221,1859,4
4221,2775,4
4221,1692,4
4221,347,3
4221,1128,3
4221,1151,5
4221,710,3
4221,2324,5
4221,453,5
4221,1504,4
4221,2111,4
4221,3332,3
4221,1742,4
4221,951,4
4225,2565,4
4225,1117,5
4225,2389,2
4225,747,2
4233,2709,4
4233,805,4
4233,810,4
4233,811,4
4233,814,5
4233,830,4
4233,208,3
4233,3438,3
4233,1839,2
4233,1035,2
4233,1048,4
4233,1681,4
4233,1705,4
4233,347,3
4233,1091,4
4233,1117,4
4233,1146,4
4233,710,4
4233,2324,3
4233,2389,4
4233,1156,4
4233,1159,5
4233,1504,5
4233,3002,4
4233,487,4
4233,2477,4
4233,1742,2
4233,951,5
4233,957,5
4233,523,4
4244,1828,5
4244,2745,4
4244,1048,3
4244,626,1
4244,3149,4
4244,2584,2
4244,702,5
4244,1471,4
4244,2324,5
4244,2336,2
4244,2361,5
4244,3266,5
4244,453,5
4244,1219,3
4244,2076,1
4244,1747,4
4244,1748,4
4248,2680,3
4248,1260,2
4248,232,5
4248,2492,4
4248,3102,2
4248,2527,4
4248,2555,4
4248,2815,5
4248,2902,2
4248,381,1
4248,430,5
4248,3305,3
4248,1188,3
4248,2065,3
4248,1500,2
4248,107,5
4248,1529,4
4248,153,3
4248,172,4
4253,1705,4
4253,2598,5
4253,1074,5
4253,1459,5
4253,1737,3
4254,814,5
4254,838,5
4254,856,4
4254,3438,3
4254,1646,4
4254,1672,5
4254,1934,4
4256,2752,2
4256,3066,3
4256,2491,3
4256,2514,3
4256,2527,4
4256,2565,3
4256,3439,2
4256,1334,1
4256,2815,5
4256,1368,2
4256,2297,3
4256,2298,3
4256,10,5
4256,319,4
4256,1705,5
4256,333,3
4256,336,4
4256,3198,3
4256,1117,4
4256,1985,5
4256,2885,2
4256,1429,2
4256,1469,4
4256,1475,3
4256,2370,4
4256,1159,5
4256,1504,3
4256,1542,2
4258,2815,5
4258,3235,5
4261,347,4
4261,2324,3
4261,1742,3
4261,951,4
4261,3367,4
4261,957,4
4272,208,4
4272,1048,5
4272,336,5
4272,1074,5
4272,1146,5
4272,1459,5
4272,3233,5
4272,1156,5
4272,3002,4
4279,2680,2
4279,3418,3
4279,2565,3
4279,1010,5
4279,1031,3
4279,2297,2
4279,2298,3
4279,319,3
4279,1117,5
4279,2324,3
4279,2366,4
4279,439,5
4279,3359,3
4279,523,3
4280,3395,5
4280,557,5
4280,2709,5
4280,2128,2
4280,2745,4
4280,2132,4
4280,2180,2
4280,2183,4
4280,3092,3
4280,3094,5
4280,3120,3
4280,3417,2
4280,3418,5
4280,3420,4
4280,1003,4
4280,3438,3
4280,1040,4
4280,1888,2
4280,2822,3
4280,3124,3
4280,10,5
4280,1698,5
4280,1705,3
4280,336,5
4280,2598,4
4280,2630,2
4280,1091,4
4280,702,4
4280,1420,4
4280,2904,4
4280,1459,4
4280,1469,5
4280,2324,4
4280,3292,3
4280,1156,5
4280,1159,5
4280,465,4
4280,2111,3
4280,2424,2
4280,2425,2
4280,1737,3
4280,1738,3
4280,3367,3
4281,2143,4
4281,1048,2
4281,2815,5
4281,1737,5
4281,1738,5
4281,3367,4
4284,2701,3
4284,1815,4
4284,1266,4
4284,810,4
4284,814,4
4284,2113,4
4284,828,4
4284,2133,5
4284,2752,5
4284,1318,4
4284,2161,3
4284,2180,3
4284,1580,4
4284,1602,5
4284,2491,4
4284,243,4
4284,2503,3
4284,2565,5
4284,582,3
4284,1839,2
4284,1858,4
4284,1049,4
4284,1358,4
4284,1368,2
4284,1384,4
4284,2247,4
4284,2858,4
4284,3124,5
4284,3149,4
4284,1681,3
4284,10,5
4284,318,4
4284,18,4
4284,19,3
4284,20,3
4284,1705,3
4284,335,4
4284,336,5
4284,2598,3
4284,43,3
4284,347,5
4284,348,5
4284,2633,3
4284,85,2
4284,86,4
4284,1074,4
4284,1117,5
4284,702,5
4284,706,2
4284,710,4
4284,1418,4
4284,1427,4
4284,1429,4
4284,2008,3
4284,2917,3
4284,1469,4
4284,2324,2
4284,3248,4
4284,403,3
4284,413,5
4284,439,5
4284,3305,4
4284,453,4
4284,460,4
4284,1156,4
4284,1159,4
4284,470,3
4284,719,4
4284,1211,3
4284,747,4
4284,1219,5
4284,757,3
4284,1228,5
4284,1496,4
4284,101,5
4284,2111,3
4284,3002,4
4284,1542,4
4284,153,4
4284,2410,3
4284,2425,4
4284,172,3
4284,915,5
4284,2488,1
4284,1737,5
4284,3348,5
4284,1738,4
4284,1748,5
4284,951,4
4284,520,3
4284,3367,4
4284,1764,4
4289,251,2
4289,1048,4
4289,2815,4
4289,3149,4
4289,336,5
4289,1117,5
4289,702,2
4289,1420,5
4289,1996,1
4289,1435,5
4289,1471,5
4289,2324,3
4289,1477,5
4289,2076,1
4289,1504,4
4295,208,3
4295,3418,4
4295,2565,3
4295,3438,4
4295,2838,4
4295,2297,3
4295,2298,3
4295,348,3
4295,2652,3
4295,2048,4
4295,2409,3
4295,3016,5
4295,2424,3
4295,3367,4
4297,2693,4
4297,1815,3
4297,2709,5
4297,814,5
4297,2753,5
4297,845,5
4297,2180,4
4297,3054,5
4297,232,5
4297,2531,4
4297,2541,5
4297,3418,5
4297,1001,3
4297,576,4
4297,1010,5
4297,1031,4
4297,1920,5
4297,2221,4
4297,2298,4
4297,314,4
4297,1698,4
4297,1705,5
4297,1706,4
4297,2598,4
4297,3210,3
4297,2632,4
4297,1071,4
4297,1074,5
4297,1077,5
4297,1090,5
4297,1095,4
4297,1100,5
4297,1103,5
4297,660,4
4297,1117,4
4297,2894,5
4297,414,3
4297,1193,5
4297,2077,3
4297,2084,4
4297,1502,5
4297,2093,3
4297,2094,3
4297,107,4
4297,2421,5
4297,911,4
4297,3348,3
4297,1742,5
4297,1747,5
4297,1748,3
4297,951,5
4297,1759,5
4304,3404,5
4304,2680,5
4304,5,4
4304,557,5
4304,2693,4
4304,1260,4
4304,1266,3
4304,1828,3
4304,805,5
4304,814,5
4304,828,4
4304,2752,5
4304,845,4
4304,2151,4
4304,2170,4
4304,2173,2
4304,2180,3
4304,1580,4
4304,2492,5
4304,3089,4
4304,3102,3
4304,246,4
4304,2514,3
4304,1626,3
4304,258,3
4304,2527,4
4304,2530,3
4304,273,3
4304,3413,4
4304,2565,5
4304,3434,3
4304,3439,4
4304,3444,3
4304,1839,3
4304,1844,4
4304,1852,4
4304,1035,3
4304,3470,5
4304,1048,5
4304,1885,3
4304,1334,3
4304,1920,5
4304,2815,5
4304,2816,3
4304,1358,3
4304,2221,2
4304,1384,5
4304,2249,5
4304,2255,2
4304,1659,3
4304,3149,3
4304,1662,4
4304,2298,4
4304,318,4
4304,20,5
4304,2584,4
4304,2585,2
4304,3180,2
4304,330,4
4304,1705,4
4304,1706,4
4304,336,5
4304,3188,3
4304,2598,5
4304,1707,2
4304,347,3
4304,3198,3
4304,1719,4
4304,1720,4
4304,1730,3
4304,2630,2
4304,1074,5
4304,3506,5
4304,89,3
4304,92,3
4304,2650,3
4304,1100,4
4304,655,3
4304,3530,4
4304,1117,5
4304,1128,5
4304,1151,5
4304,702,4
4304,710,3
4304,2862,3
4304,1410,4
4304,1985,5
4304,1418,4
4304,2902,4
4304,2917,5
4304,1457,4
4304,1459,3
4304,2309,3
4304,1469,4
4304,1471,5
4304,2324,4
4304,1477,2
4304,2336,3
4304,2337,3
4304,2346,4
4304,2347,4
4304,2361,4
4304,2370,5
4304,3235,4
4304,400,3
4304,2389,3
4304,414,4
4304,3268,3
4304,3272,3
4304,430,5
4304,3301,3
4304,3305,2
4304,453,5
4304,1166,3
4304,1188,5
4304,1219,3
4304,1220,4
4304,756,4
4304,757,3
4304,2048,5
4304,2065,5
4304,779,2
4304,2076,3
4304,2077,2
4304,2961,4
4304,1500,5
4304,1504,4
4304,107,4
4304,1529,4
4304,3002,5
4304,2409,4
4304,1542,3
4304,152,4
4304,2410,2
4304,2424,5
4304,2425,2
4304,3024,2
4304,1552,3
4304,1558,4
4304,172,4
4304,486,3
4304,1742,2
4304,949,4
4304,1748,3
4304,3359,2
4304,1753,3
4304,3367,3
4304,1764,2
4305,1273,4
4305,2186,5
4305,3050,5
4305,265,3
4305,2555,5
4305,597,4
4305,1852,4
4305,1358,3
4305,1368,2
4305,2585,4
4305,333,3
4305,2634,3
4305,2886,2
4305,1469,5
4305,400,3
4305,2389,3
4305,3268,2
4305,1166,4
4305,1188,4
4305,779,3
4305,1500,2
4305,107,5
4305,153,3
4305,1552,5
4307,2514,3
4307,2527,2
4307,2565,2
4307,1334,1
4307,2297,1
4307,2298,3
4307,2598,4
4307,2652,1
4307,1117,3
4307,2928,3
4307,2370,2
4307,2389,3
4307,2048,4
4307,2084,4
4307,107,4
4307,2409,2
4307,2410,2
4307,3359,3
4309,2680,4
4309,557,5
4309,1260,3
4309,814,2
4309,2752,3
4309,3048,3
4309,1576,3
4309,208,5
4309,251,5
4309,2514,4
4309,258,4
4309,265,4
4309,2527,4
4309,1859,2
4309,1048,5
4309,1920,5
4309,2813,3
4309,2815,3
4309,2841,5
4309,2249,3
4309,1659,4
4309,3149,5
4309,2298,4
4309,319,4
4309,20,5
4309,333,4
4309,336,5
4309,1061,5
4309,92,3
4309,1117,4
4309,1955,2
4309,2878,5
4309,1435,5
4309,2913,4
4309,2324,2
4309,1477,3
4309,2370,2
4309,3235,4
4309,398,3
4309,2389,4
4309,423,4
4309,430,4
4309,3305,3
4309,1166,3
4309,719,3
4309,1188,5
4309,2065,4
4309,2961,3
4309,1500,3
4309,1504,3
4309,1529,4
4309,1542,3
4309,153,5
4309,157,3
4309,1552,4
4309,912,4
4309,533,5
4310,1786,2
4310,2709,4
4310,805,2
4310,828,3
4310,2747,2
4310,3089,5
4310,2555,3
4310,576,3
4310,2774,2
4310,2245,2
4310,1074,5
4310,1146,3
4310,2336,3
4310,1159,4
4310,1219,3
4310,3002,5
4312,2694,3
4312,805,5
4312,814,4
4312,3048,5
4312,208,4
4312,1048,5
4312,2815,5
4312,2838,4
4312,20,2
4312,333,5
4312,2598,5
4312,1061,4
4312,2630,2
4312,1074,4
4312,1117,4
4312,702,4
4312,2389,3
4312,430,4
4312,453,5
4312,756,5
4312,107,5
4312,1548,3
4312,480,5
4312,1737,3
4312,3348,3
4313,258,3
4313,702,5
4313,2324,4
4313,3235,4
4313,3268,3
4314,1815,4
4314,814,5
4314,2132,4
4314,2133,5
4314,3048,5
4314,251,5
4314,1858,5
4314,1358,1
4314,2249,5
4314,18,1
4314,333,5
4314,335,5
4314,336,5
4314,347,1
4314,2633,1
4314,1117,3
4314,1420,4
4314,1477,1
4314,453,1
4314,1219,5
4314,1220,4
4314,1496,1
4314,1500,3
4314,1504,3
4314,2094,4
4314,129,2
4314,3024,4
4314,912,3
4314,473,2
4314,1742,5
4314,1748,1
4314,951,3
4314,522,5
4319,557,4
4319,814,5
4319,2733,4
4319,2555,4
4319,2563,4
4319,2774,4
4319,1418,4
4319,2928,3
4319,2324,3
4319,2336,4
4319,430,5
4319,453,5
4319,1219,4
4322,557,3
4322,1815,4
4322,1828,3
4322,2733,1
4322,208,4
4322,3418,2
4322,2555,1
4322,2815,5
4322,2247,3
4322,1646,4
4322,3149,4
4322,2298,2
4322,336,5
4322,2598,3
4322,69,2
4322,1146,4
4322,702,3
4322,2008,5
4322,1435,4
4322,1471,3
4322,2324,2
4322,101,4
4322,157,3
4322,911,3
4322,912,3
4322,915,2
4322,1742,4
4322,951,5
4324,2652,1
4324,1934,3
4324,3248,3
4327,3395,5
4327,557,1
4327,2709,4
4327,823,5
4327,2113,4
4327,2733,3
4327,2132,3
4327,2769,3
4327,3048,4
4327,3102,3
4327,3417,5
4327,2555,4
4327,2565,2
4327,1858,3
4327,3470,4
4327,1048,4
4327,629,5
4327,1339,3
4327,2819,4
4327,2858,2
4327,3129,4
4327,3149,4
4327,10,4
4327,20,4
4327,328,4
4327,333,4
4327,336,4
4327,2598,3
4327,1719,4
4327,1061,5
4327,647,4
4327,1117,4
4327,1128,5
4327,702,2
4327,2862,4
4327,1410,3
4327,1985,3
4327,2902,3
4327,2309,3
4327,2927,3
4327,1469,5
4327,400,4
4327,453,3
4327,1156,4
4327,1159,5
4327,465,4
4327,717,3
4327,1188,4
4327,1492,5
4327,1504,2
4327,107,5
4327,3002,4
4327,2409,3
4327,152,4
4327,153,3
4327,157,1
4327,1737,3
4327,1738,3
4331,2813,3
4331,2815,5
4331,77,3
4331,2652,4
4333,2680,4
4333,2170,4
4333,3102,5
4333,2514,5
4333,576,5
4333,1839,4
4333,1852,4
4333,1358,4
4333,2221,4
4333,3149,4
4333,2584,5
4333,1719,4
4333,1720,4
4333,702,4
4333,710,2
4333,2309,1
4333,2336,2
4333,3248,3
4333,400,3
4333,2389,4
4333,3301,4
4333,3304,2
4333,453,5
4333,1166,4
4333,1219,4
4333,1500,3
4333,107,4
4333,1748,1
4336,814,3
4336,2122,2
4336,2162,3
4336,2170,5
4336,3054,3
4336,208,5
4336,3102,4
4336,2514,5
4336,258,3
4336,2555,4
4336,576,5
4336,1852,5
4336,1048,5
4336,2221,5
4336,3147,4
4336,2298,3
4336,2584,5
4336,2585,2
4336,2586,2
4336,1705,5
4336,1706,3
4336,3188,2
4336,1707,3
4336,1719,5
4336,1720,5
4336,2652,5
4336,1117,4
4336,1128,5
4336,1146,4
4336,2917,3
4336,2309,4
4336,381,5
4336,400,5
4336,3268,4
4336,3301,3
4336,3304,4
4336,1156,5
4336,1166,5
4336,1176,4
4336,717,4
4336,1500,3
4336,101,5
4336,3002,3
4336,2477,5
4336,1747,4
4337,2680,4
4337,2143,5
4337,3155,2
4337,20,2
4337,3181,4
4337,453,3
4337,1737,4
4337,1738,3
4345,2143,3
4345,3418,3
4345,3444,3
4345,1031,5
4345,1035,4
4345,2815,5
4345,2838,1
4345,2841,4
4345,2289,3
4345,2298,5
4345,1117,3
4345,702,3
4345,1435,3
4345,2324,4
4345,1737,3
4345,1738,3
4345,3387,4
4346,5,4
4346,875,3
4346,1627,3
4346,1858,3
4346,2813,5
4346,2815,5
4346,2247,4
4346,2249,4
4346,1646,3
4346,3155,4
4346,2298,3
4346,10,4
4346,336,4
4346,347,4
4346,1117,2
4346,1986,3
4346,1475,4
4346,1477,5
4346,381,3
4346,414,3
4346,453,4
4346,1188,4
4346,2065,4
4346,1504,3
4346,3002,5
4346,153,4
4346,473,4
4346,487,5
4346,3359,3
4346,523,3
4367,5,3
4367,3048,3
4367,626,2
4367,2815,2
4367,3149,4
4367,2298,3
4367,20,3
4367,2598,5
4367,92,3
4367,2652,1
4367,1117,2
4367,1410,4
4367,2902,3
4367,430,4
4367,453,3
4367,1188,4
4367,1219,4
4367,2065,3
4367,1737,4
4367,1738,4
4368,3395,4
4368,2693,4
4368,3095,4
4368,251,2
4368,1040,5
4368,1048,4
4368,1061,4
4368,1132,3
4368,453,2
4375,5,4
4375,557,4
4375,3048,5
4375,1692,3
4375,1117,4
4375,2905,5
4375,2389,2
4375,430,5
4375,453,4
4375,3002,3
4375,153,4
4378,557,2
4378,2694,3
4378,810,4
4378,814,5
4378,2143,3
4378,2151,2
4378,3048,4
4378,1580,3
4378,3066,2
4378,208,5
4378,1602,3
4378,3102,2
4378,251,4
4378,2517,3
4378,1626,3
4378,1627,1
4378,257,3
4378,265,4
4378,2527,3
4378,2563,3
4378,1010,4
4378,597,4
4378,1035,2
4378,1858,2
4378,1859,3
4378,1048,4
4378,2774,3
4378,2775,3
4378,640,2
4378,1334,4
4378,2822,2
4378,2247,2
4378,2297,1
4378,307,2
4378,10,4
4378,20,3
4378,1698,4
4378,330,2
4378,1705,5
4378,336,3
4378,2598,5
4378,348,5
4378,1061,4
4378,1074,5
4378,1117,5
4378,1128,4
4378,1146,5
4378,702,4
4378,706,2
4378,710,3
4378,1985,3
4378,1986,3
4378,2874,3
4378,1429,3
4378,2905,4
4378,1459,3
4378,1469,2
4378,1471,4
4378,2324,2
4378,1477,3
4378,403,1
4378,413,4
4378,439,3
4378,444,2
4378,453,2
4378,1159,4
4378,470,4
4378,1166,2
4378,739,3
4378,1219,2
4378,2037,4
4378,2065,2
4378,779,1
4378,101,4
4378,1504,2
4378,107,3
4378,3002,4
4378,1542,5
4378,161,4
4378,172,2
4378,174,3
4378,1737,4
4378,1764,2
4378,522,5
4382,2752,3
4382,2815,2
4382,2822,5
4382,2838,1
4382,336,5
4382,2949,4
4388,2709,4
4388,2132,3
4388,2143,3
4388,3054,4
4388,208,4
4388,3121,5
4388,2289,3
4388,2297,2
4388,2298,4
4388,10,3
4388,1698,4
4388,1705,4
4388,336,3
4388,86,2
4388,1151,5
4388,1469,4
4388,413,3
4388,101,3
4388,107,4
4388,3002,3
4388,1542,4
4388,487,4
4388,1737,4
4388,1738,3
4392,101,5
4392,487,4
4405,3404,2
4405,2680,2
4405,2709,5
4405,1828,3
4405,814,3
4405,2752,4
4405,850,5
4405,2161,2
4405,1580,4
4405,208,4
4405,3095,4
4405,2514,4
4405,2527,4
4405,2565,4
4405,576,5
4405,1839,4
4405,1048,5
4405,626,4
4405,1334,4
4405,1920,5
4405,2815,5
4405,1358,5
4405,2822,4
4405,2838,3
4405,2249,3
4405,3155,4
4405,2297,3
4405,307,4
4405,2584,3
4405,336,5
4405,1061,5
4405,2652,3
4405,1090,5
4405,1133,4
4405,1151,5
4405,702,5
4405,710,4
4405,2309,4
4405,1471,4
4405,2324,5
4405,2336,3
4405,2337,3
4405,2350,4
4405,2359,3
4405,2366,3
4405,2370,3
4405,381,4
4405,3235,4
4405,3248,4
4405,400,4
4405,2389,4
4405,3305,4
4405,453,5
4405,1156,5
4405,1219,5
4405,757,3
4405,2048,4
4405,779,4
4405,2953,5
4405,2076,4
4405,2077,4
4405,2961,2
4405,107,5
4405,2409,3
4405,2410,1
4405,3016,5
4405,2424,3
4405,172,5
4405,3338,5
4405,1747,4
4405,1748,4
4405,3359,4
4405,1759,4
4422,3095,5
4422,1010,5
4422,1858,3
4422,1048,4
4422,629,5
4422,1074,5
4422,1985,4
4422,2477,5
4422,3367,4
4426,336,5
4426,1117,5
4426,430,4
4429,557,2
4429,1297,4
4429,2143,1
4429,2153,3
4429,3048,2
4429,3066,1
4429,208,3
4429,232,3
4429,3106,3
4429,258,2
4429,265,2
4429,1846,2
4429,1027,2
4429,600,2
4429,1858,1
4429,1859,3
4429,618,3
4429,2775,2
4429,1334,2
4429,1905,3
4429,1357,2
4429,2838,2
4429,287,1
4429,289,4
4429,2297,2
4429,2298,4
4429,10,2
4429,319,2
4429,18,2
4429,327,2
4429,328,3
4429,1698,2
4429,330,2
4429,335,2
4429,336,5
4429,347,3
4429,53,1
4429,361,1
4429,2633,1
4429,91,3
4429,1117,3
4429,1131,4
4429,706,2
4429,710,4
4429,1988,1
4429,1996,4
4429,1997,3
4429,1435,4
4429,2905,3
4429,2913,3
4429,1475,3
4429,1477,5
4429,413,1
4429,429,3
4429,444,2
4429,465,4
4429,470,4
4429,717,3
4429,1198,2
4429,1211,3
4429,1220,1
4429,2048,4
4429,1234,4
4429,1241,3
4429,101,3
4429,109,1
4429,1542,3
4429,912,1
4429,473,2
4429,487,2
4429,934,3
4429,1761,1
4429,533,4
4433,3420,5
4433,3439,4
4433,2772,4
4433,2813,3
4433,2815,5
4433,2289,4
4433,1705,4
4433,2652,4
4433,702,3
4433,1435,3
4433,1156,5
4433,1737,3
4433,3367,4
4442,3395,4
4442,805,3
4442,810,3
4442,814,4
4442,3417,4
4442,3418,2
4442,3420,2
4442,3438,3
4442,1035,2
4442,647,3
4442,1100,2
4442,1117,4
4442,1128,3
4442,1133,3
4442,444,2
4442,1156,3
4442,2953,4
4442,949,3
4442,3367,4
4448,2752,3
4448,2143,3
4448,208,5
4448,1010,4
4448,1031,4
4448,2815,4
4448,2816,4
4448,1358,4
4448,1659,3
4448,2298,4
4448,336,4
4448,2598,5
4448,1074,5
4448,1077,4
4448,3509,5
4448,1095,4
4448,1117,5
4448,702,4
4448,1996,4
4448,1435,4
4448,2303,5
4448,1471,4
4448,2324,4
4448,3235,4
4448,430,4
4448,439,4
4448,453,4
4448,1159,5
4448,779,3
4448,1492,3
4448,2411,5
4448,473,4
4448,1747,4
4448,1748,4
4448,3359,4
4457,3404,3
4457,5,3
4457,2694,4
4457,1815,4
4457,1294,3
4457,2752,3
4457,2143,4
4457,3048,3
4457,3054,2
4457,208,3
4457,3087,3
4457,3102,3
4457,251,4
4457,2514,3
4457,2517,3
4457,1626,3
4457,1627,2
4457,258,2
4457,3418,2
4457,3420,2
4457,1010,5
4457,1035,3
4457,1858,4
4457,2813,3
4457,2816,4
4457,2838,3
4457,2845,4
4457,3149,2
4457,2298,4
4457,307,3
4457,20,2
4457,1705,4
4457,333,3
4457,336,4
4457,2598,5
4457,347,2
4457,1719,4
4457,2632,4
4457,1074,5
4457,1077,3
4457,2652,2
4457,1095,3
4457,1117,4
4457,1955,3
4457,706,3
4457,1996,4
4457,1998,3
4457,2902,3
4457,2905,4
4457,2917,4
4457,2927,3
4457,2928,4
4457,1469,3
4457,1471,2
4457,2324,2
4457,1477,3
4457,381,2
4457,3248,4
4457,2389,4
4457,439,2
4457,442,3
4457,444,5
4457,453,4
4457,1159,4
4457,1166,4
4457,717,4
4457,1188,4
4457,747,4
4457,1220,4
4457,2037,2
4457,2048,4
4457,1492,2
4457,101,3
4457,107,3
4457,125,2
4457,1542,4
4457,153,4
4457,1554,3
4457,912,2
4457,2477,4
4457,1742,5
4457,951,4
4457,523,4
4457,533,3
4458,2752,4
4458,3054,3
4458,208,4
4458,232,2
4458,1618,4
4458,1627,4
4458,1010,5
4458,1031,4
4458,1858,3
4458,1048,4
4458,626,4
4458,2774,3
4458,2815,4
4458,2838,3
4458,287,2
4458,1659,3
4458,2298,5
4458,20,3
4458,328,3
4458,1698,4
4458,1705,4
4458,336,4
4458,2598,4
4458,1077,5
4458,1095,1
4458,1117,4
4458,1146,5
4458,1151,5
4458,1996,4
4458,1435,4
4458,2893,2
4458,1459,3
4458,3235,4
4458,413,3
4458,414,3
4458,444,3
4458,1159,4
4458,470,3
4458,717,4
4458,1234,2
4458,1502,3
4458,487,2
4458,1737,4
4458,3348,2
4458,3355,5
4458,957,3
4458,523,5
4458,533,3
4459,5,4
4459,1273,2
4459,1297,4
4459,2752,3
4459,208,4
4459,2514,2
4459,2523,3
4459,618,3
4459,1334,3
4459,1358,3
4459,2838,3
4459,2247,3
4459,2289,4
4459,18,4
4459,20,4
4459,1698,4
4459,333,3
4459,336,5
4459,347,4
4459,86,3
4459,92,3
4459,1117,4
4459,702,4
4459,1410,3
4459,1471,2
4459,2324,4
4459,414,3
4459,423,4
4459,453,4
4459,739,1
4459,743,3
4459,757,2
4459,107,3
4459,1528,5
4459,1542,3
4459,3359,3
4462,1048,5
4462,2833,4
4462,1502,5
4466,2750,4
4466,2180,5
4466,2517,2
4466,1003,4
4466,1048,3
4466,1334,3
4466,2819,4
4466,1368,2
4466,3124,4
4466,2269,4
4466,18,2
4466,1692,3
4466,1705,4
4466,335,2
4466,336,4
4466,1061,4
4466,91,3
4466,1091,4
4466,710,2
4466,1429,2
4466,1471,3
4466,3215,4
4466,413,4
4466,425,4
4466,430,3
4466,3283,3
4466,439,3
4466,3292,3
4466,453,2
4466,1159,4
4466,465,3
4466,1220,3
4466,1504,2
4466,3002,4
4466,3332,3
4466,1748,3
4466,1751,4
4472,2694,4
4472,2733,2
4472,2737,3
4472,2122,4
4472,2745,3
4472,2752,4
4472,2153,3
4472,3043,3
4472,3050,3
4472,3054,3
4472,232,4
4472,2491,3
4472,1627,2
4472,2527,4
4472,3418,3
4472,3420,4
4472,2555,5
4472,1010,5
4472,3438,4
4472,1844,3
4472,1035,3
4472,1858,3
4472,1048,4
4472,2774,4
4472,2775,4
4472,2819,3
4472,2845,4
4472,2247,3
4472,1656,3
4472,3147,2
4472,314,3
4472,1692,4
4472,328,4
4472,1698,4
4472,1061,4
4472,1074,3
4472,1077,4
4472,92,4
4472,1117,5
4472,1128,4
4472,1146,2
4472,1151,5
4472,2874,3
4472,2881,2
4472,2008,4
4472,1435,4
4472,1459,3
4472,1469,5
4472,2943,4
4472,2336,4
4472,3248,3
4472,418,4
4472,430,4
4472,3283,4
4472,3288,4
4472,444,2
4472,453,4
4472,1156,4
4472,1158,3
4472,1159,4
4472,1219,3
4472,2037,1
4472,1492,2
4472,2088,2
4472,101,3
4472,2974,3
4472,153,4
4472,3016,4
4472,2425,2
4472,1557,3
4472,911,2
4472,477,3
4472,1738,3
4472,1742,3
4472,520,3
4472,1761,2
4472,957,2
4472,523,4
4474,1580,4
4474,1358,3
4474,1117,4
4474,702,2
4474,2324,4
4474,3305,5
4474,453,5
4474,1166,3
4474,477,3
4480,3102,4
4480,2815,4
4480,2838,3
4480,2841,3
4480,2324,4
4480,430,4
4480,453,4
4480,1166,4
4480,2065,3
4480,1500,2
4482,2694,2
4482,2122,3
4482,2132,2
4482,3048,3
4482,232,3
4482,246,4
4482,251,2
4482,2569,3
4482,1035,3
4482,1859,3
4482,1048,3
4482,629,4
4482,2775,4
4482,1905,3
4482,319,3
4482,1692,2
4482,20,3
4482,1698,3
4482,1705,3
4482,333,1
4482,336,4
4482,3198,3
4482,361,2
4482,71,4
4482,91,3
4482,1117,4
4482,1988,4
4482,1469,3
4482,1477,3
4482,2366,3
4482,719,3
4482,756,3
4482,2048,4
4482,1502,5
4482,1504,4
4482,107,3
4482,3002,5
4482,1737,4
4482,1738,2
4484,2694,3
4484,1310,4
4484,2153,4
4484,3048,5
4484,1627,5
4484,2523,3
4484,983,2
4484,1858,3
4484,1334,4
4484,2838,4
4484,2247,3
4484,2298,4
4484,20,3
4484,53,4
4484,91,3
4484,1117,3
4484,1985,4
4484,2008,3
4484,1435,3
4484,2905,4
4484,1471,1
4484,2324,2
4484,381,1
4484,3248,3
4484,414,4
4484,423,3
4484,430,4
4484,453,2
4484,717,5
4484,1188,4
4484,1228,2
4484,1542,3
4484,153,4
4484,473,3
4484,533,5
4486,2680,4
4486,5,4
4486,2752,4
4486,1656,4
4486,3155,3
4486,333,5
4486,92,2
4486,702,5
4486,1410,3
4486,1418,4
4486,2324,5
4486,430,4
4486,1228,1
4486,2961,4
4486,1529,4
4486,1548,1
4486,1552,3
4486,178,2
4486,1737,5
4493,1803,4
4493,805,4
4493,845,5
4493,3048,4
4493,3094,4
4493,1048,4
4493,2819,3
4493,3149,4
4493,18,2
4493,20,4
4493,1705,5
4493,1074,4
4493,2324,4
4493,430,4
4493,453,4
4493,1156,5
4493,2411,5
4493,1737,4
4493,1738,4
4496,2709,5
4496,814,5
4496,822,4
4496,2733,4
4496,845,5
4496,850,5
4496,2161,1
4496,2162,3
4496,2170,2
4496,2178,5
4496,2186,4
4496,3050,4
4496,3087,4
4496,232,5
4496,3090,3
4496,3094,4
4496,3095,4
4496,3102,4
4496,2514,4
4496,3121,5
4496,2527,4
4496,2537,3
4496,3417,5
4496,2555,5
4496,576,4
4496,3436,4
4496,1012,5
4496,1839,4
4496,1852,4
4496,1040,5
4496,1883,1
4496,629,5
4496,1334,1
4496,1339,4
4496,2815,5
4496,2819,4
4496,2833,5
4496,2835,5
4496,2221,4
4496,2856,4
4496,2858,5
4496,3149,4
4496,295,5
4496,2298,5
4496,1692,1
4496,2584,2
4496,2585,1
4496,2587,4
4496,1698,4
4496,1706,1
4496,1707,1
4496,347,4
4496,1719,4
4496,1720,1
4496,1061,5
4496,2634,4
4496,1071,5
4496,1072,4
4496,3530,4
4496,1128,5
4496,1151,5
4496,710,2
4496,2862,5
4496,2886,4
4496,2904,4
4496,2309,4
4496,1469,5
4496,2943,5
4496,2336,2
4496,2337,1
4496,2366,4
4496,381,3
4496,3248,4
4496,2389,5
4496,414,5
4496,3268,3
4496,3301,2
4496,3304,1
4496,1186,3
4496,1188,4
4496,1207,5
4496,2048,5
4496,2065,4
4496,781,4
4496,2953,4
4496,2076,4
4496,2082,4
4496,2088,3
4496,107,4
4496,2985,4
4496,3002,5
4496,2409,3
4496,2424,4
4496,2425,3
4496,900,2
4496,2469,4
4496,3338,4
4496,1737,4
4496,3348,4
4496,1738,3
4496,951,3
4499,3404,5
4499,2752,2
4499,1048,4
4499,2815,3
4499,2822,2
4499,2838,4
4499,3359,1
4500,2178,5
4500,1580,3
4500,3149,3
4500,2598,5
4500,1072,4
4500,3266,1
4500,430,4
4500,1219,2
4500,1737,4
4517,557,3
4517,1815,5
4517,1627,5
4517,3418,4
4517,1010,5
4517,582,5
4517,1035,5
4517,3124,3
4517,20,5
4517,328,5
4517,1077,5
4517,1117,5
4517,1132,4
4517,1435,5
4517,2324,4
4517,392,3
4517,414,5
4517,911,4
4517,1737,4
4517,1738,4
4521,3404,4
4521,5,3
4521,1266,2
4521,1828,2
4521,805,5
4521,2733,4
4521,845,4
4521,850,4
4521,3048,3
4521,3417,4
4521,3418,4
4521,3420,3
4521,2772,4
4521,2774,3
4521,2813,2
4521,2815,4
4521,2822,3
4521,2838,2
4521,287,2
4521,2298,4
4521,1698,5
4521,1061,5
4521,1074,3
4521,3509,5
4521,1117,4
4521,1128,5
4521,1435,3
4521,3268,2
4521,1156,4
4521,1159,4
4521,107,4
4521,1548,2
4521,3338,3
4521,1737,4
4521,3355,2
4521,3359,2
4521,3367,2
4534,5,4
4534,1815,3
4534,805,4
4534,2733,5
4534,2128,3
4534,2752,5
4534,2180,4
4534,3048,4
4534,2183,3
4534,3057,4
4534,208,4
4534,1599,4
4534,260,4
4534,1839,4
4534,1031,5
4534,1048,4
4534,2774,4
4534,1334,2
4534,2247,5
4534,1656,4
4534,3147,4
4534,3149,4
4534,2298,4
4534,319,3
4534,18,3
4534,20,5
4534,1705,5
4534,333,5
4534,335,3
4534,2598,5
4534,347,4
4534,348,4
4534,2633,4
4534,86,4
4534,1074,5
4534,1077,4
4534,647,4
4534,1095,5
4534,1117,4
4534,1128,5
4534,1146,5
4534,702,4
4534,1410,4
4534,1985,4
4534,1429,4
4534,1438,4
4534,2917,4
4534,1459,4
4534,2309,4
4534,1471,3
4534,2324,4
4534,403,2
4534,413,4
4534,430,4
4534,439,4
4534,444,4
4534,453,4
4534,460,4
4534,462,3
4534,1156,5
4534,470,4
4534,1220,3
4534,2084,4
4534,101,5
4534,2093,3
4534,2094,3
4534,153,4
4534,2425,4
4534,473,3
4534,480,4
4534,2477,4
4534,1737,4
4534,3348,4
4534,1738,4
4534,1748,4
4534,1751,3
4534,1753,3
4534,951,5
4534,3367,5
4534,1764,3
4534,523,5
4537,814,1
4537,823,1
4537,841,1
4537,3121,1
4537,3418,5
4537,1010,1
4537,1044,1
4537,1048,1
4537,629,1
4537,1920,1
4537,293,1
4537,2298,4
4537,1061,1
4537,1128,1
4537,1151,1
4537,1219,1
4539,1815,1
4539,2132,3
4539,2752,4
4539,875,1
4539,243,2
4539,582,3
4539,626,3
4539,1646,4
4539,335,1
4539,336,5
4539,347,2
4539,2633,2
4539,1117,3
4539,702,5
4539,710,3
4539,2008,2
4539,2324,4
4539,3235,4
4539,1204,2
4539,1211,1
4539,1496,2
4539,2410,1
4539,3024,3
4539,168,1
4539,911,3
4539,473,3
4539,951,3
4539,523,1
4539,529,3
4542,3395,4
4542,814,4
4542,1609,4
4542,3418,5
4542,2600,4
4542,1061,3
4542,1103,5
4542,1128,3
4542,713,5
4542,2953,5
4542,2421,4
4542,3367,3
4545,702,2
4545,453,4
4545,1542,3
4551,1259,1
4551,1010,5
4551,1677,3
4551,77,3
4551,1077,4
4551,1093,1
4551,696,3
4551,2939,3
4551,1219,3
4551,3321,2
4557,2752,3
4557,850,5
4557,1010,5
4557,1031,5
4557,2815,3
4557,2298,5
4557,1698,4
4557,1077,5
4557,1117,4
4557,1128,5
4557,1146,4
4557,1156,4
4557,2477,5
4562,2753,3
4562,3095,4
4562,1010,5
4562,1048,5
4562,2927,3
4562,107,4
4566,3404,4
4566,2680,3
4566,557,5
4566,1815,5
4566,823,5
4566,827,4
4566,2128,2
4566,2750,5
4566,208,4
4566,246,4
4566,2527,4
4566,3418,3
4566,3420,4
4566,2565,3
4566,2569,4
4566,1844,3
4566,1031,4
4566,1859,4
4566,1048,4
4566,2772,4
4566,2815,3
4566,2822,3
4566,2832,2
4566,2838,5
4566,2249,3
4566,3124,3
4566,2279,3
4566,2297,2
4566,2298,5
4566,1681,5
4566,10,4
4566,18,2
4566,19,3
4566,3181,4
4566,335,3
4566,3210,4
4566,361,3
4566,2633,2
4566,2634,4
4566,91,4
4566,1095,3
4566,702,3
4566,1410,4
4566,2874,3
4566,1988,3
4566,1435,5
4566,2324,4
4566,2389,3
4566,3292,4
4566,1152,3
4566,1159,5
4566,470,4
4566,717,5
4566,2021,3
4566,2048,3
4566,1502,5
4566,1504,5
4566,109,3
4566,3002,3
4566,1537,4
4566,1542,2
4566,153,3
4566,2424,3
4566,1557,3
4566,911,4
4566,480,3
4566,1737,4
4566,1738,4
4566,1748,4
4566,3359,3
4566,1759,4
4566,1773,2
4567,5,5
4567,1266,3
4567,3048,5
4567,2514,3
4567,2565,4
4567,333,4
4567,348,4
4567,702,4
4567,1418,4
4567,1471,3
4567,2324,4
4567,2389,3
4567,430,4
4567,3305,2
4567,453,3
4567,1220,3
4567,1225,4
4567,1228,4
4567,2065,4
4569,5,4
4569,557,3
4569,3048,3
4569,1646,4
4569,319,3
4569,20,4
4569,336,5
4569,1410,4
4569,1985,4
4569,2324,4
4569,2389,4
4569,453,5
4569,1504,5
4569,107,4
4569,473,4
4569,523,4
4577,3404,4
4577,2675,4
4577,2680,3
4577,1800,3
4577,557,5
4577,1815,4
4577,1273,3
4577,805,5
4577,810,4
4577,811,4
4577,814,5
4577,822,5
4577,823,4
4577,824,5
4577,827,3
4577,828,3
4577,830,5
4577,836,4
4577,2750,5
4577,841,5
4577,2752,3
4577,845,5
4577,850,5
4577,857,3
4577,873,3
4577,2180,2
4577,1580,2
4577,208,3
4577,1599,2
4577,2492,2
4577,3089,4
4577,3090,5
4577,3095,4
4577,2499,3
4577,246,5
4577,2514,4
4577,2517,1
4577,3116,3
4577,978,5
4577,2541,5
4577,3413,2
4577,1001,4
4577,2565,3
4577,1010,5
4577,582,3
4577,1839,3
4577,3452,4
4577,1859,4
4577,626,3
4577,1334,3
4577,1920,5
4577,1921,3
4577,2813,5
4577,2816,4
4577,2819,5
4577,2822,3
4577,2247,2
4577,2249,4
4577,1646,3
4577,2269,5
4577,2279,4
4577,1664,3
4577,1666,4
4577,295,3
4577,3155,4
4577,2298,4
4577,1677,3
4577,1681,4
4577,319,3
4577,1692,4
4577,328,5
4577,3181,3
4577,330,4
4577,1705,3
4577,336,4
4577,2598,3
4577,1061,5
4577,71,5
4577,1077,3
4577,3509,4
4577,1090,5
4577,1095,4
4577,1100,5
4577,3530,4
4577,1103,4
4577,1117,4
4577,702,4
4577,1410,4
4577,1988,4
4577,1418,3
4577,2885,1
4577,2008,4
4577,1435,4
4577,2913,4
4577,2917,3
4577,1469,3
4577,1471,3
4577,2324,3
4577,1475,4
4577,1477,5
4577,2350,3
4577,3215,3
4577,3235,3
4577,3248,3
4577,430,5
4577,3283,4
4577,453,4
4577,1156,4
4577,1159,4
4577,465,4
4577,470,5
4577,1193,4
4577,1207,5
4577,1220,4
4577,2048,4
4577,1241,3
4577,2065,3
4577,2953,5
4577,1504,5
4577,2974,1
4577,1529,3
4577,3002,4
4577,3004,5
4577,2409,3
4577,1542,3
4577,157,3
4577,2421,5
4577,1552,2
4577,1557,4
4577,900,4
4577,911,3
4577,912,3
4577,473,3
4577,3338,4
4577,1737,4
4577,949,4
4577,1747,3
4577,1751,3
4577,951,3
4577,3367,3
4577,1759,4
4577,957,4
4577,523,4
4577,3389,5
4579,845,5
4579,1003,3
4579,1010,5
4579,1844,4
4579,2774,5
4579,1705,3
4579,336,3
4579,2598,4
4579,1074,5
4579,1077,5
4579,1117,4
4579,1146,3
4579,1459,1
4579,1159,3
4579,2093,1
4579,2094,1
4579,3002,3
4579,2425,3
4579,2477,5
4579,1737,4
4579,1738,3
4579,1748,4
4579,3367,4
4581,850,4
4581,3095,5
4581,2816,4
4581,336,4
4581,1117,2
4581,1128,3
4581,1156,4
4581,1492,3
4587,557,5
4587,2702,5
4587,3054,5
4587,1010,5
4587,1012,5
4587,1040,5
4587,1048,5
4587,20,4
4587,1077,4
4587,1117,5
4587,1151,5
4587,1429,3
4587,2917,4
4587,1469,5
4587,1152,5
4587,1159,5
4587,1234,5
4587,174,4
4587,473,5
4591,1803,4
4591,557,2
4591,1805,4
4591,2709,3
4591,2750,5
4591,2753,4
4591,2769,3
4591,2153,4
4591,2180,3
4591,3048,3
4591,246,4
4591,1627,3
4591,257,4
4591,3417,5
4591,1001,4
4591,1003,3
4591,3427,4
4591,3455,3
4591,1044,4
4591,1888,2
4591,2775,3
4591,1905,3
4591,2819,4
4591,2822,2
4591,2247,4
4591,1646,4
4591,2298,4
4591,1692,3
4591,20,3
4591,328,3
4591,3210,5
4591,1074,3
4591,3509,5
4591,1117,5
4591,1131,5
4591,1955,3
4591,1988,3
4591,1425,3
4591,2905,3
4591,2913,4
4591,1459,3
4591,1477,3
4591,3292,3
4591,1152,5
4591,1159,4
4591,465,3
4591,1207,4
4591,756,4
4591,2048,5
4591,1504,3
4591,2410,3
4591,473,3
4591,3355,3
4591,1748,3
4591,1759,1
4591,957,3
4591,533,3
4593,2693,4
4593,814,5
4593,3095,5
4593,1010,5
4593,1044,5
4593,1048,5
4593,1061,5
4593,1077,5
4593,1151,5
4593,1477,5
4593,456,4
4593,107,4
4593,3338,4
4593,1738,3
4593,1747,5
4594,814,4
4594,1294,2
4594,2132,3
4594,2133,2
4594,2161,5
4594,2180,3
4594,3043,4
4594,3054,4
4594,3086,4
4594,2491,3
4594,2503,3
4594,251,3
4594,2531,3
4594,1839,4
4594,1885,2
4594,1920,5
4594,2832,1
4594,2221,2
4594,3147,2
4594,2585,2
4594,3181,3
4594,330,3
4594,1705,5
4594,336,2
4594,2598,4
4594,1720,2
4594,1100,5
4594,702,3
4594,1985,4
4594,1420,3
4594,1469,4
4594,2337,1
4594,439,1
4594,3301,5
4594,1176,5
4594,717,3
4594,2111,1
4594,1529,4
4594,2425,2
4594,3024,2
4594,1737,4
4594,1742,4
4602,1815,4
4602,3054,2
4602,208,2
4602,3149,1
4602,1705,5
4602,2598,4
4602,1469,3
4602,2336,2
4602,2337,1
4602,1159,5
4602,1504,3
4602,1737,3
4602,1742,2
4602,3359,4
4605,3404,4
4605,2675,4
4605,5,4
4605,557,4
4605,2693,5
4605,1805,3
4605,814,3
4605,828,4
4605,2750,5
4605,850,4
4605,2153,4
4605,2170,2
4605,3048,4
4605,3054,4
4605,232,5
4605,3102,2
4605,2514,4
4605,1626,5
4605,1627,4
4605,257,4
4605,258,4
4605,2527,4
4605,3417,5
4605,2555,5
4605,2561,2
4605,576,2
4605,1010,5
4605,1839,4
4605,1844,5
4605,1035,5
4605,1048,5
4605,2775,4
4605,1334,4
4605,1920,4
4605,2813,3
4605,2815,4
4605,2838,5
4605,2845,4
4605,1646,4
4605,1659,3
4605,1662,2
4605,2297,4
4605,2298,5
4605,10,4
4605,314,3
4605,328,5
4605,3181,3
4605,1705,3
4605,336,3
4605,347,3
4605,1719,3
4605,53,4
4605,1061,5
4605,2632,5
4605,1072,4
4605,1077,5
4605,3509,5
4605,2652,4
4605,1090,3
4605,1095,4
4605,1100,5
4605,1103,4
4605,1117,5
4605,1128,4
4605,1146,5
4605,1151,5
4605,1435,3
4605,2913,4
4605,2917,4
4605,1469,5
4605,2324,3
4605,1477,3
4605,381,2
4605,3235,4
4605,3248,3
4605,2389,2
4605,430,5
4605,444,3
4605,3301,1
4605,1156,4
4605,1159,3
4605,470,4
4605,1166,4
4605,717,4
4605,1193,4
4605,2042,4
4605,2048,5
4605,1234,3
4605,1500,3
4605,107,5
4605,2424,3
4605,2469,3
4605,3338,5
4605,3348,3
4605,1747,5
4605,1748,3
4605,3359,4
4605,951,4
4605,523,4
4605,533,4
4610,2750,5
4610,246,3
4610,1859,3
4610,2324,2
4610,1477,3
4610,3235,3
4610,453,2
4610,456,4
4610,2048,4
4610,1504,3
4617,810,3
4617,811,3
4617,2752,3
4617,2180,4
4617,3083,1
4617,232,3
4617,598,3
4617,1035,4
4617,1905,5
4617,2838,1
4617,319,4
4617,336,2
4617,647,3
4617,1117,3
4617,710,1
4617,1435,3
4617,1475,5
4617,413,4
4617,442,2
4617,3292,3
4617,444,4
4617,1159,5
4617,1198,2
4617,1504,3
4617,1542,3
4617,152,3
4625,805,5
4625,810,3
4625,811,5
4625,828,4
4625,830,3
4625,2752,4
4625,2180,4
4625,2183,3
4625,2774,4
4625,3124,4
4625,2598,2
4625,1074,5
4625,1091,3
4625,1128,4
4625,1146,5
4625,1459,5
4625,3233,2
4625,1156,5
4625,1159,5
4625,1504,4
4625,3002,5
4625,951,2
4625,957,4
4626,2565,4
4626,2652,3
4627,2565,3
4627,1334,4
4627,2815,5
4627,2249,3
4627,1705,3
4627,2324,4
4627,2389,2
4627,462,4
4632,1800,5
4632,557,5
4632,2693,5
4632,2113,5
4632,2745,5
4632,3048,5
4632,3094,5
4632,3095,5
4632,1627,5
4632,2555,5
4632,1035,5
4632,2838,4
4632,3149,5
4632,2298,5
4632,1698,4
4632,1061,5
4632,2652,3
4632,1985,5
4632,2389,4
4632,1156,5
4632,163,5
4633,549,5
4633,2675,4
4633,1815,5
4633,1828,4
4633,814,5
4633,2752,4
4633,2753,5
4633,2161,3
4633,3048,4
4633,232,4
4633,2492,3
4633,1627,4
4633,258,2
4633,1858,3
4633,1358,4
4633,1368,2
4633,2838,3
4633,2249,2
4633,1646,4
4633,287,4
4633,1659,4
4633,2298,4
4633,10,4
4633,318,4
4633,1705,5
4633,335,3
4633,336,4
4633,2598,4
4633,347,3
4633,1719,4
4633,2630,3
4633,91,3
4633,1100,4
4633,1117,4
4633,706,3
4633,1986,3
4633,1471,4
4633,2324,3
4633,1477,4
4633,2336,4
4633,396,2
4633,2389,4
4633,414,3
4633,418,2
4633,1166,3
4633,1220,5
4633,1500,4
4633,1504,3
4633,1542,3
4633,2411,3
4633,2425,4
4633,3024,4
4633,912,4
4633,915,4
4633,473,4
4633,1748,4
4633,951,5
4633,522,3
4633,533,4
4635,1815,5
4635,823,4
4635,2745,4
4635,2133,4
4635,875,5
4635,3043,5
4635,1599,2
4635,2555,5
4635,1003,3
4635,2565,5
4635,1858,2
4635,1048,5
4635,2772,4
4635,2775,5
4635,2813,2
4635,2815,5
4635,2816,4
4635,2822,5
4635,2221,1
4635,2838,2
4635,2856,4
4635,2249,5
4635,3149,4
4635,295,3
4635,10,5
4635,319,5
4635,1692,5
4635,20,4
4635,2585,1
4635,2586,1
4635,1698,3
4635,335,2
4635,2598,4
4635,1707,2
4635,361,5
4635,1061,5
4635,77,4
4635,1117,5
4635,702,5
4635,710,2
4635,1986,4
4635,1988,5
4635,1435,3
4635,1469,4
4635,3248,3
4635,396,3
4635,3305,4
4635,453,4
4635,1159,4
4635,1204,3
4635,1211,4
4635,756,5
4635,2065,3
4635,101,3
4635,1504,4
4635,107,2
4635,3002,3
4635,153,4
4635,1557,5
4635,178,5
4635,900,4
4635,912,2
4635,2461,4
4635,487,5
4635,934,2
4635,1737,4
4635,1748,3
4635,523,4
4638,1815,4
4638,814,3
4638,2752,3
4638,1010,5
4638,1358,1
4638,1368,1
4638,3149,2
4638,2297,2
4638,1692,2
4638,1705,4
4638,333,4
4638,1061,1
4638,1117,1
4638,702,3
4638,1410,2
4638,2008,3
4638,1471,1
4638,2324,2
4638,3235,4
4638,430,4
4638,453,2
4638,1219,2
4638,1504,3
4638,1542,3
4638,172,1
4638,1737,4
4638,3351,1
4638,1742,1
4638,951,4
4638,523,3
4646,2565,4
4646,1010,5
4646,2838,5
4646,3155,2
4646,3181,4
4646,2324,4
4646,2370,4
4646,911,3
4657,557,5
4657,1815,4
4657,823,4
4657,828,5
4657,2752,4
4657,3048,3
4657,2492,4
4657,3101,5
4657,246,4
4657,251,5
4657,257,4
4657,1010,5
4657,582,5
4657,1859,5
4657,1048,4
4657,2775,4
4657,2815,4
4657,2247,2
4657,1681,5
4657,10,5
4657,319,4
4657,336,5
4657,702,5
4657,1410,4
4657,1985,5
4657,2905,5
4657,2913,2
4657,1477,4
4657,2370,4
4657,430,5
4657,453,4
4657,1159,5
4657,717,5
4657,719,5
4657,1198,4
4657,2065,4
4657,1504,5
4657,1542,3
4657,473,3
4657,957,4
4657,523,2
4659,5,4
4659,557,4
4659,2701,3
4659,2702,5
4659,2709,5
4659,2113,4
4659,2733,4
4659,2737,3
4659,3048,4
4659,3094,4
4659,2774,4
4659,3149,4
4659,20,4
4659,336,4
4659,348,3
4659,1071,3
4659,1100,4
4659,1146,4
4659,1151,5
4659,702,4
4659,1410,5
4659,2886,3
4659,1471,4
4659,2324,4
4659,3248,4
4659,430,4
4659,453,4
4659,1156,4
4659,2021,3
4659,2065,4
4659,107,5
4659,2980,3
4659,3004,4
4659,3016,3
4659,3338,4
4659,1737,5
4659,1738,4
4668,1815,2
4668,814,5
4668,1580,3
4668,2541,4
4668,2561,1
4668,576,2
4668,1010,5
4668,1839,3
4668,1031,4
4668,626,4
4668,2269,3
4668,347,3
4668,1077,4
4668,1471,2
4668,2324,4
4668,3248,3
4668,453,5
4668,739,3
4668,1219,3
4668,915,1
4668,2477,3
4668,1747,3
4668,523,5
4669,1266,5
4669,1297,3
4669,2752,4
4669,3048,3
4669,1580,4
4669,1602,5
4669,243,3
4669,3413,3
4669,2563,5
4669,1859,3
4669,1358,4
4669,1656,5
4669,1698,3
4669,336,4
4669,1117,4
4669,1133,4
4669,702,4
4669,710,4
4669,1418,4
4669,2008,5
4669,1471,4
4669,2324,4
4669,2336,3
4669,3248,4
4669,413,3
4669,3268,3
4669,430,4
4669,444,4
4669,3305,3
4669,453,5
4669,1156,4
4669,1159,5
4669,1166,4
4669,757,4
4669,1228,5
4669,765,5
4669,2065,4
4669,1504,3
4669,1542,4
4669,153,5
4669,1552,3
4669,1737,4
4669,3348,4
4669,1738,4
4669,1748,5
4671,3404,5
4671,2680,3
4671,557,5
4671,1815,4
4671,1828,3
4671,814,2
4671,2733,3
4671,2737,3
4671,2745,4
4671,2750,3
4671,2132,3
4671,2133,3
4671,2752,4
4671,2753,5
4671,2769,3
4671,3043,3
4671,3048,5
4671,2186,2
4671,1580,1
4671,2491,4
4671,2514,2
4671,3121,5
4671,2541,3
4671,3418,3
4671,2555,4
4671,576,4
4671,2569,3
4671,1035,5
4671,1040,4
4671,1048,5
4671,1885,5
4671,1888,3
4671,2774,4
4671,2796,3
4671,2813,5
4671,2815,5
4671,2816,5
4671,1358,4
4671,2822,5
4671,2838,3
4671,2845,1
4671,2856,4
4671,2858,4
4671,1646,4
4671,1656,3
4671,3149,5
4671,3155,4
4671,2297,4
4671,2298,5
4671,20,3
4671,3181,5
4671,1698,5
4671,336,5
4671,347,4
4671,1074,3
4671,92,3
4671,1091,5
4671,1117,4
4671,1128,4
4671,1146,4
4671,702,4
4671,1985,5
4671,1420,4
4671,2886,4
4671,2008,4
4671,1435,5
4671,2902,5
4671,2905,5
4671,1459,3
4671,1469,5
4671,1471,1
4671,2324,5
4671,1477,4
4671,2943,3
4671,3235,5
4671,3248,3
4671,2389,1
4671,430,5
4671,453,4
4671,1152,4
4671,1156,5
4671,470,3
4671,1166,4
4671,1188,4
4671,1193,1
4671,1198,5
4671,1219,3
4671,1228,4
4671,2048,4
4671,765,4
4671,2065,5
4671,2961,4
4671,1504,4
4671,107,4
4671,153,4
4671,157,3
4671,172,3
4671,473,4
4671,3332,4
4671,3338,5
4671,1737,5
4671,1738,3
4671,1748,4
4671,3359,5
4671,951,4
4671,957,5
4671,3389,4
4677,2565,2
4677,1334,3
4677,2813,1
4677,2815,3
4677,2838,4
4677,2297,3
4677,2298,3
4677,2048,4
4677,2410,2
4677,2424,2
4679,2693,5
4679,2180,3
4679,3048,3
4679,3054,5
4679,208,4
4679,232,2
4679,1010,5
4679,1035,5
4679,1040,3
4679,1048,4
4679,1905,3
4679,2298,4
4679,1692,2
4679,20,4
4679,1705,4
4679,2598,4
4679,2612,5
4679,1091,5
4679,1957,3
4679,1151,4
4679,1435,4
4679,2913,3
4679,3233,4
4679,1159,3
4679,717,5
4679,2048,1
4679,1502,3
4679,1557,5
4679,3332,4
4679,951,4
4679,957,3
4679,533,5
4681,1786,1
4681,557,5
4681,1828,3
4681,814,3
4681,2133,5
4681,1358,4
4681,2630,2
4681,2008,3
4681,2324,2
4681,2336,3
4681,2337,1
4681,1504,2
4681,2111,1
4681,2410,1
4681,1742,2
4688,2709,4
4688,814,3
4688,243,4
4688,2221,4
4688,336,4
4688,1730,5
4688,1117,3
4688,702,5
4688,710,4
4688,2885,5
4688,2917,4
4688,2324,3
4688,2389,5
4688,453,5
4702,557,2
4702,1828,1
4702,814,2
4702,838,3
4702,2132,3
4702,2133,2
4702,2753,1
4702,850,4
4702,3043,1
4702,1580,1
4702,2503,3
4702,262,1
4702,978,1
4702,2531,2
4702,3423,2
4702,1839,3
4702,1858,1
4702,1859,2
4702,1883,1
4702,626,3
4702,2815,3
4702,1358,2
4702,2247,2
4702,2858,2
4702,2269,4
4702,1656,2
4702,318,1
4702,319,3
4702,330,3
4702,348,4
4702,702,2
4702,713,1
4702,2309,3
4702,2927,2
4702,1471,1
4702,2324,2
4702,2943,3
4702,2336,2
4702,413,3
4702,430,5
4702,3283,3
4702,453,4
4702,719,2
4702,1204,2
4702,1219,3
4702,2065,2
4702,779,1
4702,1504,2
4702,107,1
4702,2111,4
4702,1529,3
4702,2410,1
4702,1552,3
4702,900,2
4702,911,3
4702,912,4
4702,915,3
4702,473,2
4702,480,2
4702,1737,2
4702,1748,2
4702,951,2
4702,523,2
4705,1010,4
4705,1646,2
4705,2298,4
4705,319,5
4705,336,2
4705,1103,3
4705,1117,4
4705,1469,2
4705,2324,3
4705,1504,2
4705,2424,1
4705,523,4
4706,5,4
4706,557,4
4706,2693,5
4706,814,4
4706,2122,3
4706,2132,3
4706,2133,3
4706,2752,3
4706,845,5
4706,875,3
4706,3048,3
4706,208,5
4706,232,5
4706,2491,3
4706,2503,2
4706,1627,4
4706,3121,5
4706,265,3
4706,978,5
4706,2555,5
4706,2561,3
4706,576,4
4706,1010,4
4706,582,3
4706,1839,4
4706,3455,4
4706,1035,4
4706,1048,5
4706,1049,5
4706,2774,4
4706,2775,3
4706,1905,5
4706,2813,5
4706,2815,4
4706,2816,4
4706,2838,4
4706,2279,5
4706,1659,5
4706,3149,3
4706,2298,5
4706,20,4
4706,1698,4
4706,1705,4
4706,2598,5
4706,1719,3
4706,1074,5
4706,2652,4
4706,1117,4
4706,1128,5
4706,1955,3
4706,1146,5
4706,1985,4
4706,2885,2
4706,1435,4
4706,2324,3
4706,1475,3
4706,1477,4
4706,2336,3
4706,2337,2
4706,3248,3
4706,414,4
4706,430,3
4706,3283,4
4706,444,4
4706,453,3
4706,1156,5
4706,1159,4
4706,470,4
4706,717,5
4706,1219,3
4706,1220,3
4706,2065,3
4706,1502,5
4706,2088,3
4706,1504,3
4706,107,5
4706,1528,3
4706,3002,4
4706,2425,3
4706,915,3
4706,1737,5
4706,3348,3
4706,1738,4
4706,1751,3
4706,951,4
4706,3367,4
4706,533,5
4708,3417,5
4708,1049,1
4708,2623,4
4708,1133,5
4708,1156,4
4708,1759,5
4712,1261,3
4712,2702,5
4712,2753,3
4712,3054,1
4712,3090,4
4712,3094,3
4712,3095,4
4712,1035,3
4712,1048,4
4712,2813,2
4712,1061,5
4712,1071,2
4712,1090,4
4712,696,5
4712,2862,3
4712,717,3
4712,2953,4
4712,3002,3
4712,3338,4
4733,1800,3
4733,1260,3
4733,805,4
4733,2733,4
4733,845,4
4733,2178,4
4733,3102,3
4733,1035,4
4733,330,4
4733,1100,4
4733,1128,5
4733,1957,4
4733,702,3
4733,2904,3
4733,1156,5
4733,465,3
4733,717,4
4733,107,5
4733,152,4
4733,3338,4
4733,949,4
4734,5,5
4734,557,4
4734,1828,2
4734,1273,3
4734,814,3
4734,2733,3
4734,1294,5
4734,878,3
4734,3089,4
4734,3095,4
4734,3101,4
4734,3102,5
4734,251,4
4734,2527,4
4734,2555,3
4734,1010,4
4734,1858,1
4734,1859,1
4734,629,4
4734,2774,3
4734,2813,4
4734,2815,4
4734,2816,5
4734,1358,2
4734,1659,5
4734,10,2
4734,330,3
4734,1705,2
4734,333,2
4734,336,3
4734,347,1
4734,348,3
4734,363,4
4734,71,4
4734,92,2
4734,2652,4
4734,1117,4
4734,1128,5
4734,679,3
4734,1151,5
4734,702,3
4734,1410,1
4734,1985,4
4734,1988,4
4734,1420,4
4734,2913,4
4734,1471,2
4734,2324,3
4734,1475,5
4734,1477,3
4734,381,4
4734,2389,3
4734,430,2
4734,3305,2
4734,1166,4
4734,719,2
4734,1220,3
4734,2048,5
4734,779,3
4734,781,1
4734,1500,2
4734,101,3
4734,1504,1
4734,107,4
4734,1529,3
4734,2409,1
4734,1542,4
4734,153,3
4734,157,1
4734,1552,4
4734,172,2
4734,473,3
4734,3338,5
4735,2693,5
4735,3054,5
4735,1839,5
4735,1044,5
4735,2774,4
4735,3149,2
4735,1072,1
4735,1074,4
4735,1091,5
4735,1151,5
4735,1469,4
4735,3292,3
4735,1159,5
4735,2082,3
4735,1548,3
4740,2680,4
4740,5,4
4740,1260,3
4740,814,4
4740,828,5
4740,850,4
4740,3054,4
4740,3102,2
4740,265,4
4740,2555,5
4740,2565,3
4740,1844,2
4740,1920,5
4740,2815,3
4740,1358,3
4740,2221,3
4740,2838,3
4740,2255,2
4740,1656,2
4740,3149,3
4740,1662,3
4740,2297,4
4740,2586,2
4740,330,3
4740,1706,2
4740,1707,2
4740,1719,4
4740,1720,3
4740,1061,5
4740,92,3
4740,2652,3
4740,1934,5
4740,1133,5
4740,1410,3
4740,1985,4
4740,2917,2
4740,2389,3
4740,430,4
4740,1166,3
4740,1188,4
4740,1220,3
4740,2065,3
4740,1500,2
4740,153,2
4740,1737,2
4740,1738,2
4750,1792,3
4750,828,4
4750,1117,4
4750,413,4
4750,1159,5
4750,470,5
4753,3395,5
4753,875,5
4753,3121,5
4753,1698,5
4753,1151,5
4753,1435,4
4753,2048,5
4753,2424,5
4761,1294,5
4761,208,5
4761,1048,4
4761,1117,5
4761,2324,4
4761,414,3
4761,1504,4
4761,3002,2
4761,3338,5
4761,3389,4
4762,1815,4
4762,2752,4
4762,1469,5
4762,1159,5
4765,875,4
4765,2517,2
4765,1001,5
4765,2565,2
4765,1334,2
4765,1646,4
4765,2298,4
4765,1698,4
4765,1504,3
4770,805,5
4770,811,5
4770,814,5
4770,823,4
4770,838,5
4770,845,3
4770,873,4
4770,1040,3
4770,1061,5
4770,1071,4
4770,1091,3
4770,2862,4
4770,1469,5
4770,430,5
4770,1152,4
4770,1159,5
4770,107,4
4770,3332,4
4771,2752,4
4771,2143,4
4771,1858,3
4771,2815,5
4771,1358,4
4771,336,5
4771,3188,3
4771,71,5
4771,1117,4
4771,702,5
4771,1410,4
4771,1418,4
4771,2008,3
4771,2324,5
4771,1475,4
4771,430,4
4771,2048,5
4771,2065,4
4771,2461,4
4771,1737,5
4774,3048,3
4774,336,5
4774,2598,4
4774,1985,5
4774,430,5
4774,453,4
4774,1211,5
4778,814,3
4778,828,5
4778,2178,4
4778,3095,5
4778,3102,5
4778,2555,4
4778,1044,4
4778,1920,4
4778,1659,5
4778,1681,5
4778,1100,4
4778,1128,5
4778,1469,4
4778,430,5
4778,1156,4
4778,1188,4
4778,107,5
4778,163,5
4778,3338,5
4786,1786,2
4786,2709,3
4786,1828,3
4786,2143,4
4786,2769,2
4786,2161,4
4786,2180,3
4786,3054,3
4786,1580,4
4786,243,2
4786,2517,1
4786,576,4
4786,1839,4
4786,1858,3
4786,3129,2
4786,287,2
4786,3147,3
4786,3149,4
4786,307,4
4786,1705,4
4786,336,5
4786,2598,4
4786,347,4
4786,1128,4
4786,1146,4
4786,702,5
4786,706,4
4786,710,3
4786,1459,3
4786,2309,3
4786,1471,3
4786,2336,2
4786,400,3
4786,2389,3
4786,430,3
4786,3301,3
4786,3305,3
4786,453,4
4786,1159,3
4786,1211,3
4786,1220,4
4786,757,3
4786,101,4
4786,2093,2
4786,2425,4
4786,3024,1
4786,172,3
4786,473,3
4786,2469,4
4786,1737,4
4786,3348,3
4786,1742,2
4786,1748,5
4786,951,3
4786,3367,2
4786,3375,2
4786,523,4
4796,2752,2
4796,2170,3
4796,1580,1
4796,3102,5
4796,576,3
4796,582,4
4796,626,5
4796,2772,2
4796,2815,4
4796,3149,2
4796,20,3
4796,2584,5
4796,2652,2
4796,702,3
4796,1435,5
4796,2324,3
4796,381,4
4796,3248,2
4796,400,4
4796,2389,3
4796,453,2
4796,1166,4
4796,1219,2
4796,757,1
4796,1504,4
4796,1737,4
4796,1738,4
4796,1748,3
4796,1759,3
4799,2694,3
4799,2122,5
4799,2133,5
4799,2170,5
4799,3048,5
4799,1576,5
4799,1580,4
4799,2491,4
4799,1888,5
4799,1358,5
4799,2221,5
4799,1656,5
4799,3149,5
4799,19,3
4799,2585,5
4799,1706,5
4799,336,5
4799,43,5
4799,92,3
4799,702,5
4799,710,5
4799,1985,5
4799,2927,5
4799,1471,5
4799,2324,5
4799,2336,5
4799,2337,5
4799,2389,4
4799,430,5
4799,439,5
4799,3305,5
4799,453,5
4799,1166,5
4799,1225,5
4799,2076,5
4799,1500,5
4799,153,5
4799,1548,5
4799,2425,4
4799,1737,5
4799,1738,5
4799,1748,5
4805,811,4
4805,814,4
4805,2555,2
4805,1010,4
4805,1048,4
4805,1920,3
4805,1091,3
4805,1100,2
4805,1117,5
4805,1146,4
4805,2881,1
4805,2904,4
4805,1469,4
4805,1228,4
4805,2048,4
4805,107,1
4805,3002,4
4806,2680,3
4806,5,3
4806,557,3
4806,2701,3
4806,1815,4
4806,1266,3
4806,2709,3
4806,1828,4
4806,1273,3
4806,805,3
4806,814,3
4806,2113,3
4806,2128,4
4806,2132,3
4806,2752,3
4806,2143,4
4806,1319,2
4806,2161,3
4806,2180,3
4806,878,3
4806,3043,3
4806,3048,3
4806,2186,3
4806,3050,3
4806,3054,3
4806,1576,3
4806,1580,4
4806,3066,3
4806,208,3
4806,3072,3
4806,1602,3
4806,2491,3
4806,2492,3
4806,3095,3
4806,243,3
4806,2503,3
4806,3102,3
4806,251,4
4806,3106,3
4806,2514,4
4806,1627,3
4806,2523,3
4806,3121,3
4806,2527,4
4806,983,3
4806,2555,3
4806,2563,5
4806,2565,3
4806,576,3
4806,1010,4
4806,582,4
4806,1839,5
4806,597,3
4806,1852,3
4806,1858,3
4806,1859,3
4806,1049,3
4806,618,3
4806,626,2
4806,2774,3
4806,2775,3
4806,1334,3
4806,1358,3
4806,2819,4
4806,1368,2
4806,2831,3
4806,2835,3
4806,2221,3
4806,2841,3
4806,2856,3
4806,2247,3
4806,2249,3
4806,2255,1
4806,1646,5
4806,2269,4
4806,1656,4
4806,3147,4
4806,3149,4
4806,2289,2
4806,2298,2
4806,307,3
4806,10,3
4806,318,3
4806,18,2
4806,1692,3
4806,19,3
4806,1698,3
4806,1705,5
4806,333,5
4806,335,3
4806,336,4
4806,2598,4
4806,43,4
4806,347,3
4806,348,5
4806,1719,4
4806,1730,2
4806,373,3
4806,69,3
4806,2633,3
4806,1074,4
4806,1077,5
4806,92,3
4806,2650,2
4806,1117,3
4806,1128,3
4806,679,3
4806,1954,3
4806,1146,4
4806,702,4
4806,706,3
4806,710,3
4806,1410,3
4806,1985,3
4806,1986,3
4806,1418,3
4806,1430,3
4806,2008,4
4806,1435,3
4806,1438,4
4806,2902,3
4806,2904,3
4806,2905,4
4806,2917,3
4806,1459,4
4806,2309,3
4806,1469,3
4806,1471,4
4806,2324,5
4806,1477,3
4806,2370,5
4806,3235,5
4806,3248,3
4806,2389,3
4806,413,3
4806,423,3
4806,430,3
4806,3283,4
4806,3301,3
4806,3305,4
4806,453,3
4806,460,3
4806,462,3
4806,1156,4
4806,1159,3
4806,470,3
4806,1166,2
4806,1176,3
4806,719,3
4806,1188,3
4806,1204,3
4806,739,3
4806,743,3
4806,747,4
4806,1219,3
4806,1220,3
4806,757,3
4806,1225,3
4806,765,5
4806,2065,3
4806,779,1
4806,2077,3
4806,2082,4
4806,2084,3
4806,1500,3
4806,2088,3
4806,101,3
4806,1504,4
4806,1521,3
4806,1529,2
4806,3002,3
4806,2409,4
4806,1542,3
4806,153,3
4806,2410,3
4806,157,4
4806,2424,2
4806,2425,3
4806,168,3
4806,172,4
4806,911,3
4806,912,3
4806,473,3
4806,487,3
4806,2488,1
4806,1737,4
4806,3348,4
4806,1738,3
4806,3351,3
4806,1742,4
4806,1748,3
4806,1753,3
4806,951,4
4806,520,3
4806,523,4
4806,529,3
4808,5,5
4808,1266,4
4808,1828,3
4808,2752,2
4808,1580,3
4808,1339,3
4808,1358,2
4808,2838,4
4808,1656,3
4808,1659,5
4808,3149,4
4808,1662,1
4808,307,1
4808,1705,4
4808,333,3
4808,3210,5
4808,1074,5
4808,92,2
4808,702,2
4808,710,2
4808,1410,4
4808,1471,1
4808,2324,3
4808,2366,3
4808,3235,4
4808,2389,2
4808,430,3
4808,3305,2
4808,453,3
4808,1166,4
4808,739,3
4808,1219,4
4808,1220,2
4808,1225,2
4808,1228,2
4808,779,2
4808,157,4
4808,172,2
4808,477,4
4808,1737,4
4808,1738,3
4808,1742,3
4808,1748,4
4808,951,1
4817,1803,4
4817,557,5
4817,1805,5
4817,1260,4
4817,1815,5
4817,1273,4
4817,2128,3
4817,2133,3
4817,2143,5
4817,2157,5
4817,2161,4
4817,875,4
4817,2180,5
4817,3048,5
4817,2183,3
4817,1580,4
4817,3066,4
4817,208,3
4817,3087,2
4817,1599,2
4817,232,2
4817,2491,3
4817,251,5
4817,2514,1
4817,257,2
4817,258,5
4817,265,5
4817,2531,5
4817,983,2
4817,1003,5
4817,2565,5
4817,582,4
4817,1844,3
4817,1852,3
4817,600,4
4817,1858,3
4817,1040,5
4817,618,3
4817,619,3
4817,1883,3
4817,629,5
4817,2772,4
4817,2775,5
4817,1334,4
4817,2815,5
4817,1358,4
4817,2247,2
4817,2255,3
4817,3124,5
4817,1646,5
4817,3147,3
4817,3149,4
4817,295,3
4817,307,3
4817,10,4
4817,18,4
4817,2585,4
4817,1698,5
4817,1705,5
4817,335,4
4817,2598,4
4817,347,4
4817,3198,2
4817,361,4
4817,363,5
4817,2630,4
4817,2633,4
4817,1074,4
4817,2652,3
4817,679,4
4817,702,5
4817,706,4
4817,710,4
4817,2874,4
4817,2008,4
4817,1435,4
4817,1438,4
4817,2902,4
4817,2904,5
4817,1457,5
4817,1459,5
4817,2927,5
4817,1469,5
4817,1471,4
4817,1477,5
4817,3215,5
4817,2370,3
4817,392,2
4817,3248,4
4817,423,5
4817,430,4
4817,3301,1
4817,462,3
4817,1159,4
4817,1176,3
4817,719,5
4817,1198,4
4817,1204,5
4817,739,1
4817,747,4
4817,1220,4
4817,1241,2
4817,2065,5
4817,2082,4
4817,2093,3
4817,2094,2
4817,2111,5
4817,1529,5
4817,2409,4
4817,153,5
4817,2424,4
4817,2425,5
4817,3024,4
4817,172,5
4817,912,3
4817,473,5
4817,1737,5
4817,3348,5
4817,1738,4
4817,1742,5
4817,1748,4
4817,1759,5
4817,957,3
4822,1803,4
4822,557,5
4822,1805,4
4822,1815,4
4822,2178,4
4822,3054,5
4822,208,5
4822,251,4
4822,262,4
4822,3428,2
4822,1040,4
4822,1048,5
4822,1357,5
4822,1358,1
4822,2822,2
4822,2247,4
4822,3149,3
4822,2297,2
4822,2298,4
4822,10,3
4822,1705,5
4822,336,4
4822,2598,4
4822,1117,2
4822,1955,3
4822,1146,4
4822,702,2
4822,710,2
4822,1985,5
4822,1429,3
4822,2008,4
4822,2905,4
4822,1469,4
4822,2324,2
4822,3292,4
4822,453,4
4822,1159,4
4822,465,3
4822,1219,4
4822,756,4
4822,101,2
4822,107,4
4822,912,3
4822,1759,4
4826,1815,5
4826,2180,3
4826,3066,3
4826,1859,5
4826,1888,4
4826,319,4
4826,333,3
4826,336,5
4826,1117,3
4826,710,3
4826,1435,2
4826,1469,3
4826,413,4
4826,470,4
4826,1504,3
4826,1542,5
4826,522,3
4841,2693,5
4841,2153,5
4841,3048,3
4841,232,4
4841,3121,3
4841,1001,5
4841,1040,4
4841,1048,4
4841,2819,4
4841,3129,4
4841,1681,4
4841,1692,3
4841,1698,3
4841,2600,5
4841,1090,5
4841,1132,4
4841,1151,4
4841,2862,3
4841,2913,4
4841,1469,3
4841,3292,3
4841,453,3
4841,1152,5
4841,717,4
4841,1207,5
4841,1502,4
4841,107,4
4841,3002,4
4841,2421,5
4842,2752,2
4842,1677,5
4842,1117,2
4842,2324,4
4842,2048,4
4847,557,4
4847,1815,4
4847,814,5
4847,2752,3
4847,208,3
4847,3089,4
4847,2514,4
4847,2565,4
4847,1048,3
4847,2775,4
4847,1334,3
4847,2815,5
4847,2298,4
4847,1698,5
4847,1705,5
4847,336,5
4847,2598,5
4847,348,4
4847,1061,4
4847,1117,4
4847,1410,4
4847,1985,5
4847,1459,4
4847,1469,4
4847,2324,4
4847,453,5
4847,719,4
4847,2048,3
4847,2409,4
4847,3024,3
4847,473,4
4847,3359,4
4849,2249,3
4849,3155,3
4849,2370,3
4853,557,3
4853,1273,2
4853,823,4
4853,2122,4
4853,2752,1
4853,2555,4
4853,1858,3
4853,1859,3
4853,626,5
4853,1327,4
4853,1358,1
4853,1646,4
4853,319,3
4853,18,3
4853,336,3
4853,43,3
4853,347,1
4853,348,3
4853,373,2
4853,86,3
4853,1074,2
4853,1117,3
4853,1955,3
4853,702,3
4853,710,2
4853,1410,1
4853,1985,4
4853,2008,3
4853,2324,5
4853,1477,5
4853,2389,3
4853,403,1
4853,430,4
4853,444,2
4853,453,5
4853,470,3
4853,1198,2
4853,1211,2
4853,1220,4
4853,2048,3
4853,101,5
4853,1504,3
4853,2093,1
4853,2094,1
4853,2424,2
4853,172,3
4853,912,3
4853,473,3
4853,3348,4
4853,1748,1
4853,951,2
4853,523,2
4853,529,1
4855,1260,3
4855,1048,4
4855,1358,4
4855,20,4
4855,1705,3
4855,702,3
4855,1471,1
4855,2324,3
4855,2389,1
4855,430,3
4855,453,4
4855,1188,3
4855,2065,3
4856,3404,4
4856,2693,4
4856,805,4
4856,814,5
4856,845,4
4856,1048,5
4856,629,5
4856,2815,5
4856,2816,5
4856,289,4
4856,3155,4
4856,10,2
4856,3509,4
4856,1469,4
4856,2389,3
4856,1156,5
4856,107,4
4856,3002,4
4859,2675,4
4859,557,4
4859,814,5
4859,2752,4
4859,2178,4
4859,3048,5
4859,3090,5
4859,3427,5
4859,3455,4
4859,1031,5
4859,1048,5
4859,1920,4
4859,2815,3
4859,1358,3
4859,1646,3
4859,289,5
4859,1659,4
4859,1692,5
4859,328,5
4859,1410,1
4859,1418,3
4859,2008,5
4859,2905,4
4859,2326,5
4859,3235,3
4859,453,3
4859,717,2
4859,1188,4
4859,1193,5
4859,1211,2
4859,2065,4
4859,2953,5
4859,1504,3
4859,1542,4
4859,3359,1
4871,3395,5
4871,1048,5
4871,10,2
4871,1100,5
4871,2324,5
4871,3338,5
4871,3359,1
4876,1815,3
4876,3090,4
4876,10,4
4876,336,4
4876,347,3
4876,1146,2
4876,1156,5
4876,107,2
4876,473,5
4879,1844,4
4879,2279,4
4893,2680,5
4893,2530,3
4893,1001,5
4893,2565,5
4893,1656,3
4893,307,3
4893,1706,3
4893,702,5
4893,2943,4
4893,430,5
4893,1737,4
4893,1738,3
4893,951,5
4902,2675,5
4902,5,4
4902,557,5
4902,2709,5
4902,1828,4
4902,805,4
4902,814,5
4902,838,4
4902,2753,5
4902,2769,5
4902,2161,3
4902,3054,4
4902,1580,5
4902,208,5
4902,3089,5
4902,3094,5
4902,3095,5
4902,257,5
4902,2541,5
4902,576,5
4902,1012,5
4902,1839,5
4902,1031,5
4902,1035,5
4902,1044,4
4902,1048,5
4902,2774,4
4902,2815,4
4902,1358,5
4902,2819,5
4902,2822,4
4902,2216,5
4902,2845,5
4902,3149,5
4902,1662,3
4902,295,4
4902,1672,5
4902,2298,4
4902,307,5
4902,318,4
4902,1692,5
4902,328,4
4902,1698,5
4902,1705,4
4902,2598,3
4902,347,5
4902,1071,5
4902,1091,5
4902,1934,5
4902,1117,4
4902,1131,5
4902,1132,5
4902,1133,5
4902,1151,5
4902,702,5
4902,710,3
4902,2886,3
4902,2913,5
4902,1471,5
4902,2324,5
4902,1477,4
4902,2336,4
4902,2337,4
4902,2359,4
4902,3233,4
4902,2374,5
4902,3248,4
4902,400,5
4902,2389,4
4902,430,4
4902,3305,5
4902,453,5
4902,1156,5
4902,1159,5
4902,1166,5
4902,1219,5
4902,757,4
4902,2048,5
4902,765,3
4902,2065,4
4902,779,4
4902,129,3
4902,3016,5
4902,172,4
4902,1737,4
4902,1747,5
4902,1748,5
4902,523,5
4902,533,4
4902,3389,5
4903,557,3
4903,805,5
4903,814,4
4903,2733,3
4903,838,3
4903,1048,3
4903,1705,3
4903,1061,5
4903,2652,2
4903,1132,4
4903,1146,4
4903,2904,3
4903,2324,3
4903,2048,4
4903,1737,2
4905,557,3
4905,810,4
4905,811,2
4905,823,4
4905,2750,5
4905,838,4
4905,845,3
4905,3089,4
4905,3095,5
4905,1035,3
4905,1048,4
4905,629,4
4905,2819,3
4905,2247,3
4905,2269,5
4905,3149,2
4905,1698,4
4905,336,4
4905,2598,1
4905,1090,3
4905,1117,3
4905,1128,5
4905,1985,5
4905,1988,4
4905,1998,4
4905,1459,2
4905,453,4
4905,1152,4
4905,1156,5
4905,756,5
4905,107,4
4905,473,4
4905,957,4
4927,805,5
4927,2752,4
4927,2561,1
4927,1920,4
4927,1681,5
4927,1090,5
4927,1100,4
4927,2324,4
4927,2346,5
4927,2421,5
4931,2684,3
4931,814,3
4931,823,5
4931,824,5
4931,2747,2
4931,2753,3
4931,2180,3
4931,3054,4
4931,208,4
4931,3418,5
4931,3420,5
4931,1010,5
4931,593,4
4931,597,3
4931,1027,5
4931,1031,3
4931,626,5
4931,629,3
4931,1334,3
4931,2247,3
4931,1659,4
4931,293,3
4931,3153,3
4931,1672,3
4931,306,3
4931,2298,5
4931,20,3
4931,2598,3
4931,347,4
4931,3210,5
4931,1071,4
4931,3503,3
4931,1074,4
4931,3509,4
4931,1095,3
4931,1100,5
4931,1117,4
4931,1943,4
4931,1131,3
4931,1133,5
4931,1146,4
4931,702,1
4931,1435,4
4931,2913,3
4931,2927,3
4931,2324,2
4931,1475,1
4931,3235,4
4931,400,4
4931,3266,3
4931,413,4
4931,430,2
4931,1159,4
4931,470,3
4931,717,4
4931,1193,5
4931,1219,4
4931,2048,3
4931,1492,2
4931,1502,3
4931,107,3
4931,3004,4
4931,152,3
4931,2421,5
4931,1554,4
4931,473,2
4931,2477,5
4931,1747,4
4931,3367,4
4931,1761,4
4934,1001,5
4934,1048,5
4934,629,2
4934,1128,2
4939,1266,1
4939,836,3
4939,2752,3
4939,2815,4
4939,2838,2
4939,2652,1
4939,2324,4
4939,439,4
4939,107,4
4942,1836,3
4942,2324,5
4942,1747,4
4944,557,3
4944,2709,3
4944,805,4
4944,810,3
4944,811,3
4944,814,5
4944,823,5
4944,824,2
4944,828,4
4944,838,4
4944,850,3
4944,2178,2
4944,232,5
4944,3089,5
4944,3094,4
4944,3101,5
4944,251,4
4944,1010,4
4944,1920,3
4944,2298,2
4944,1681,4
4944,2598,2
4944,347,4
4944,348,4
4944,2600,5
4944,1719,2
4944,1077,4
4944,1100,2
4944,1117,4
4944,2904,2
4944,2917,2
4944,1469,5
4944,2324,2
4944,430,4
4944,3292,4
4944,1156,3
4944,465,4
4944,470,4
4944,717,5
4944,1193,4
4944,2953,5
4944,107,3
4944,3002,5
4944,3004,4
4944,152,3
4944,2477,5
4944,3338,4
4944,951,4
4944,1761,2
4959,557,5
4959,2113,3
4959,2733,3
4959,2745,5
4959,3057,3
4959,2491,3
4959,2503,1
4959,3102,3
4959,2555,4
4959,3439,3
4959,1035,3
4959,1048,3
4959,2249,4
4959,3149,3
4959,336,3
4959,1719,4
4959,363,3
4959,2630,3
4959,1117,2
4959,1128,3
4959,1146,3
4959,1151,5
4959,702,3
4959,1410,3
4959,1985,5
4959,1469,2
4959,2366,4
4959,3248,2
4959,430,5
4959,1156,4
4959,1159,5
4959,3002,3
4959,3004,4
4959,153,3
4959,1737,5
4959,1738,4
4959,1742,3
4984,1031,5
4984,453,3
4984,2065,4
4992,2709,5
4992,1828,4
4992,805,5
4992,1294,5
4992,2161,2
4992,2186,5
4992,3102,5
4992,2527,3
4992,1839,2
4992,2815,3
4992,2819,5
4992,1662,4
4992,318,4
4992,679,4
4992,1146,5
4992,702,3
4992,710,4
4992,1985,5
4992,1459,4
4992,1471,5
4992,2324,3
4992,3248,4
4992,2389,4
4992,3305,4
4992,453,3
4992,1156,5
4992,1166,5
4992,172,4
4992,3332,5
4992,3338,5
4992,1748,4
4992,3367,5
4993,3404,2
4993,2675,2
4993,5,3
4993,557,3
4993,2694,3
4993,814,4
4993,2753,4
4993,1310,3
4993,875,3
4993,3054,4
4993,208,4
4993,232,3
4993,3102,3
4993,1627,3
4993,257,3
4993,3417,3
4993,1010,4
4993,586,3
4993,1031,4
4993,1035,4
4993,2775,3
4993,1357,4
4993,2815,3
4993,3149,3
4993,295,3
4993,2298,4
4993,307,4
4993,314,4
4993,20,5
4993,328,4
4993,333,2
4993,336,3
4993,2598,4
4993,347,4
4993,3210,3
4993,2632,3
4993,1071,4
4993,1072,4
4993,92,3
4993,1090,3
4993,1103,4
4993,1128,3
4993,1146,3
4993,2862,3
4993,1985,3
4993,2008,3
4993,1435,5
4993,2913,5
4993,1475,5
4993,3235,3
4993,429,5
4993,3292,3
4993,444,4
4993,1159,4
4993,470,4
4993,717,5
4993,2065,3
4993,1504,3
4993,152,3
4993,163,4
4993,480,3
4993,3332,3
4993,3338,3
4993,934,3
4993,1737,3
4993,3348,3
4999,1815,5
4999,2702,2
4999,810,5
4999,811,5
4999,814,4
4999,823,4
4999,841,4
4999,2753,5
4999,856,4
4999,2180,4
4999,3048,4
4999,251,3
4999,257,3
4999,2541,5
4999,1010,5
4999,1859,5
4999,1354,3
4999,2269,5
4999,1664,5
4999,1672,5
4999,10,4
4999,319,5
4999,1705,5
4999,333,3
4999,336,3
4999,347,4
4999,361,4
4999,1061,3
4999,2630,3
4999,1074,3
4999,1077,5
4999,1117,4
4999,1469,3
4999,2324,4
4999,1475,5
4999,3235,5
4999,3283,4
4999,442,3
4999,1159,4
4999,470,4
4999,2048,2
4999,915,5
4999,951,5
4999,523,5
5001,1358,4
5001,330,5
5001,702,5
5001,1471,5
5001,2324,5
5001,2389,4
5001,3305,5
5001,453,5
5001,1166,5
5001,2065,5
5001,1504,5
5003,557,4
5003,1815,3
5003,2709,4
5003,814,3
5003,2733,3
5003,2132,3
5003,2769,2
5003,2153,2
5003,2178,3
5003,2180,4
5003,2492,3
5003,3089,4
5003,3094,4
5003,251,4
5003,1626,3
5003,1627,2
5003,257,4
5003,265,3
5003,2541,2
5003,2555,4
5003,1003,2
5003,2561,3
5003,2565,4
5003,2569,4
5003,586,1
5003,1836,5
5003,1839,2
5003,597,3
5003,1035,3
5003,1858,4
5003,1048,5
5003,1885,3
5003,2815,3
5003,2816,4
5003,2819,4
5003,2835,3
5003,2247,4
5003,2298,4
5003,10,4
5003,1692,4
5003,20,3
5003,330,3
5003,336,5
5003,348,4
5003,363,3
5003,2623,4
5003,1061,5
5003,76,3
5003,2630,2
5003,1128,4
5003,1146,5
5003,702,4
5003,1410,4
5003,1986,3
5003,2904,5
5003,1469,3
5003,1471,2
5003,2324,2
5003,1477,3
5003,2943,3
5003,2336,3
5003,2366,3
5003,392,3
5003,430,4
5003,1156,4
5003,717,3
5003,1220,3
5003,2048,4
5003,1241,3
5003,2065,3
5003,1492,3
5003,2082,3
5003,1504,1
5003,2111,3
5003,3002,4
5003,1542,4
5003,157,3
5003,168,2
5003,900,2
5003,911,3
5003,915,2
5003,473,4
5003,3332,3
5003,1748,2
5003,957,3
5003,523,3
5003,3389,4
5005,2753,5
5005,1010,5
5005,1077,5
5005,3235,4
5011,814,3
5011,2752,2
5011,978,4
5011,2555,4
5011,1048,5
5011,2815,3
5011,1705,3
5011,2598,3
5011,1072,5
5011,1100,4
5011,1133,4
5011,2324,3
5011,1156,3
5011,107,4
5011,3002,4
5017,811,5
5017,814,4
5017,823,4
5017,2752,2
5017,3048,3
5017,3054,3
5017,3095,4
5017,978,3
5017,2555,4
5017,1048,3
5017,2774,3
5017,3149,1
5017,1681,3
5017,1705,2
5017,2598,4
5017,1090,2
5017,1091,3
5017,1117,2
5017,1146,4
5017,1151,4
5017,1410,2
5017,2324,1
5017,430,4
5017,1193,2
5017,2065,2
5017,1737,3
5017,1747,3
5033,1815,5
5033,828,4
5033,2752,3
5033,850,4
5033,2161,4
5033,2180,3
5033,3054,3
5033,3120,3
5033,983,3
5033,2774,4
5033,2838,4
5033,2297,3
5033,10,5
5033,319,4
5033,20,3
5033,1705,5
5033,335,4
5033,336,5
5033,347,4
5033,348,4
5033,1074,5
5033,92,4
5033,1146,3
5033,702,4
5033,710,3
5033,1410,4
5033,2917,2
5033,1459,4
5033,2324,5
5033,2336,5
5033,2337,4
5033,423,3
5033,430,4
5033,453,4
5033,1159,5
5033,1219,5
5033,1220,4
5033,2065,4
5033,2084,3
5033,2093,3
5033,2425,3
5033,172,4
5033,473,3
5033,1737,4
5033,3348,4
5033,1738,4
5033,1748,4
5033,951,5
5033,3367,2
5034,3064,1
5034,2527,4
5034,2565,3
5034,1334,3
5034,2838,4
5034,2584,3
5034,2389,2
5034,2410,3
5034,3016,4
5042,1815,4
5042,2737,2
5042,2180,4
5042,208,4
5042,3121,5
5042,1003,4
5042,1040,5
5042,2775,4
5042,2815,2
5042,2298,5
5042,1692,5
5042,1698,4
5042,1705,5
5042,2598,4
5042,2630,3
5042,1091,5
5042,1117,5
5042,1151,5
5042,2862,4
5042,1469,4
5042,3292,3
5042,1152,5
5042,1156,3
5042,1159,5
5042,1207,5
5042,107,4
5042,3348,1
5042,951,4
5042,1759,4
5042,957,4
5045,5,5
5045,557,4
5045,2693,4
5045,2143,1
5045,2178,4
5045,2180,4
5045,3048,4
5045,3054,4
5045,208,3
5045,232,4
5045,3102,5
5045,257,5
5045,260,2
5045,265,4
5045,1035,5
5045,1858,4
5045,1334,4
5045,1339,3
5045,1358,3
5045,1656,2
5045,287,3
5045,1659,5
5045,2298,5
5045,10,4
5045,18,1
5045,20,5
5045,328,3
5045,336,4
5045,347,3
5045,2633,2
5045,1074,3
5045,1117,4
5045,679,3
5045,1132,4
5045,702,3
5045,1410,3
5045,1435,4
5045,1471,2
5045,2389,3
5045,413,5
5045,430,4
5045,440,3
5045,444,4
5045,453,4
5045,1159,3
5045,1166,3
5045,717,5
5045,1220,2
5045,757,3
5045,2048,5
5045,2065,3
5045,1496,1
5045,1502,5
5045,101,1
5045,1504,3
5045,1542,1
5045,2410,2
5045,3024,1
5045,487,4
5045,3338,5
5045,1737,2
5045,1738,2
5045,1748,3
5045,957,3
5045,533,3
5046,2180,4
5046,3048,5
5046,2772,5
5046,3124,5
5046,1681,5
5046,10,5
5046,1061,5
5046,1151,4
5046,1469,5
5046,1156,5
5046,1159,5
5046,1504,5
5046,957,4
5054,1815,4
5054,2709,5
5054,1828,5
5054,805,5
5054,810,5
5054,828,4
5054,850,5
5054,2769,4
5054,2180,5
5054,3090,5
5054,1003,4
5054,1839,4
5054,1844,4
5054,1334,5
5054,1358,4
5054,10,4
5054,319,5
5054,20,5
5054,1705,5
5054,336,5
5054,347,5
5054,348,5
5054,1074,5
5054,1091,5
5054,1117,5
5054,1128,4
5054,679,4
5054,1146,5
5054,702,4
5054,710,4
5054,1459,3
5054,2324,4
5054,2336,4
5054,2337,3
5054,3248,4
5054,413,4
5054,1156,5
5054,1159,4
5054,470,5
5054,1219,5
5054,2048,5
5054,2953,5
5054,101,5
5054,3002,5
5054,1542,4
5054,1737,4
5054,1748,4
5054,951,5
5054,957,5
5057,2680,4
5057,5,5
5057,1260,3
5057,2170,4
5057,3102,4
5057,2514,3
5057,2527,4
5057,1035,4
5057,2815,4
5057,1358,5
5057,2584,4
5057,333,5
5057,347,5
5057,1719,3
5057,92,3
5057,655,5
5057,1410,3
5057,1418,4
5057,2370,5
5057,2389,4
5057,3283,3
5057,3305,3
5057,1166,4
5057,1186,2
5057,1188,5
5057,765,2
5057,2065,4
5057,1552,3
5057,172,2
5064,814,5
5064,1048,5
5064,1151,5
5064,2324,5
5064,1193,2
5068,549,4
5068,5,4
5068,1803,4
5068,557,5
5068,2693,3
5068,2694,3
5068,1815,1
5068,1828,1
5068,805,3
5068,814,4
5068,2122,3
5068,2132,4
5068,2178,4
5068,2180,3
5068,3048,4
5068,3054,5
5068,208,4
5068,3095,4
5068,3102,5
5068,1627,5
5068,3418,3
5068,1003,2
5068,1010,5
5068,1839,4
5068,1027,5
5068,1035,3
5068,1040,3
5068,1048,5
5068,618,4
5068,626,4
5068,2774,4
5068,2775,3
5068,1358,2
5068,2819,5
5068,2833,2
5068,2279,4
5068,289,4
5068,295,2
5068,2298,5
5068,307,3
5068,18,1
5068,1692,4
5068,20,3
5068,327,2
5068,328,5
5068,1698,4
5068,1705,4
5068,336,2
5068,2598,5
5068,43,1
5068,1072,4
5068,1074,4
5068,1077,5
5068,92,1
5068,1095,3
5068,1117,5
5068,1128,4
5068,1146,3
5068,702,3
5068,710,3
5068,2871,4
5068,1996,2
5068,1435,4
5068,2917,4
5068,1459,4
5068,2927,3
5068,1471,2
5068,2324,1
5068,1475,4
5068,3248,3
5068,414,5
5068,422,4
5068,423,1
5068,430,3
5068,444,2
5068,453,3
5068,1152,5
5068,1159,4
5068,465,2
5068,1166,3
5068,717,5
5068,1219,4
5068,1220,3
5068,2042,5
5068,2048,3
5068,2949,2
5068,1502,4
5068,2088,2
5068,101,3
5068,2974,3
5068,3002,4
5068,1542,3
5068,152,5
5068,163,4
5068,2424,3
5068,2425,3
5068,174,4
5068,487,3
5068,1737,3
5068,3348,3
5068,951,4
5068,523,4
5068,533,5
5077,814,4
5077,2752,4
5077,1048,4
5077,2815,4
5077,1698,3
5077,1705,3
5077,1151,5
5077,2324,5
5077,107,4
5077,3002,3
5077,1557,4
5077,3321,3
5077,477,4
5080,549,5
5080,2113,3
5080,2747,4
5080,841,3
5080,845,5
5080,3048,3
5080,3054,2
5080,208,3
5080,232,2
5080,3089,5
5080,3090,5
5080,2541,2
5080,2555,2
5080,1012,5
5080,1027,3
5080,1031,4
5080,1048,2
5080,629,2
5080,2775,3
5080,289,4
5080,2298,5
5080,20,3
5080,2598,4
5080,71,3
5080,1071,4
5080,1090,4
5080,1091,5
5080,1095,4
5080,1117,4
5080,1131,4
5080,1132,4
5080,1133,5
5080,1957,5
5080,1146,3
5080,1151,4
5080,1435,2
5080,2913,4
5080,1469,3
5080,1477,2
5080,3233,4
5080,403,4
5080,444,4
5080,456,3
5080,1156,3
5080,470,2
5080,1207,4
5080,2048,3
5080,3016,3
5080,2477,5
5080,951,3
5083,557,5
5083,805,5
5083,810,5
5083,814,4
5083,823,5
5083,2113,3
5083,2733,5
5083,2737,4
5083,828,4
5083,845,5
5083,850,4
5083,873,5
5083,3048,4
5083,3094,5
5083,3095,5
5083,3101,5
5083,978,5
5083,1048,4
5083,629,5
5083,2774,4
5083,2819,5
5083,1681,5
5083,1692,4
5083,20,5
5083,328,4
5083,1698,4
5083,336,5
5083,2598,5
5083,348,4
5083,1061,5
5083,1117,4
5083,1146,5
5083,1985,5
5083,2905,4
5083,1475,4
5083,1477,3
5083,2943,4
5083,453,4
5083,1156,5
5083,1159,5
5083,3002,5
5083,3004,5
5083,1737,4
5084,557,4
5084,810,3
5084,814,4
5084,823,4
5084,232,3
5084,1627,3
5084,1035,3
5084,1048,4
5084,1920,4
5084,2298,4
5084,2598,4
5084,1061,5
5084,2630,1
5084,1117,3
5084,1146,5
5084,1151,5
5084,1469,4
5084,3292,4
5084,1156,5
5084,2048,4
5084,1502,4
5084,107,5
5084,3002,2
5084,3321,3
5084,2477,5
5084,533,4
5093,2753,5
5093,845,4
5093,1048,5
5093,1049,4
5093,1061,5
5093,1071,5
5093,1128,5
5093,1132,5
5093,2881,5
5093,2324,4
5093,107,4
5094,2122,2
5094,2128,3
5094,841,3
5094,2161,1
5094,3054,3
5094,208,4
5094,232,3
5094,2491,5
5094,576,2
5094,1839,2
5094,1852,4
5094,2774,5
5094,2819,4
5094,2858,4
5094,2249,3
5094,1659,5
5094,3149,3
5094,2298,5
5094,307,1
5094,314,5
5094,20,3
5094,1698,3
5094,1705,4
5094,2598,5
5094,2634,3
5094,1146,5
5094,1151,5
5094,702,1
5094,1985,5
5094,1435,4
5094,2309,2
5094,3292,4
5094,1159,4
5094,717,5
5094,779,1
5094,2084,2
5094,2088,2
5094,2410,1
5094,2425,2
5094,3024,1
5094,2477,4
5094,1738,3
5094,957,5
5094,1773,3
5094,3389,4
5102,2815,4
5102,2822,4
5102,2838,3
5102,1698,4
5102,336,5
5102,2324,3
5102,430,5
5108,3094,5
5108,1048,5
5108,2815,5
5108,336,4
5108,1071,4
5108,1151,4
5109,549,5
5109,1803,3
5109,557,2
5109,2693,4
5109,2694,5
5109,1815,5
5109,805,5
5109,810,5
5109,814,5
5109,1286,1
5109,822,5
5109,823,5
5109,1297,4
5109,2128,3
5109,2132,4
5109,850,4
5109,2143,3
5109,2769,3
5109,873,5
5109,3043,2
5109,3048,5
5109,3054,5
5109,3087,2
5109,232,5
5109,3094,3
5109,3101,5
5109,3102,5
5109,1618,4
5109,246,3
5109,248,2
5109,251,3
5109,1626,2
5109,1627,4
5109,257,2
5109,258,4
5109,3121,5
5109,978,5
5109,983,3
5109,2541,4
5109,2555,4
5109,1001,5
5109,1003,4
5109,2561,5
5109,1012,5
5109,586,4
5109,592,4
5109,1844,3
5109,1846,3
5109,1027,2
5109,600,3
5109,1031,3
5109,1035,4
5109,1040,5
5109,1048,5
5109,618,4
5109,629,5
5109,2772,3
5109,2775,4
5109,1334,5
5109,1920,5
5109,2813,4
5109,2819,5
5109,2835,2
5109,2856,2
5109,2247,2
5109,3123,5
5109,1646,5
5109,2269,4
5109,287,2
5109,289,1
5109,295,4
5109,3153,2
5109,306,4
5109,10,3
5109,319,4
5109,20,2
5109,328,4
5109,1698,5
5109,1705,4
5109,336,5
5109,2598,3
5109,347,3
5109,2600,4
5109,3198,2
5109,3200,4
5109,53,3
5109,2612,4
5109,2623,2
5109,71,5
5109,1071,3
5109,1074,4
5109,89,1
5109,94,1
5109,1090,4
5109,1117,5
5109,1131,4
5109,1151,4
5109,710,5
5109,2862,4
5109,1985,4
5109,2871,5
5109,2874,4
5109,1988,4
5109,1425,3
5109,1996,5
5109,1435,4
5109,2902,4
5109,2904,3
5109,2913,5
5109,1459,3
5109,2927,4
5109,1469,3
5109,1477,2
5109,2943,4
5109,3215,4
5109,3247,5
5109,2389,5
5109,413,3
5109,414,2
5109,425,2
5109,430,4
5109,442,2
5109,3292,4
5109,1152,5
5109,1156,2
5109,1158,4
5109,1159,4
5109,1166,2
5109,717,4
5109,1188,5
5109,739,3
5109,1207,3
5109,1211,4
5109,1212,4
5109,2048,5
5109,1492,5
5109,2082,2
5109,1504,4
5109,107,5
5109,3002,5
5109,2421,5
5109,2424,1
5109,3024,3
5109,1558,4
5109,183,2
5109,2448,2
5109,3321,5
5109,473,5
5109,3332,4
5109,2477,2
5109,934,3
5109,3348,2
5109,1747,4
5109,1751,4
5109,951,5
5109,1759,2
5109,957,3
5109,533,5
5114,2816,5
5114,2838,4
5114,2298,3
5114,1698,4
5114,1117,5
5121,2128,3
5121,2752,4
5121,2143,4
5121,246,3
5121,1859,3
5121,2772,4
5121,2813,3
5121,2815,5
5121,3124,4
5121,3155,4
5121,3181,4
5121,2652,3
5121,1459,4
5121,3235,4
5121,3248,4
5121,1156,5
5121,757,2
5121,2961,2
5121,1737,4
5121,1738,3
5121,3359,2
5124,1815,4
5124,3054,4
5124,208,5
5124,246,3
5124,1334,3
5124,1357,3
5124,2249,4
5124,2298,4
5124,10,4
5124,1698,4
5124,1705,4
5124,336,4
5124,2598,4
5124,2652,3
5124,1117,4
5124,1985,4
5124,1435,5
5124,1459,5
5124,1475,4
5124,413,4
5124,414,5
5124,423,4
5124,1159,4
5124,470,4
5124,717,5
5124,1188,3
5124,1504,3
5124,1737,4
5125,1828,4
5125,3149,3
5125,679,1
5125,702,3
5125,2324,3
5125,1158,4
5125,1219,2
5125,520,2
5130,805,4
5130,823,5
5130,850,5
5130,3095,4
5130,319,2
5130,1061,5
5130,1071,5
5130,1090,5
5130,1132,5
5130,1151,4
5130,2913,5
5130,453,2
5130,107,5
5130,109,3
5130,3338,5
5134,5,4
5134,2694,3
5134,1266,4
5134,2178,4
5134,208,4
5134,232,2
5134,2514,4
5134,265,4
5134,626,4
5134,2775,4
5134,2247,3
5134,1659,3
5134,3149,3
5134,2298,4
5134,20,4
5134,1698,5
5134,330,4
5134,1705,5
5134,336,4
5134,2598,4
5134,347,3
5134,1077,4
5134,1095,3
5134,1117,5
5134,679,4
5134,1151,5
5134,702,2
5134,2874,4
5134,1420,4
5134,1435,3
5134,2902,3
5134,2905,5
5134,2927,3
5134,1471,4
5134,1477,3
5134,453,4
5134,470,4
5134,719,4
5134,1188,3
5134,1219,4
5134,1220,2
5134,2048,4
5134,101,5
5134,473,3
5134,487,4
5134,522,3
5148,1339,3
5148,10,3
5148,1117,5
5148,413,5
5148,3292,2
5148,470,5
5148,3348,3
5151,1786,1
5151,557,3
5151,2693,4
5151,1815,2
5151,805,4
5151,828,3
5151,2122,2
5151,2128,3
5151,2132,3
5151,2180,3
5151,3048,3
5151,3050,5
5151,3054,4
5151,3066,3
5151,3095,5
5151,3102,5
5151,3121,4
5151,978,3
5151,1836,3
5151,1844,3
5151,1846,5
5151,1031,2
5151,1048,5
5151,2774,4
5151,2775,4
5151,2813,4
5151,2819,4
5151,2833,3
5151,2835,3
5151,2856,3
5151,2247,4
5151,3124,5
5151,3129,3
5151,1656,3
5151,3147,4
5151,10,3
5151,20,4
5151,328,3
5151,1698,3
5151,1705,5
5151,333,3
5151,335,2
5151,336,3
5151,2598,5
5151,347,4
5151,1061,5
5151,2630,2
5151,2633,2
5151,1074,5
5151,91,5
5151,1117,4
5151,1128,4
5151,1146,5
5151,706,2
5151,710,3
5151,1985,4
5151,1986,3
5151,2874,3
5151,1435,4
5151,2905,4
5151,1469,4
5151,3248,2
5151,413,3
5151,3292,3
5151,3299,2
5151,1152,3
5151,1156,5
5151,1159,4
5151,470,3
5151,754,4
5151,756,4
5151,1492,4
5151,1496,2
5151,2084,2
5151,1504,4
5151,107,4
5151,2974,4
5151,3002,4
5151,1542,3
5151,2425,2
5151,172,3
5151,473,3
5151,3332,3
5151,2469,5
5151,1737,4
5151,3348,2
5151,1738,4
5151,1748,4
5151,1753,2
5151,951,4
5154,557,5
5154,2693,5
5154,1815,4
5154,814,5
5154,2132,4
5154,2180,4
5154,3050,4
5154,208,4
5154,3089,4
5154,3120,4
5154,3121,5
5154,2555,4
5154,1003,4
5154,576,5
5154,1846,4
5154,1027,3
5154,1040,5
5154,1048,5
5154,2772,4
5154,2774,5
5154,2835,4
5154,2838,4
5154,2269,2
5154,3147,3
5154,1659,3
5154,3149,3
5154,2298,5
5154,20,4
5154,1698,3
5154,1705,5
5154,336,5
5154,2598,5
5154,3200,5
5154,1074,5
5154,1117,5
5154,702,3
5154,710,4
5154,1435,1
5154,1459,5
5154,1469,5
5154,1471,3
5154,1475,3
5154,2943,5
5154,430,4
5154,3299,3
5154,3305,3
5154,453,4
5154,1156,5
5154,1159,5
5154,1188,4
5154,2048,4
5154,2065,4
5154,2082,4
5154,1504,5
5154,107,5
5154,163,4
5154,1737,4
5154,1748,3
5154,951,5
5154,523,3
5157,814,5
5157,2324,4
5157,3359,2
5162,805,5
5162,2733,4
5162,2815,4
5162,1681,4
5162,2630,1
5162,1071,4
5162,1128,5
5162,1146,5
5162,1151,5
5162,1156,5
5162,2980,4
5162,3332,5
5170,1803,4
5170,805,4
5170,811,4
5170,814,5
5170,828,3
5170,2750,4
5170,845,4
5170,2143,2
5170,2161,1
5170,3043,4
5170,3048,4
5170,3054,4
5170,208,3
5170,3094,4
5170,1627,4
5170,2523,4
5170,2541,4
5170,1001,4
5170,1010,3
5170,586,5
5170,1839,2
5170,1027,3
5170,1035,5
5170,1858,4
5170,3470,3
5170,1040,5
5170,1044,5
5170,1048,4
5170,629,3
5170,1327,3
5170,1334,4
5170,1357,3
5170,1358,4
5170,2247,3
5170,3123,3
5170,2269,3
5170,2279,4
5170,287,3
5170,289,4
5170,295,4
5170,3155,2
5170,2298,5
5170,307,3
5170,314,4
5170,1692,3
5170,20,4
5170,328,3
5170,1698,3
5170,1705,3
5170,336,3
5170,2598,4
5170,1061,5
5170,1077,3
5170,3509,4
5170,1091,5
5170,1117,4
5170,1131,4
5170,1957,4
5170,702,3
5170,2862,5
5170,1985,3
5170,1996,3
5170,2008,2
5170,1435,3
5170,1471,2
5170,2324,2
5170,3235,3
5170,3248,2
5170,413,3
5170,430,4
5170,3292,4
5170,444,3
5170,453,3
5170,1159,4
5170,465,3
5170,470,4
5170,717,4
5170,747,4
5170,1220,3
5170,1228,3
5170,1234,4
5170,2065,4
5170,107,4
5170,3002,2
5170,1542,3
5170,2425,3
5170,473,2
5170,3332,4
5170,2477,4
5170,3338,5
5170,1748,3
5170,951,2
5170,1764,3
5170,957,3
5173,2752,3
5173,1048,5
5173,2815,5
5173,2822,4
5173,2324,2
5173,1159,4
5173,2048,5
5173,487,3
5173,3359,3
5174,2563,5
5174,626,3
5174,1705,2
5174,2324,5
5174,1220,3
5180,557,4
5180,1815,5
5180,827,4
5180,875,4
5180,3043,4
5180,3066,3
5180,208,5
5180,1618,3
5180,2514,4
5180,2555,4
5180,1844,3
5180,1859,4
5180,2775,3
5180,2816,4
5180,2245,2
5180,1642,4
5180,3147,3
5180,3155,4
5180,2298,4
5180,10,4
5180,18,3
5180,2584,3
5180,1705,4
5180,333,3
5180,336,5
5180,2598,4
5180,2630,3
5180,1074,4
5180,91,4
5180,706,3
5180,1410,5
5180,1985,4
5180,2871,4
5180,2008,4
5180,1435,4
5180,2904,3
5180,2917,5
5180,2389,4
5180,430,5
5180,1156,5
5180,1188,4
5180,1211,3
5180,757,4
5180,2048,3
5180,1234,4
5180,1492,4
5180,153,5
5180,2425,3
5180,1748,4
5183,557,3
5183,1266,3
5183,1273,3
5183,1297,2
5183,2186,4
5183,3050,4
5183,3054,4
5183,983,4
5183,2555,4
5183,1844,3
5183,1858,3
5183,1048,5
5183,2813,3
5183,2831,3
5183,2245,3
5183,1666,4
5183,10,4
5183,18,1
5183,330,3
5183,1705,4
5183,333,3
5183,1061,5
5183,1074,3
5183,1128,4
5183,1955,4
5183,706,3
5183,2862,4
5183,1410,4
5183,2882,4
5183,2008,3
5183,2904,5
5183,2917,3
5183,398,3
5183,400,3
5183,2389,3
5183,413,4
5183,1156,4
5183,1211,4
5183,1220,3
5183,761,4
5183,3002,3
5183,152,3
5183,153,3
5183,948,3
5183,1748,4
5183,1753,4
5183,1761,3
5183,1767,3
5192,3054,4
5192,2774,3
5192,1334,2
5192,2297,3
5192,1074,4
5192,1117,3
5192,1146,4
5192,429,4
5192,430,4
5192,1159,4
5192,1737,4
5192,3348,4
5193,2702,4
5193,823,4
5193,850,4
5193,1920,5
5193,1681,5
5193,314,4
5193,1077,4
5193,1100,5
5193,1128,4
5193,1146,5
5193,1156,4
5193,107,5
5195,1800,3
5195,557,4
5195,2709,3
5195,2113,3
5195,2745,5
5195,873,3
5195,3094,5
5195,582,4
5195,2772,3
5195,1920,5
5195,2813,4
5195,3124,5
5195,348,5
5195,3198,3
5195,363,4
5195,1100,5
5195,3215,3
5195,3233,4
5195,3248,4
5195,3265,4
5195,1156,4
5195,3004,5
5195,1738,5
5195,948,4
5195,949,5
5195,957,4
5197,2565,4
5197,1048,4
5197,2598,4
5197,1074,3
5197,1117,3
5197,442,4
5197,453,4
5197,719,5
5197,2410,3
5197,1737,5
5209,1815,3
5209,1839,3
5209,1031,4
5209,2598,5
5209,1074,4
5209,1091,5
5209,702,3
5209,1459,4
5209,2389,3
5209,3292,4
5209,3301,2
5209,453,3
5209,1152,5
5209,1159,4
5209,1748,2
5219,1001,3
5219,330,5
5219,1128,4
5219,107,5
5219,3332,4
5222,2565,3
5222,1048,5
5222,2048,2
5222,2410,2
5222,3016,3
5223,557,2
5223,1266,3
5223,1294,4
5223,2752,3
5223,2143,4
5223,208,5
5223,1626,5
5223,1627,4
5223,1637,3
5223,576,3
5223,1839,4
5223,626,3
5223,2838,4
5223,1659,5
5223,1662,5
5223,307,3
5223,3180,1
5223,336,3
5223,2598,4
5223,347,3
5223,1100,5
5223,706,3
5223,2008,2
5223,1435,3
5223,1471,1
5223,2324,3
5223,1477,5
5223,2389,4
5223,3268,4
5223,3272,4
5223,453,3
5223,470,4
5223,1193,3
5223,1211,1
5223,1220,3
5223,765,2
5223,1500,3
5223,1528,2
5223,3004,3
5223,172,3
5223,1747,3
5223,1748,2
5223,3367,4
5223,523,5
5225,1266,1
5225,1273,2
5225,2133,3
5225,2752,4
5225,2161,3
5225,1580,3
5225,2565,2
5225,1839,3
5225,1339,3
5225,1358,5
5225,1656,5
5225,3149,5
5225,318,3
5225,333,5
5225,43,3
5225,69,2
5225,2633,3
5225,92,4
5225,702,5
5225,710,2
5225,1410,5
5225,1418,2
5225,1427,2
5225,1471,3
5225,2324,3
5225,3305,5
5225,757,2
5225,1225,5
5225,2065,5
5225,1500,1
5225,1529,2
5225,153,1
5225,2410,2
5225,1552,5
5225,1737,3
5225,3348,3
5225,1738,3
5225,1748,5
5249,557,3
5249,805,5
5249,810,4
5249,811,4
5249,814,4
5249,2750,4
5249,2752,3
5249,2753,5
5249,208,4
5249,257,3
5249,2523,3
5249,1010,4
5249,3455,5
5249,1859,4
5249,1040,4
5249,1048,4
5249,2775,3
5249,289,4
5249,10,4
5249,319,4
5249,20,4
5249,1719,1
5249,1720,1
5249,1721,1
5249,1077,4
5249,1117,5
5249,1146,4
5249,710,1
5249,1985,3
5249,1435,4
5249,2913,3
5249,2324,2
5249,1477,4
5249,3235,2
5249,413,5
5249,430,3
5249,453,3
5249,1159,4
5249,470,4
5249,717,4
5249,1507,5
5249,152,3
5249,473,3
5259,2693,2
5259,2694,2
5259,2753,4
5259,3048,3
5259,1839,1
5259,1035,3
5259,1048,5
5259,1698,4
5259,702,5
5259,1410,4
5259,1418,2
5259,1469,3
5259,453,3
5259,1152,4
5259,1219,2
5259,152,4
5259,3016,4
5259,2421,3
5259,1737,3
5259,1738,2
5262,2693,4
5262,814,4
5262,2752,4
5262,3102,4
5262,1010,4
5262,1048,5
5262,2774,4
5262,18,2
5262,20,3
5262,1698,4
5262,1705,4
5262,2598,4
5262,1072,4
5262,1117,4
5262,1146,5
5262,1151,4
5262,1410,4
5262,1459,3
5262,2324,2
5262,1477,5
5262,430,5
5262,453,3
5262,1504,3
5262,1542,4
5262,1737,3
5262,3348,4
5262,1748,4
5262,951,4
5264,3048,4
5264,1128,5
5264,717,3
5268,2170,2
5268,3087,2
5268,2491,1
5268,3089,2
5268,3102,5
5268,576,3
5268,1839,3
5268,1035,4
5268,3149,3
5268,347,5
5268,702,1
5268,2324,5
5268,381,4
5268,3247,5
5268,3248,5
5268,1158,3
5268,1166,3
5268,1193,3
5268,2409,1
5268,2424,4
5268,1748,3
5269,5,4
5269,557,4
5269,2693,4
5269,805,5
5269,810,4
5269,811,5
5269,823,4
5269,827,4
5269,828,5
5269,836,3
5269,2752,3
5269,2753,5
5269,845,3
5269,2180,4
5269,3048,4
5269,3054,4
5269,232,4
5269,2491,4
5269,1604,4
5269,3101,4
5269,251,3
5269,978,5
5269,1010,5
5269,1012,4
5269,1035,4
5269,1858,3
5269,1859,3
5269,1040,4
5269,2772,4
5269,2775,2
5269,1357,3
5269,2822,3
5269,2856,4
5269,289,4
5269,3149,4
5269,306,3
5269,2298,3
5269,1681,4
5269,10,3
5269,319,2
5269,3180,1
5269,1698,3
5269,333,2
5269,336,3
5269,2598,4
5269,347,2
5269,1719,3
5269,3210,4
5269,2623,4
5269,1061,5
5269,1072,4
5269,1074,4
5269,647,3
5269,1132,5
5269,1985,3
5269,1435,4
5269,1469,5
5269,1477,3
5269,2326,3
5269,413,4
5269,430,4
5269,1152,5
5269,1156,5
5269,1159,4
5269,470,3
5269,717,4
5269,1220,4
5269,2048,4
5269,765,4
5269,2065,3
5269,2949,3
5269,1502,4
5269,107,4
5269,1537,1
5269,1542,3
5269,152,4
5269,1737,4
5269,1738,4
5269,951,4
5269,533,5
5276,2680,2
5276,1828,1
5276,2752,4
5276,1010,5
5276,1839,2
5276,1859,4
5276,626,5
5276,2813,3
5276,2815,2
5276,3149,4
5276,1681,5
5276,347,1
5276,702,4
5276,710,2
5276,1471,4
5276,2336,1
5276,2366,4
5276,3233,5
5276,3248,2
5276,400,4
5276,453,3
5276,1156,5
5276,1159,5
5276,1219,5
5276,757,4
5276,779,2
5276,1500,2
5276,172,4
5276,1738,3
5276,1748,4
5276,3359,1
5281,1786,4
5281,2675,4
5281,557,3
5281,1815,3
5281,2702,5
5281,814,4
5281,2132,4
5281,2133,4
5281,2161,3
5281,1580,4
5281,2541,4
5281,1010,5
5281,1012,3
5281,1836,3
5281,1839,5
5281,1031,5
5281,626,5
5281,1905,3
5281,1358,3
5281,1646,4
5281,1659,5
5281,3149,4
5281,307,3
5281,318,1
5281,3181,3
5281,1705,4
5281,2598,3
5281,43,2
5281,348,4
5281,3210,1
5281,1071,5
5281,1074,4
5281,1077,4
5281,1100,5
5281,702,3
5281,710,3
5281,2324,2
5281,2336,5
5281,2337,3
5281,3235,4
5281,3248,4
5281,2389,2
5281,3301,2
5281,3305,4
5281,453,4
5281,1159,4
5281,1166,3
5281,1219,3
5281,1220,4
5281,779,2
5281,2077,4
5281,2088,2
5281,2111,3
5281,911,4
5281,1742,5
5281,949,3
5281,1747,3
5281,1748,4
5282,5,5
5282,557,5
5282,251,5
5282,2541,4
5282,1839,2
5282,1048,4
5282,347,3
5282,363,4
5282,1151,4
5282,1985,4
5282,2324,5
5282,3301,2
5282,1159,4
5282,1557,4
5282,951,4
5295,2247,5
5295,430,5
5295,453,3
5295,2065,5
5295,1529,5
5296,1839,5
5296,1358,5
5296,3180,2
5296,702,4
5296,1471,1
5296,2336,1
5296,3248,3
5296,1219,4
5296,1748,4
5298,549,3
5298,814,4
5298,2753,4
5298,3054,5
5298,3095,5
5298,2517,2
5298,1626,4
5298,3417,5
5298,1010,5
5298,1031,5
5298,1035,4
5298,1858,4
5298,1044,5
5298,1048,5
5298,1049,4
5298,618,4
5298,2813,2
5298,2815,4
5298,2816,3
5298,2838,3
5298,287,4
5298,2297,3
5298,2298,4
5298,20,2
5298,328,4
5298,1705,3
5298,2598,4
5298,343,5
5298,347,2
5298,1071,4
5298,3509,4
5298,2652,3
5298,1091,3
5298,1095,5
5298,1100,5
5298,1117,5
5298,1128,5
5298,1131,5
5298,1146,4
5298,1151,5
5298,1996,5
5298,1459,4
5298,2324,2
5298,2389,4
5298,414,5
5298,3288,5
5298,444,4
5298,465,5
5298,1492,5
5298,107,5
5298,1528,4
5298,3002,4
5298,163,5
5298,487,4
5298,3338,5
5298,3355,5
5298,1748,2
5302,3428,3
5302,2815,3
5302,1132,4
5302,2324,3
5306,557,4
5306,3094,5
5306,348,3
5306,453,3
5306,1156,5
5306,1748,4
5308,1800,4
5308,805,5
5308,810,4
5308,811,4
5308,822,5
5308,823,5
5308,827,4
5308,828,5
5308,850,4
5308,3090,5
5308,3101,3
5308,978,4
5308,1681,4
5308,2600,5
5308,1090,5
5308,2953,5
5308,3004,5
5308,2421,5
5308,948,3
5308,949,3
5313,2565,3
5313,2298,4
5313,2424,3
5315,1792,4
5315,5,2
5315,557,3
5315,2693,5
5315,1815,4
5315,810,4
5315,814,5
5315,1294,4
5315,828,5
5315,2132,4
5315,2133,4
5315,2753,5
5315,850,4
5315,2180,4
5315,3048,5
5315,3050,4
5315,208,5
5315,246,4
5315,3106,5
5315,1627,4
5315,257,4
5315,265,5
5315,1637,5
5315,2555,5
5315,1003,4
5315,3439,4
5315,1844,5
5315,1031,5
5315,1035,3
5315,1040,4
5315,1048,5
5315,2775,4
5315,1334,3
5315,1905,5
5315,1357,3
5315,2838,3
5315,1642,4
5315,289,5
5315,3147,3
5315,1659,5
5315,295,5
5315,2298,5
5315,10,4
5315,319,3
5315,1698,5
5315,1705,5
5315,336,4
5315,2598,4
5315,361,4
5315,1061,5
5315,3509,5
5315,1117,4
5315,1146,5
5315,1151,5
5315,1985,4
5315,1988,4
5315,1435,4
5315,2902,4
5315,2904,5
5315,2913,4
5315,1469,5
5315,1475,2
5315,2337,3
5315,413,5
5315,414,3
5315,423,4
5315,430,4
5315,453,3
5315,1159,5
5315,470,5
5315,1188,3
5315,1220,3
5315,756,5
5315,2042,5
5315,2048,5
5315,1241,5
5315,777,5
5315,1502,5
5315,1504,4
5315,107,5
5315,109,4
5315,2100,5
5315,3002,4
5315,174,5
5315,912,2
5315,473,3
5315,951,4
5315,1759,4
5315,957,5
5315,522,4
5315,533,4
5323,557,4
5323,2178,5
5323,2815,5
5323,2816,3
5323,1692,5
5323,1955,5
5323,453,1
5323,1504,3
5326,873,1
5326,3102,5
5326,1035,5
5326,1048,4
5326,629,5
5326,314,1
5326,336,5
5326,1061,1
5326,71,4
5326,1103,1
5326,1477,5
5326,1193,1
5326,1207,1
5326,1502,5
5326,107,5
5326,533,5
5330,1266,5
5330,2752,3
5330,1602,4
5330,2565,5
5330,348,5
5330,702,5
5330,1410,3
5330,2324,5
5330,3235,5
5330,430,5
5330,453,5
5330,1228,3
5330,2065,5
5330,2077,3
5330,153,5
5330,1737,5
5330,1738,4
5341,1815,5
5341,805,5
5341,814,5
5341,430,5
5341,1188,3
5344,2675,5
5344,814,5
5344,576,2
5344,1646,5
5344,2269,2
5344,336,4
5344,2623,4
5344,3332,4
5360,1800,4
5360,814,3
5360,822,3
5360,830,4
5360,841,2
5360,850,5
5360,3089,4
5360,3090,4
5360,246,4
5360,2565,1
5360,1334,2
5360,2813,3
5360,2269,2
5360,2298,4
5360,1677,2
5360,1698,2
5360,2600,5
5360,3198,3
5360,1934,1
5360,3215,3
5360,3233,4
5360,2389,3
5360,2953,4
5360,949,3
5360,1759,4
5360,957,1
5361,5,4
5361,3048,5
5361,2565,5
5361,1656,4
5361,3149,4
5361,2585,4
5361,2586,4
5361,336,5
5361,702,5
5361,1469,5
5361,2324,5
5361,453,5
5361,1228,3
5365,2675,5
5365,2680,1
5365,5,4
5365,1800,4
5365,557,3
5365,2693,2
5365,2694,4
5365,1815,2
5365,1266,3
5365,1828,2
5365,805,5
5365,814,4
5365,1297,1
5365,2122,1
5365,2128,2
5365,2132,3
5365,2133,1
5365,2752,2
5365,850,3
5365,2143,1
5365,856,2
5365,2161,2
5365,2162,2
5365,875,2
5365,2178,4
5365,2180,3
5365,878,1
5365,3043,2
5365,3048,3
5365,3054,4
5365,1580,2
5365,3066,1
5365,208,2
5365,1602,2
5365,232,5
5365,2489,1
5365,2492,2
5365,3090,5
5365,243,1
5365,2499,3
5365,2503,1
5365,246,2
5365,251,2
5365,3106,3
5365,2514,2
5365,1626,3
5365,1627,4
5365,257,3
5365,260,1
5365,2523,3
5365,265,4
5365,1637,3
5365,2527,3
5365,978,4
5365,2531,3
5365,273,2
5365,2541,3
5365,2555,4
5365,1003,2
5365,2561,3
5365,2563,3
5365,2565,1
5365,576,3
5365,1010,4
5365,582,3
5365,1836,3
5365,1839,3
5365,592,1
5365,597,1
5365,1846,2
5365,3455,4
5365,1852,2
5365,1027,2
5365,1858,3
5365,1859,1
5365,3470,4
5365,1040,3
5365,1048,5
5365,618,2
5365,1883,1
5365,2774,3
5365,2775,3
5365,640,1
5365,1334,2
5365,1339,1
5365,1357,3
5365,2815,4
5365,2816,4
5365,1358,2
5365,1368,1
5365,2831,2
5365,2221,2
5365,2838,4
5365,2841,3
5365,2858,2
5365,3123,2
5365,1656,2
5365,287,2
5365,3147,3
5365,1659,4
5365,3149,3
5365,2297,3
5365,2298,5
5365,307,2
5365,1681,4
5365,10,2
5365,318,1
5365,18,1
5365,1692,3
5365,19,1
5365,20,3
5365,1698,4
5365,1705,3
5365,1706,1
5365,333,4
5365,335,1
5365,336,4
5365,2598,4
5365,1707,2
5365,43,2
5365,347,3
5365,348,1
5365,1719,3
5365,1720,2
5365,1061,4
5365,373,2
5365,2630,2
5365,2633,1
5365,1072,5
5365,86,1
5365,1074,4
5365,92,2
5365,3509,5
5365,2652,2
5365,1090,5
5365,647,1
5365,1100,4
5365,1117,4
5365,1128,4
5365,679,2
5365,1146,4
5365,702,1
5365,706,1
5365,1410,3
5365,1985,3
5365,1996,3
5365,1427,1
5365,1435,5
5365,2902,3
5365,2905,4
5365,2917,3
5365,1459,4
5365,2927,2
5365,1469,3
5365,1471,3
5365,2324,3
5365,1477,3
5365,2336,3
5365,2337,1
5365,381,2
5365,3235,3
5365,385,2
5365,3248,3
5365,2389,2
5365,403,2
5365,413,2
5365,414,3
5365,418,1
5365,430,3
5365,3283,2
5365,439,2
5365,3292,2
5365,444,3
5365,3305,3
5365,453,3
5365,462,2
5365,1156,5
5365,1159,3
5365,470,4
5365,1166,3
5365,1176,2
5365,717,4
5365,719,3
5365,1188,4
5365,1193,3
5365,1204,1
5365,743,3
5365,1219,3
5365,1220,1
5365,757,1
5365,1225,1
5365,1228,2
5365,2048,5
5365,765,3
5365,2065,3
5365,1492,3
5365,1496,1
5365,1500,2
5365,1502,4
5365,2088,3
5365,101,4
5365,1504,1
5365,2093,1
5365,2094,1
5365,107,5
5365,2111,2
5365,3002,3
5365,3004,4
5365,1542,2
5365,153,4
5365,2410,1
5365,157,1
5365,2425,2
5365,1554,3
5365,168,2
5365,172,1
5365,900,2
5365,911,3
5365,912,2
5365,915,2
5365,477,1
5365,480,4
5365,3338,5
5365,2488,1
5365,1737,3
5365,3348,4
5365,1738,4
5365,1742,4
5365,1747,4
5365,1748,3
5365,1753,1
5365,951,3
5365,3367,3
5365,1759,3
5365,1761,1
5365,1764,1
5365,522,2
5365,523,3
5365,533,4
5370,2680,4
5370,208,4
5370,2565,4
5370,2249,3
5370,2298,4
5370,3181,2
5370,1705,5
5370,1985,5
5370,2927,4
5370,430,5
5374,2675,4
5374,5,4
5374,557,4
5374,1815,2
5374,1828,2
5374,1273,2
5374,814,3
5374,2113,4
5374,2178,5
5374,3050,5
5374,3054,4
5374,208,5
5374,3089,3
5374,3102,4
5374,2555,5
5374,2565,3
5374,576,3
5374,1010,4
5374,1012,2
5374,1839,4
5374,1844,2
5374,629,4
5374,2774,5
5374,2838,4
5374,3149,4
5374,1705,4
5374,336,2
5374,2598,4
5374,1071,5
5374,1074,4
5374,1077,4
5374,1095,5
5374,1117,4
5374,1131,4
5374,1132,4
5374,1133,2
5374,1146,3
5374,702,2
5374,710,3
5374,1410,3
5374,1435,4
5374,1469,5
5374,1471,3
5374,2324,4
5374,3301,3
5374,3305,3
5374,453,4
5374,1159,4
5374,1219,3
5374,2048,4
5374,107,5
5374,2424,3
5374,1737,4
5374,3348,3
5374,1759,5
5379,2523,4
5379,2774,5
5379,1705,4
5379,336,4
5379,1117,3
5379,1188,5
5379,1504,3
5379,1737,5
5385,549,5
5385,2680,4
5385,557,2
5385,1805,4
5385,1815,4
5385,2709,3
5385,805,5
5385,810,5
5385,811,5
5385,814,4
5385,822,2
5385,823,5
5385,828,4
5385,838,5
5385,841,5
5385,2752,3
5385,2753,4
5385,845,5
5385,850,5
5385,2153,4
5385,2178,4
5385,2180,5
5385,3048,5
5385,1580,1
5385,208,1
5385,3087,1
5385,2491,3
5385,2492,3
5385,3102,3
5385,246,4
5385,2514,2
5385,1627,5
5385,257,4
5385,258,4
5385,3116,4
5385,1637,5
5385,2541,3
5385,2555,4
5385,582,4
5385,1012,4
5385,3444,1
5385,3455,4
5385,1027,3
5385,1031,4
5385,1035,3
5385,1858,4
5385,1044,4
5385,1048,4
5385,1888,2
5385,640,3
5385,1920,5
5385,2813,3
5385,1357,3
5385,2816,4
5385,1358,3
5385,2221,2
5385,2838,3
5385,2856,3
5385,2247,5
5385,1646,4
5385,2269,4
5385,1659,4
5385,3153,2
5385,1672,2
5385,2298,4
5385,10,3
5385,314,3
5385,319,2
5385,1692,3
5385,20,5
5385,328,4
5385,3181,2
5385,1705,2
5385,333,2
5385,336,3
5385,2598,2
5385,1707,1
5385,347,4
5385,348,3
5385,1719,4
5385,1720,2
5385,1721,1
5385,77,1
5385,2630,1
5385,92,2
5385,3509,4
5385,1100,5
5385,1117,5
5385,1131,3
5385,1132,5
5385,1146,4
5385,702,4
5385,1410,5
5385,1985,4
5385,1998,3
5385,2008,5
5385,1435,2
5385,2917,3
5385,2309,4
5385,2927,3
5385,1469,4
5385,1471,1
5385,2324,3
5385,1475,5
5385,1477,4
5385,3235,5
5385,430,5
5385,3283,4
5385,3292,3
5385,444,2
5385,453,4
5385,1156,3
5385,1158,4
5385,1159,1
5385,465,4
5385,1166,5
5385,1176,1
5385,717,5
5385,719,3
5385,1188,4
5385,1193,4
5385,1198,1
5385,1211,4
5385,1220,4
5385,2048,4
5385,779,4
5385,1492,3
5385,2082,2
5385,1500,3
5385,1502,4
5385,1504,2
5385,1529,3
5385,1542,2
5385,152,5
5385,163,3
5385,2425,2
5385,171,3
5385,172,3
5385,911,3
5385,473,2
5385,486,3
5385,3338,2
5385,1737,4
5385,1738,4
5385,1747,4
5385,1748,2
5385,951,4
5385,1759,3
5385,957,4
5385,523,4
5386,3048,4
5386,3086,4
5386,430,4
5386,2065,4
5386,480,4
5387,208,5
5387,3086,3
5387,576,3
5387,1839,2
5387,1031,2
5387,626,2
5387,1334,3
5387,3149,4
5387,2297,3
5387,2584,2
5387,702,5
5387,2309,4
5387,1471,3
5387,2324,4
5387,2336,3
5387,2359,3
5387,2366,3
5387,2370,3
5387,381,3
5387,3235,4
5387,3248,3
5387,2389,3
5387,3266,4
5387,3304,1
5387,453,5
5387,1166,3
5387,1219,4
5387,2409,3
5387,3016,4
5388,5,2
5388,557,5
5388,2694,4
5388,2709,5
5388,814,5
5388,873,4
5388,208,3
5388,2514,3
5388,2523,5
5388,2555,4
5388,576,4
5388,1844,4
5388,1358,2
5388,1368,3
5388,1656,3
5388,3149,4
5388,307,2
5388,19,2
5388,20,4
5388,2598,4
5388,347,3
5388,1074,4
5388,92,3
5388,647,4
5388,1128,5
5388,1146,5
5388,702,5
5388,1985,4
5388,1471,1
5388,2324,2
5388,2389,3
5388,430,5
5388,453,4
5388,1156,4
5388,1220,3
5388,757,4
5388,1225,3
5388,1228,4
5388,765,4
5388,2065,3
5388,107,5
5388,3002,5
5388,152,3
5388,153,4
5388,157,3
5388,1552,4
5388,1737,4
5388,1759,4
5391,557,3
5391,2122,4
5391,2132,2
5391,3048,4
5391,3050,4
5391,3066,2
5391,3101,4
5391,3106,3
5391,2517,2
5391,257,4
5391,262,4
5391,3121,3
5391,978,4
5391,2561,3
5391,1035,3
5391,1040,3
5391,629,5
5391,1888,1
5391,2813,2
5391,2816,4
5391,2249,2
5391,3129,2
5391,10,3
5391,1705,3
5391,3198,2
5391,3200,2
5391,361,2
5391,1061,3
5391,2630,2
5391,91,5
5391,1128,4
5391,1955,3
5391,1985,4
5391,1986,2
5391,2904,4
5391,2905,3
5391,1469,4
5391,398,2
5391,107,4
5391,912,2
5391,480,2
5391,1737,3
5391,1738,3
5391,533,3
5397,1828,4
5397,576,5
5397,1705,5
5397,679,4
5397,702,4
5397,710,3
5397,1471,4
5397,2324,3
5397,2374,4
5397,2389,4
5397,453,4
5397,172,3
5400,557,3
5400,810,3
5400,814,4
5400,2527,2
5400,1859,4
5400,1048,3
5400,2815,4
5400,1646,4
5400,2269,4
5400,1681,4
5400,1692,3
5400,336,5
5400,2598,4
5400,71,4
5400,453,4
5400,470,3
5400,1504,5
5400,1557,4
5400,183,3
5403,3404,3
5403,805,5
5403,2769,4
5403,873,5
5403,246,3
5403,1627,4
5403,1637,3
5403,1846,5
5403,1035,4
5403,2775,4
5403,3155,2
5403,2297,3
5403,10,5
5403,20,3
5403,347,2
5403,1117,2
5403,1988,4
5403,1425,4
5403,2905,3
5403,430,4
5403,1156,4
5403,1188,4
5403,2048,4
5403,473,3
5403,3389,4
5405,336,4
5405,2623,4
5405,3292,4
5405,3301,4
5411,557,4
5411,2702,4
5411,2709,5
5411,2752,3
5411,208,5
5411,232,4
5411,251,5
5411,2514,3
5411,2555,3
5411,576,4
5411,1839,4
5411,3455,5
5411,1035,4
5411,1048,4
5411,629,4
5411,2772,4
5411,1920,4
5411,2815,4
5411,2838,4
5411,2845,3
5411,1659,5
5411,3149,4
5411,295,5
5411,2652,4
5411,1090,5
5411,647,4
5411,1934,4
5411,702,4
5411,1435,5
5411,1471,4
5411,1477,4
5411,3248,4
5411,453,5
5411,1156,4
5411,2065,5
5411,2949,3
5411,107,4
5411,1737,3
5411,3355,5
5412,2162,5
5412,1839,4
5412,3149,5
5412,1705,5
5412,1093,4
5412,710,3
5412,2917,4
5412,430,5
5412,3305,3
5412,453,4
5412,101,5
5412,1737,3
5412,1742,5
5412,951,4
5413,814,4
5413,2774,3
5413,3147,2
5413,1117,4
5413,3235,2
5413,1159,5
5413,3321,4
5413,951,4
5417,2702,5
5417,805,4
5417,814,2
5417,3090,3
5417,1604,5
5417,978,2
5417,1031,4
5417,1035,4
5417,1677,2
5417,2632,4
5417,1071,5
5417,1095,5
5417,1146,4
5417,422,5
5417,429,3
5417,717,4
5417,107,4
5417,152,4
5417,1747,5
5422,3404,4
5422,2680,4
5422,557,3
5422,2750,3
5422,2752,3
5422,850,5
5422,3048,3
5422,2527,4
5422,2815,5
5422,2816,4
5422,3155,4
5422,2297,3
5422,1698,4
5422,2598,4
5422,1074,5
5422,3509,4
5422,1117,4
5422,1128,5
5422,2905,4
5422,2324,2
5422,1475,4
5422,1156,5
5422,1504,3
5422,3002,4
5422,473,4
5425,2709,4
5425,2733,5
5425,2753,4
5425,3054,4
5425,3090,5
5425,2555,5
5425,1048,5
5425,20,5
5425,2598,4
5425,1071,5
5425,1159,5
5425,719,4
5426,5,5
5426,557,5
5426,2694,3
5426,1297,3
5426,2752,4
5426,3048,5
5426,232,5
5426,246,4
5426,251,5
5426,2514,4
5426,1627,4
5426,258,5
5426,265,4
5426,978,5
5426,1846,4
5426,600,4
5426,1858,4
5426,1859,4
5426,1048,5
5426,1888,3
5426,1327,3
5426,1339,5
5426,2816,4
5426,1368,1
5426,1384,2
5426,2247,3
5426,2249,3
5426,3123,4
5426,1656,3
5426,2297,4
5426,2298,4
5426,10,4
5426,18,3
5426,20,3
5426,1705,4
5426,333,3
5426,336,5
5426,347,4
5426,348,3
5426,1061,5
5426,1117,4
5426,702,4
5426,706,2
5426,710,4
5426,1410,5
5426,1985,4
5426,1986,4
5426,1420,3
5426,1425,4
5426,1435,4
5426,1438,5
5426,2905,4
5426,2927,4
5426,1471,4
5426,1475,4
5426,1477,4
5426,2389,4
5426,413,5
5426,430,5
5426,453,5
5426,470,5
5426,1211,3
5426,1220,2
5426,1225,3
5426,2048,5
5426,1241,4
5426,2065,5
5426,1492,3
5426,1504,4
5426,1507,5
5426,109,4
5426,1554,4
5426,178,4
5426,473,5
5426,480,4
5430,814,5
5430,2753,3
5430,3048,5
5430,3090,5
5430,3094,4
5430,3095,4
5430,1001,2
5430,1012,2
5430,1027,2
5430,1035,4
5430,1044,3
5430,1048,4
5430,1920,5
5430,2816,4
5430,2833,4
5430,2856,3
5430,1677,4
5430,1681,5
5430,1692,4
5430,20,4
5430,1061,4
5430,1071,5
5430,1090,5
5430,1091,4
5430,1095,4
5430,1103,4
5430,1117,4
5430,1128,4
5430,1132,2
5430,1133,4
5430,1146,4
5430,1151,4
5430,2862,5
5430,2913,2
5430,1469,4
5430,1477,3
5430,430,3
5430,1156,4
5430,1159,4
5430,2953,3
5430,107,4
5430,2421,4
5430,3338,4
5431,549,4
5431,5,1
5431,557,3
5431,1805,2
5431,2694,3
5431,1260,2
5431,1815,2
5431,1266,5
5431,1273,3
5431,1294,4
5431,2132,4
5431,2133,2
5431,2752,2
5431,1319,1
5431,2161,1
5431,2178,2
5431,2180,4
5431,880,3
5431,3043,2
5431,3048,5
5431,3054,2
5431,1580,2
5431,208,2
5431,1599,3
5431,1602,3
5431,2489,1
5431,3102,5
5431,2514,3
5431,257,4
5431,2523,3
5431,2527,4
5431,2555,4
5431,576,2
5431,1839,3
5431,1846,5
5431,1027,4
5431,1031,2
5431,1048,5
5431,626,2
5431,1885,2
5431,2772,4
5431,2774,4
5431,2775,3
5431,1327,2
5431,1339,3
5431,1920,3
5431,1358,1
5431,1659,4
5431,3149,5
5431,1662,1
5431,2298,5
5431,307,2
5431,10,4
5431,318,3
5431,1692,4
5431,20,4
5431,1698,3
5431,1705,4
5431,1706,1
5431,333,2
5431,336,3
5431,2598,4
5431,1707,1
5431,43,3
5431,1719,1
5431,1720,1
5431,92,3
5431,94,4
5431,3509,5
5431,2652,3
5431,1934,3
5431,1117,5
5431,679,3
5431,1151,3
5431,702,3
5431,710,2
5431,1977,3
5431,1410,4
5431,1985,3
5431,2871,3
5431,1418,3
5431,1420,2
5431,1996,4
5431,1427,2
5431,2008,2
5431,2904,3
5431,2309,3
5431,1469,2
5431,1471,4
5431,2324,5
5431,1475,3
5431,1477,4
5431,2336,2
5431,2349,1
5431,2359,2
5431,2361,1
5431,2370,4
5431,3235,3
5431,400,2
5431,2389,2
5431,413,3
5431,3268,1
5431,3272,1
5431,430,4
5431,3305,2
5431,453,2
5431,1152,3
5431,1158,1
5431,1159,3
5431,1166,5
5431,717,4
5431,1186,2
5431,1188,3
5431,747,5
5431,1219,5
5431,1220,3
5431,757,1
5431,1228,4
5431,2048,4
5431,1234,5
5431,765,3
5431,777,3
5431,2065,4
5431,779,1
5431,1492,2
5431,2076,2
5431,2077,1
5431,2082,4
5431,1500,4
5431,1504,4
5431,2093,1
5431,1529,5
5431,157,3
5431,2424,4
5431,2425,2
5431,168,1
5431,172,3
5431,473,3
5431,477,2
5431,2477,5
5431,3338,2
5431,1738,3
5431,1747,2
5431,1748,3
5431,951,3
5431,1759,3
5431,957,3
5431,523,4
5431,533,5
5434,5,5
5434,348,4
5434,453,4
5434,1504,3
5434,153,3
5436,2701,4
5436,2132,2
5436,2133,1
5436,1035,4
5436,1040,4
5436,1048,2
5436,2775,4
5436,2835,2
5436,1698,3
5436,1705,1
5436,1117,4
5436,1151,5
5436,1477,4
5436,430,4
5436,3292,3
5436,1188,4
5436,2082,4
5436,1737,3
5441,5,5
5441,557,4
5441,1815,5
5441,810,4
5441,811,4
5441,814,5
5441,2180,4
5441,3054,4
5441,3066,3
5441,2492,4
5441,3089,5
5441,2503,4
5441,251,4
5441,3120,3
5441,1637,4
5441,1001,5
5441,576,5
5441,1839,3
5441,1858,4
5441,1048,5
5441,1883,3
5441,2774,2
5441,2775,5
5441,1368,3
5441,2269,5
5441,3149,5
5441,2584,4
5441,1698,5
5441,1705,5
5441,333,4
5441,336,5
5441,2598,5
5441,347,4
5441,71,5
5441,1071,5
5441,1117,4
5441,1128,4
5441,1151,5
5441,702,5
5441,706,3
5441,710,3
5441,1985,5
5441,1435,5
5441,2905,5
5441,2917,5
5441,1459,4
5441,2309,4
5441,1471,3
5441,2324,5
5441,1475,4
5441,1477,4
5441,2336,5
5441,2337,3
5441,3248,4
5441,400,5
5441,2389,4
5441,418,2
5441,439,1
5441,3305,3
5441,453,5
5441,1159,5
5441,1166,5
5441,719,3
5441,1198,4
5441,1220,4
5441,757,3
5441,779,3
5441,1504,5
5441,125,4
5441,1542,3
5441,157,5
5441,1552,5
5441,473,5
5441,1737,4
5441,3348,4
5441,1738,4
5441,1742,3
5441,1748,4
5441,951,4
5441,522,4
5441,523,4
5451,2680,3
5451,5,2
5451,1828,3
5451,2752,4
5451,2514,3
5451,2527,3
5451,2555,5
5451,2565,4
5451,1839,4
5451,1048,5
5451,629,5
5451,2815,4
5451,3149,4
5451,2297,3
5451,2298,4
5451,318,2
5451,336,5
5451,2598,5
5451,347,3
5451,1072,4
5451,2652,3
5451,1151,4
5451,702,3
5451,1410,4
5451,1469,5
5451,1471,4
5451,2323,3
5451,2324,3
5451,2366,4
5451,2370,3
5451,2389,4
5451,413,3
5451,430,5
5451,3301,4
5451,453,4
5451,1166,3
5451,717,4
5451,1188,3
5451,1219,5
5451,2048,4
5451,2065,4
5451,1502,3
5451,1529,3
5451,3002,4
5451,2409,2
5451,2424,4
5451,172,3
5451,2461,2
5451,1737,4
5451,1742,3
5451,3359,4
5451,951,4
5451,523,3
5455,1828,2
5455,2563,3
5455,1010,5
5455,1839,3
5455,1027,5
5455,1858,3
5455,3470,5
5455,626,4
5455,2838,4
5455,1659,4
5455,3149,3
5455,2298,4
5455,336,3
5455,347,3
5455,1072,5
5455,1074,5
5455,1095,5
5455,1117,3
5455,702,4
5455,1435,4
5455,1471,2
5455,2324,3
5455,2336,2
5455,2389,3
5455,413,3
5455,422,4
5455,430,4
5455,444,5
5455,3305,4
5455,453,3
5455,1166,3
5455,1219,3
5455,101,3
5455,1542,4
5455,172,2
5455,1737,3
5455,1748,2
5455,523,5
5456,2675,5
5456,2680,3
5456,557,3
5456,2684,3
5456,2693,4
5456,1815,4
5456,805,4
5456,814,5
5456,2132,4
5456,2133,3
5456,2752,2
5456,2753,5
5456,2769,3
5456,2157,2
5456,3048,4
5456,3054,3
5456,208,1
5456,232,5
5456,1604,3
5456,3095,5
5456,2514,4
5456,3417,5
5456,2565,2
5456,1010,5
5456,1031,4
5456,1035,3
5456,3470,4
5456,1048,5
5456,629,4
5456,1334,3
5456,2813,4
5456,2816,3
5456,2841,3
5456,2247,2
5456,2298,5
5456,10,2
5456,1705,4
5456,336,3
5456,2598,4
5456,1074,4
5456,1077,4
5456,89,2
5456,3509,2
5456,1117,5
5456,1955,2
5456,702,4
5456,1985,3
5456,1996,5
5456,2902,3
5456,2905,2
5456,1471,3
5456,2324,4
5456,1475,3
5456,3235,4
5456,414,4
5456,430,4
5456,3285,4
5456,3292,3
5456,453,3
5456,1159,3
5456,470,4
5456,717,5
5456,2048,4
5456,765,3
5456,2082,4
5456,107,4
5456,152,5
5456,3338,5
5456,1737,4
5456,1761,4
5456,3389,5
5458,814,5
5458,3102,4
5458,2815,4
5458,2249,2
5458,2298,4
5458,336,3
5458,2598,5
5458,1117,4
5458,1435,4
5458,3301,4
5458,1748,3
5460,3066,4
5460,208,5
5460,2514,5
5460,2565,4
5460,2813,2
5460,3181,4
5460,1117,5
5460,453,5
5460,2409,3
5460,2410,3
5468,2693,4
5468,2702,4
5468,814,5
5468,3095,5
5468,978,3
5468,1048,4
5468,2269,3
5468,343,4
5468,1061,3
5468,3503,3
5468,1090,5
5468,1103,4
5468,702,4
5468,2862,5
5468,1156,4
5468,2953,3
5468,1504,4
5468,1747,5
5468,3359,3
5468,951,3
5470,1260,2
5470,2701,2
5470,1815,4
5470,1266,3
5470,2702,4
5470,1828,4
5470,810,2
5470,814,5
5470,2733,4
5470,828,3
5470,2132,2
5470,845,4
5470,2178,1
5470,3057,2
5470,1580,3
5470,2563,3
5470,1859,3
5470,1048,2
5470,1358,2
5470,2822,2
5470,1646,4
5470,3149,2
5470,295,4
5470,1681,2
5470,333,2
5470,1074,2
5470,1117,4
5470,679,1
5470,1146,2
5470,702,3
5470,1985,2
5470,2886,2
5470,2008,2
5470,2917,3
5470,1459,3
5470,1469,3
5470,1471,2
5470,2324,5
5470,3266,3
5470,430,4
5470,3283,3
5470,3292,1
5470,453,4
5470,1156,3
5470,470,4
5470,1211,2
5470,1219,3
5470,1220,2
5470,2048,1
5470,1500,2
5470,2088,4
5470,1504,2
5470,2093,1
5470,153,2
5470,2425,1
5470,1737,3
5470,1738,2
5470,1748,2
5470,951,4
5470,1759,1
5481,557,5
5481,3048,4
5481,3102,3
5481,246,5
5481,251,4
5481,1846,4
5481,1858,3
5481,1859,4
5481,1048,4
5481,626,5
5481,2247,4
5481,1646,5
5481,1656,3
5481,2297,3
5481,10,5
5481,319,4
5481,18,3
5481,1692,5
5481,20,4
5481,328,4
5481,330,4
5481,335,3
5481,347,4
5481,2633,3
5481,1095,5
5481,1117,5
5481,1131,4
5481,710,3
5481,1985,4
5481,1429,4
5481,2008,5
5481,2905,3
5481,1475,4
5481,413,5
5481,3283,4
5481,439,3
5481,3292,4
5481,3305,3
5481,465,3
5481,470,5
5481,719,4
5481,1198,3
5481,1211,5
5481,1220,3
5481,2048,5
5481,101,4
5481,1504,1
5481,1542,3
5481,3348,3
5481,523,5
5491,3404,1
5491,2680,1
5491,5,4
5491,1273,2
5491,1289,4
5491,1310,2
5491,850,5
5491,2143,1
5491,2153,4
5491,3048,3
5491,3054,2
5491,1599,2
5491,2492,2
5491,1609,2
5491,1618,3
5491,1627,3
5491,257,3
5491,260,1
5491,265,2
5491,1637,2
5491,2527,4
5491,3455,5
5491,1027,4
5491,1035,4
5491,1858,3
5491,3470,5
5491,1048,4
5491,618,3
5491,2774,5
5491,2775,4
5491,640,1
5491,2815,4
5491,2816,4
5491,2838,3
5491,2247,3
5491,1646,2
5491,3137,4
5491,1659,3
5491,2289,2
5491,3155,2
5491,2297,3
5491,2298,5
5491,10,3
5491,318,2
5491,319,2
5491,1692,5
5491,20,5
5491,328,4
5491,3180,1
5491,1698,5
5491,1705,2
5491,336,5
5491,2598,4
5491,347,3
5491,3210,2
5491,2632,5
5491,1074,5
5491,92,2
5491,3509,3
5491,2652,5
5491,647,4
5491,1117,4
5491,1128,3
5491,1955,2
5491,702,2
5491,706,2
5491,710,2
5491,1410,2
5491,1988,3
5491,2008,4
5491,1459,4
5491,1469,4
5491,2324,3
5491,1477,5
5491,3235,3
5491,2389,4
5491,403,1
5491,413,4
5491,429,5
5491,430,4
5491,444,5
5491,453,4
5491,1156,4
5491,1159,4
5491,465,4
5491,717,5
5491,1188,4
5491,747,2
5491,1220,2
5491,2048,2
5491,1241,2
5491,2949,4
5491,2961,1
5491,1502,5
5491,101,2
5491,1504,2
5491,107,5
5491,1552,3
5491,1554,5
5491,172,2
5491,2433,4
5491,473,4
5491,2477,4
5491,934,3
5491,3355,4
5491,3359,2
5491,951,4
5491,1761,4
5491,523,4
5498,3048,4
5498,208,2
5498,1048,4
5498,1705,4
5498,1152,5
5498,717,4
5498,754,4
5500,2680,2
5500,2753,4
5500,251,3
5500,1637,4
5500,2530,2
5500,1048,5
5500,3181,5
5500,1061,3
5500,2652,3
5500,1117,5
5500,1128,5
5500,702,3
5500,1429,3
5500,1435,3
5500,3235,5
5500,3283,3
5500,3305,3
5500,719,4
5500,1502,4
5500,1504,5
5500,3332,4
5503,2675,5
5503,5,5
5503,1815,4
5503,2563,3
5503,1646,5
5503,20,4
5503,333,3
5503,647,2
5503,1100,5
5503,702,5
5503,1410,4
5503,2324,3
5503,453,4
5503,1219,1
5503,152,5
5503,915,5
5503,1737,4
5507,557,2
5507,2753,5
5507,2153,1
5507,3048,4
5507,1627,2
5507,257,3
5507,1001,2
5507,1040,3
5507,1048,5
5507,1905,4
5507,287,3
5507,1672,4
5507,314,4
5507,1705,4
5507,1090,5
5507,1131,4
5507,1151,3
5507,2881,3
5507,3292,2
5507,1152,3
5507,1158,4
5507,734,5
5507,1234,5
5507,107,5
5507,2421,5
5507,1759,4
5510,5,5
5510,814,4
5510,2122,4
5510,2133,3
5510,2752,4
5510,2161,4
5510,2180,4
5510,3066,4
5510,1599,3
5510,2491,4
5510,2531,5
5510,2565,4
5510,1334,3
5510,1358,4
5510,2247,5
5510,3123,2
5510,1646,5
5510,3147,5
5510,319,5
5510,1705,5
5510,336,5
5510,2598,5
5510,348,4
5510,2630,3
5510,2633,3
5510,1146,5
5510,702,3
5510,710,3
5510,1410,5
5510,1418,3
5510,2008,3
5510,2917,4
5510,2927,4
5510,1469,5
5510,2324,3
5510,2389,3
5510,413,5
5510,430,4
5510,453,4
5510,1159,5
5510,1220,4
5510,1228,4
5510,2065,4
5510,2088,4
5510,1504,5
5510,3002,5
5510,1542,4
5510,2425,3
5510,2477,3
5510,1737,5
5510,1738,5
5510,1748,4
5510,951,4
5512,2680,4
5512,2752,5
5512,246,3
5512,2523,4
5512,582,5
5512,1334,3
5512,2838,5
5512,3155,5
5512,336,3
5512,86,4
5512,1504,4
5516,2680,3
5516,2143,3
5516,1580,4
5516,2491,3
5516,2514,5
5516,1626,4
5516,1839,4
5516,1844,4
5516,626,3
5516,2772,4
5516,1656,3
5516,3149,5
5516,2297,3
5516,20,3
5516,336,5
5516,347,4
5516,348,4
5516,2630,4
5516,2652,4
5516,702,3
5516,710,5
5516,1469,4
5516,2324,4
5516,2336,5
5516,2389,2
5516,413,4
5516,453,3
5516,747,3
5516,1219,4
5516,101,3
5516,473,2
5516,487,4
5518,557,5
5518,828,4
5518,2750,5
5518,2752,3
5518,2143,3
5518,2514,3
5518,258,3
5518,597,3
5518,1048,5
5518,2815,4
5518,2816,2
5518,1358,3
5518,2247,4
5518,295,5
5518,2297,4
5518,330,4
5518,336,3
5518,1117,4
5518,702,4
5518,1410,4
5518,1469,5
5518,1471,4
5518,2389,4
5518,430,4
5518,453,4
5518,1156,4
5518,1159,4
5518,1219,4
5518,757,4
5518,2065,4
5518,153,3
5518,2424,3
5518,1738,4
5520,557,5
5520,2693,4
5520,2694,4
5520,1815,3
5520,814,5
5520,2122,1
5520,2153,5
5520,2178,4
5520,2180,4
5520,3054,5
5520,208,2
5520,1609,4
5520,3102,4
5520,251,4
5520,2517,3
5520,1627,5
5520,3121,3
5520,2541,5
5520,1001,4
5520,1012,5
5520,597,1
5520,3455,5
5520,1035,4
5520,1044,4
5520,1048,4
5520,1049,4
5520,1891,5
5520,2774,4
5520,1334,4
5520,1905,2
5520,2816,5
5520,1358,3
5520,2221,3
5520,287,1
5520,1659,4
5520,295,5
5520,2298,4
5520,319,3
5520,1692,4
5520,19,1
5520,20,5
5520,328,4
5520,2584,4
5520,1698,4
5520,1705,4
5520,1706,4
5520,336,3
5520,2598,4
5520,1707,4
5520,347,4
5520,1074,3
5520,647,5
5520,1100,3
5520,1117,5
5520,1131,3
5520,706,5
5520,1410,3
5520,1985,4
5520,1986,2
5520,2871,3
5520,1420,5
5520,2008,3
5520,2905,4
5520,1459,3
5520,2927,4
5520,1469,3
5520,1471,4
5520,2324,3
5520,1475,3
5520,403,1
5520,413,2
5520,414,5
5520,430,3
5520,3292,4
5520,453,3
5520,456,5
5520,1152,5
5520,1159,5
5520,717,5
5520,1188,4
5520,1198,1
5520,747,5
5520,1219,4
5520,1220,5
5520,2048,5
5520,779,3
5520,1492,5
5520,2082,4
5520,2088,3
5520,107,5
5520,1542,4
5520,2424,4
5520,2425,3
5520,1554,4
5520,915,3
5520,2461,2
5520,1737,2
5520,1738,2
5520,1748,5
5520,3359,4
5520,1751,4
5520,951,5
5520,523,5
5520,533,4
5528,557,5
5528,2693,4
5528,1805,4
5528,2694,4
5528,1815,4
5528,1273,1
5528,810,3
5528,814,5
5528,2122,5
5528,2132,3
5528,2133,3
5528,2143,1
5528,2161,2
5528,2180,3
5528,3043,1
5528,3048,5
5528,2183,3
5528,3066,2
5528,208,4
5528,232,4
5528,3089,2
5528,1618,5
5528,246,3
5528,251,3
5528,1627,3
5528,260,2
5528,265,2
5528,978,4
5528,2531,3
5528,2541,3
5528,1003,3
5528,582,3
5528,1839,3
5528,1846,5
5528,629,3
5528,2775,4
5528,1334,3
5528,2796,2
5528,2815,3
5528,2816,5
5528,1368,1
5528,2833,3
5528,2838,3
5528,2845,5
5528,3123,2
5528,2269,2
5528,1662,3
5528,2297,3
5528,2298,5
5528,10,4
5528,319,3
5528,18,1
5528,1698,4
5528,330,2
5528,1705,5
5528,333,2
5528,335,1
5528,336,4
5528,2598,4
5528,347,1
5528,361,2
5528,2623,5
5528,1061,5
5528,2632,4
5528,2633,1
5528,1074,4
5528,89,1
5528,91,2
5528,92,2
5528,1100,4
5528,655,5
5528,1117,4
5528,1131,5
5528,1955,2
5528,702,3
5528,706,3
5528,710,3
5528,1977,3
5528,1985,2
5528,1988,3
5528,1996,4
5528,1438,2
5528,2905,3
5528,1471,2
5528,2324,2
5528,1475,4
5528,1477,4
5528,2336,2
5528,3215,3
5528,3235,5
5528,403,1
5528,413,3
5528,414,4
5528,423,1
5528,430,3
5528,439,1
5528,444,5
5528,3299,4
5528,453,3
5528,456,3
5528,462,2
5528,1159,5
5528,465,4
5528,470,4
5528,719,2
5528,1198,3
5528,1220,1
5528,1234,4
5528,1241,2
5528,1492,2
5528,2084,2
5528,1500,1
5528,101,3
5528,109,1
5528,2111,2
5528,1529,1
5528,1542,3
5528,157,2
5528,163,4
5528,2425,3
5528,1552,2
5528,912,2
5528,3321,4
5528,2461,2
5528,473,3
5528,480,3
5528,487,4
5528,1737,3
5528,1742,4
5528,1748,2
5528,1751,3
5528,951,4
5528,523,5
5528,533,3
5530,2680,4
5530,1815,3
5530,1297,4
5530,2143,4
5530,3066,3
5530,2565,4
5530,1888,4
5530,1368,3
5530,1656,4
5530,319,3
5530,333,3
5530,336,5
5530,1730,1
5530,2630,4
5530,710,5
5530,1985,5
5530,1159,3
5530,1504,5
5530,2488,1
5534,2680,3
5534,5,5
5534,557,4
5534,2694,3
5534,1260,3
5534,1273,2
5534,814,3
5534,1294,4
5534,2132,4
5534,2170,2
5534,875,3
5534,2180,2
5534,3048,5
5534,3050,4
5534,1580,3
5534,3066,2
5534,3067,1
5534,2491,2
5534,2492,2
5534,3102,4
5534,251,2
5534,2514,2
5534,262,2
5534,265,3
5534,2555,4
5534,1003,3
5534,2565,2
5534,597,2
5534,1846,3
5534,1852,3
5534,1027,2
5534,1031,3
5534,1035,2
5534,1048,4
5534,2772,3
5534,2774,4
5534,2775,5
5534,1327,1
5534,1339,3
5534,1357,2
5534,2815,4
5534,1358,2
5534,1368,1
5534,2221,3
5534,2838,3
5534,3123,2
5534,3124,4
5534,1656,3
5534,1659,3
5534,3149,2
5534,2297,4
5534,2298,4
5534,10,4
5534,319,3
5534,1692,3
5534,20,3
5534,328,3
5534,1698,5
5534,330,3
5534,1705,4
5534,336,3
5534,2598,5
5534,1707,3
5534,347,3
5534,348,2
5534,1719,3
5534,363,3
5534,1061,4
5534,76,3
5534,77,3
5534,2630,1
5534,2633,1
5534,2634,3
5534,2652,4
5534,647,2
5534,1117,3
5534,1128,3
5534,1151,4
5534,702,2
5534,706,3
5534,710,3
5534,1410,2
5534,1985,4
5534,1986,3
5534,1418,3
5534,2905,3
5534,1469,4
5534,1471,2
5534,1477,4
5534,2366,3
5534,2370,3
5534,396,3
5534,2389,1
5534,429,3
5534,430,2
5534,3285,4
5534,3292,4
5534,444,2
5534,3305,2
5534,453,2
5534,1159,4
5534,1166,3
5534,719,2
5534,757,3
5534,1228,1
5534,1241,3
5534,2065,3
5534,779,2
5534,781,2
5534,2961,2
5534,2084,4
5534,101,3
5534,1504,3
5534,107,4
5534,1529,2
5534,153,2
5534,1548,3
5534,2421,1
5534,2425,3
5534,172,2
5534,480,4
5534,3332,3
5534,1737,4
5534,1738,3
5534,1742,1
5534,1747,3
5534,3359,3
5534,951,4
5536,805,3
5536,827,4
5536,828,4
5536,845,4
5536,3054,4
5536,1003,4
5536,576,4
5536,1844,4
5536,1334,4
5536,1920,4
5536,2835,3
5536,3149,3
5536,1662,2
5536,1681,3
5536,2584,4
5536,1698,3
5536,2598,5
5536,1074,5
5536,1934,4
5536,1151,4
5536,1459,5
5536,1469,4
5536,3248,3
5536,2389,3
5536,3283,4
5536,1159,3
5536,3016,4
5536,1737,4
5540,1800,5
5540,2709,5
5540,824,5
5540,2745,4
5540,3090,5
5540,3095,5
5540,1035,4
5540,1048,5
5540,2819,5
5540,1705,3
5540,1061,5
5540,1103,5
5540,2862,5
5540,1156,5
5540,1207,5
5540,2953,5
5540,107,5
5554,549,4
5554,1815,3
5554,1828,2
5554,811,3
5554,814,5
5554,823,4
5554,827,4
5554,838,3
5554,2180,3
5554,1580,1
5554,232,2
5554,2541,1
5554,576,3
5554,1010,4
5554,582,3
5554,1839,3
5554,1859,4
5554,1044,3
5554,1048,4
5554,1358,4
5554,2822,2
5554,1646,3
5554,3149,4
5554,1681,4
5554,318,3
5554,336,3
5554,343,2
5554,3198,3
5554,2623,2
5554,2630,3
5554,1077,4
5554,1117,5
5554,702,2
5554,2008,3
5554,2309,3
5554,1469,4
5554,1471,3
5554,2336,2
5554,2359,3
5554,413,3
5554,444,5
5554,3305,4
5554,453,4
5554,1166,2
5554,1542,3
5554,911,3
5554,1747,4
5554,1748,1
5554,529,2
5559,5,2
5559,557,4
5559,1259,1
5559,2752,4
5559,1310,2
5559,3048,3
5559,208,3
5559,1609,1
5559,246,4
5559,251,4
5559,1859,4
5559,626,1
5559,629,4
5559,2858,4
5559,3155,4
5559,2298,1
5559,10,4
5559,20,2
5559,3180,2
5559,3181,4
5559,336,4
5559,361,3
5559,2623,2
5559,71,2
5559,1095,4
5559,1117,3
5559,1985,3
5559,2008,3
5559,2905,3
5559,1477,3
5559,413,3
5559,414,5
5559,430,4
5559,444,2
5559,453,4
5559,470,5
5559,2042,1
5559,2065,3
5559,2961,2
5559,129,1
5559,152,1
5559,1557,1
5559,473,4
5559,480,4
5559,523,3
5559,533,1
5562,2680,3
5562,2752,3
5562,3043,4
5562,3089,3
5562,3090,4
5562,1705,3
5562,1156,3
5562,3016,3
5562,957,3
5569,549,3
5569,805,4
5569,811,3
5569,814,4
5569,823,4
5569,850,4
5569,257,3
5569,1040,3
5569,1048,3
5569,314,4
5569,1072,3
5569,1090,3
5569,1100,4
5569,1103,3
5569,2008,3
5569,1459,3
5569,414,3
5569,1156,4
5569,1193,3
5569,107,4
5569,1761,1
5569,523,3
5584,2298,4
5584,1698,4
5584,418,4
5588,2709,4
5588,1044,4
5588,1103,2
5588,1425,1
5588,2930,4
5588,717,5
5588,2042,5
5597,2680,4
5597,2752,4
5597,3048,5
5597,208,4
5597,251,4
5597,1637,3
5597,2563,3
5597,2565,4
5597,2569,2
5597,1905,5
5597,3132,1
5597,2298,4
5597,10,4
5597,319,3
5597,20,4
5597,3181,3
5597,333,2
5597,336,5
5597,348,3
5597,2623,4
5597,1117,5
5597,702,5
5597,1410,5
5597,1435,4
5597,2927,4
5597,1471,1
5597,1475,4
5597,413,4
5597,430,5
5597,470,4
5597,733,1
5597,1220,2
5597,1228,3
5597,2048,5
5597,765,2
5597,1496,2
5597,2961,2
5597,1504,4
5597,153,3
5597,3016,3
5597,2424,4
5603,1786,1
5603,3404,5
5603,5,1
5603,557,4
5603,1815,4
5603,1828,4
5603,1273,1
5603,805,5
5603,814,5
5603,1294,4
5603,827,5
5603,2132,2
5603,2133,1
5603,2157,1
5603,2170,5
5603,2180,4
5603,1580,2
5603,208,3
5603,3083,1
5603,2492,3
5603,3089,3
5603,3090,3
5603,246,4
5603,251,2
5603,2514,2
5603,1626,3
5603,257,4
5603,258,5
5603,262,1
5603,2527,5
5603,978,4
5603,2531,2
5603,2541,1
5603,1001,4
5603,2561,3
5603,582,3
5603,3434,5
5603,1836,3
5603,1858,3
5603,1859,1
5603,3470,5
5603,618,1
5603,626,3
5603,1334,3
5603,1905,3
5603,1920,3
5603,2816,5
5603,1358,2
5603,2838,5
5603,2247,1
5603,2249,1
5603,2255,4
5603,1646,2
5603,2269,5
5603,3149,4
5603,1662,3
5603,2289,3
5603,2298,2
5603,307,1
5603,10,3
5603,319,2
5603,328,4
5603,1698,3
5603,330,4
5603,1705,4
5603,333,4
5603,335,1
5603,336,4
5603,2598,5
5603,1707,3
5603,347,3
5603,348,3
5603,1719,5
5603,3210,5
5603,71,5
5603,85,1
5603,86,1
5603,1074,1
5603,3506,3
5603,89,3
5603,3509,4
5603,2652,3
5603,1117,2
5603,1128,3
5603,679,1
5603,1133,2
5603,702,2
5603,1420,4
5603,2008,3
5603,1435,3
5603,2917,4
5603,2927,4
5603,1471,4
5603,2324,3
5603,1475,4
5603,1477,4
5603,2336,1
5603,2337,1
5603,3215,3
5603,2366,4
5603,396,4
5603,2389,3
5603,3266,5
5603,414,2
5603,3268,4
5603,423,2
5603,3283,1
5603,439,1
5603,440,2
5603,3301,5
5603,453,4
5603,1159,2
5603,465,3
5603,470,4
5603,717,1
5603,719,2
5603,1193,2
5603,1204,1
5603,1211,2
5603,1219,3
5603,1220,2
5603,2037,3
5603,2048,5
5603,1241,3
5603,2065,1
5603,779,1
5603,1492,3
5603,2953,3
5603,1500,2
5603,101,3
5603,1504,4
5603,107,3
5603,1528,3
5603,1542,3
5603,157,3
5603,172,3
5603,178,2
5603,900,1
5603,911,4
5603,912,3
5603,915,2
5603,473,3
5603,487,1
5603,1742,3
5603,1748,3
5603,3359,2
5603,1751,3
5603,951,4
5603,957,4
5603,523,5
5603,529,1
5603,533,5
5604,10,5
5604,336,5
5604,413,5
5604,470,4
5609,1828,4
5609,2170,4
5609,3048,5
5609,1656,4
5609,1747,3
5612,5,4
5612,557,2
5612,2693,4
5612,2694,5
5612,1815,4
5612,810,3
5612,814,2
5612,1294,4
5612,1297,1
5612,838,4
5612,2132,3
5612,2170,2
5612,2178,5
5612,3048,4
5612,2183,3
5612,3054,5
5612,1580,4
5612,208,5
5612,3090,3
5612,3095,3
5612,3102,3
5612,1618,2
5612,246,3
5612,1627,5
5612,258,3
5612,3121,4
5612,265,5
5612,2527,5
5612,978,4
5612,2541,4
5612,3417,4
5612,3420,5
5612,2555,3
5612,1001,4
5612,576,3
5612,1012,3
5612,1839,4
5612,1844,3
5612,1852,4
5612,1027,2
5612,1031,1
5612,1035,4
5612,1858,4
5612,1859,3
5612,1040,5
5612,1048,5
5612,618,4
5612,626,5
5612,2772,3
5612,2774,3
5612,2775,4
5612,1334,4
5612,1339,4
5612,2797,5
5612,2816,4
5612,1358,3
5612,2833,2
5612,2221,4
5612,2838,5
5612,2247,4
5612,3124,3
5612,3129,3
5612,1659,5
5612,3149,2
5612,1662,1
5612,295,3
5612,2298,3
5612,307,4
5612,10,5
5612,318,4
5612,319,3
5612,1692,3
5612,20,4
5612,328,4
5612,2584,3
5612,1698,5
5612,330,4
5612,1705,5
5612,1706,3
5612,333,5
5612,336,5
5612,2598,5
5612,347,4
5612,1719,3
5612,1721,2
5612,2612,4
5612,361,2
5612,2630,2
5612,1071,4
5612,1074,4
5612,2652,5
5612,1090,5
5612,1091,5
5612,1095,5
5612,1100,5
5612,1103,5
5612,1117,5
5612,679,3
5612,1146,4
5612,702,3
5612,2862,3
5612,1985,3
5612,2886,4
5612,2008,3
5612,1435,5
5612,2904,5
5612,2905,4
5612,2913,3
5612,2917,5
5612,1459,5
5612,1469,4
5612,1471,2
5612,2324,3
5612,1477,5
5612,2336,4
5612,2366,3
5612,381,5
5612,3248,3
5612,400,3
5612,2389,2
5612,413,5
5612,414,4
5612,430,4
5612,440,4
5612,444,5
5612,453,3
5612,1156,3
5612,1158,5
5612,1159,4
5612,465,3
5612,1166,4
5612,717,5
5612,1188,4
5612,1193,5
5612,747,3
5612,1219,5
5612,1220,4
5612,1234,5
5612,2065,4
5612,779,4
5612,2953,4
5612,2077,3
5612,2082,5
5612,1502,5
5612,101,2
5612,1504,4
5612,107,5
5612,2111,2
5612,1529,5
5612,3002,4
5612,1542,3
5612,2425,5
5612,172,4
5612,477,4
5612,480,4
5612,3332,4
5612,2477,5
5612,3338,5
5612,934,1
5612,1737,4
5612,1747,5
5612,1748,4
5612,951,5
5612,1759,5
5612,1761,4
5612,957,3
5612,533,4
5622,2675,1
5622,2752,4
5622,3048,2
5622,2580,1
5622,1656,3
5622,1681,4
5622,336,4
5622,2598,5
5622,347,3
5622,1151,3
5622,702,4
5622,710,3
5622,2324,5
5622,453,5
5622,1159,5
5622,2065,3
5622,1504,1
5622,153,4
5622,951,4
5628,2675,5
5628,1815,4
5628,814,5
5628,2752,3
5628,3048,5
5628,208,5
5628,2517,2
5628,257,5
5628,2523,3
5628,3417,5
5628,576,3
5628,1027,4
5628,1031,5
5628,1035,5
5628,1858,3
5628,1040,5
5628,618,4
5628,626,4
5628,2247,4
5628,1646,4
5628,1659,4
5628,295,4
5628,2298,4
5628,20,4
5628,1071,5
5628,1095,5
5628,1117,5
5628,1132,5
5628,1146,5
5628,702,4
5628,1985,5
5628,2008,3
5628,2913,4
5628,1471,2
5628,2324,5
5628,1477,5
5628,3235,2
5628,2389,3
5628,414,5
5628,430,4
5628,453,3
5628,1158,5
5628,717,5
5628,1188,3
5628,765,4
5628,2065,4
5628,1504,5
5628,107,4
5628,3002,4
5628,1542,4
5628,3016,4
5628,2461,4
5628,2477,5
5629,2178,5
5629,2491,3
5629,2541,4
5629,1048,5
5629,289,5
5629,1698,4
5629,1705,5
5629,1117,5
5629,1132,4
5629,1957,4
5629,1151,4
5629,1985,4
5629,1469,4
5629,2326,4
5629,430,4
5636,557,5
5636,2143,5
5636,3048,4
5636,246,3
5636,251,4
5636,640,5
5636,2813,3
5636,2249,1
5636,1642,4
5636,10,3
5636,20,3
5636,1705,4
5636,71,3
5636,77,1
5636,2630,3
5636,1132,5
5636,1985,3
5636,1435,4
5636,1475,3
5636,1152,3
5636,756,4
5636,1241,3
5636,900,3
5636,912,5
5637,2680,3
5637,814,3
5637,2752,3
5637,2517,2
5637,1048,5
5637,2813,3
5637,2298,5
5637,2652,3
5637,2324,3
5637,107,4
5641,1792,2
5641,5,4
5641,1803,4
5641,557,5
5641,2693,4
5641,2694,3
5641,1815,1
5641,2709,5
5641,805,5
5641,810,5
5641,811,5
5641,814,4
5641,822,3
5641,823,3
5641,2113,3
5641,827,3
5641,828,4
5641,2745,4
5641,2750,4
5641,2132,2
5641,2752,4
5641,845,4
5641,850,5
5641,2769,4
5641,2153,4
5641,2157,3
5641,873,3
5641,2178,3
5641,2180,3
5641,3043,4
5641,3048,5
5641,2186,3
5641,3050,3
5641,3054,4
5641,1580,2
5641,208,4
5641,2491,1
5641,3090,3
5641,3094,3
5641,3095,4
5641,243,3
5641,3101,4
5641,3102,3
5641,246,3
5641,251,4
5641,2514,2
5641,2517,2
5641,1627,4
5641,257,4
5641,258,3
5641,2527,4
5641,978,4
5641,3417,3
5641,3420,3
5641,1001,4
5641,2561,2
5641,2565,3
5641,1010,4
5641,582,2
5641,1012,4
5641,586,3
5641,1836,3
5641,1839,2
5641,597,1
5641,1844,2
5641,1846,4
5641,1027,3
5641,600,2
5641,1035,4
5641,1858,3
5641,1859,4
5641,1040,5
5641,1044,5
5641,1048,5
5641,1049,1
5641,1888,3
5641,2772,4
5641,2774,4
5641,2775,2
5641,1334,3
5641,1905,5
5641,1913,3
5641,1920,4
5641,2813,4
5641,1357,5
5641,2815,3
5641,2816,4
5641,1358,2
5641,2819,4
5641,2835,2
5641,2838,4
5641,2245,1
5641,2856,5
5641,2247,2
5641,2858,2
5641,2249,1
5641,1646,5
5641,2269,3
5641,1656,2
5641,287,3
5641,289,2
5641,1659,1
5641,1662,1
5641,295,3
5641,3155,3
5641,1672,3
5641,2297,2
5641,2298,5
5641,1681,3
5641,10,4
5641,318,3
5641,319,3
5641,1692,4
5641,20,4
5641,328,4
5641,1698,3
5641,330,3
5641,1705,4
5641,333,1
5641,336,2
5641,2598,3
5641,343,4
5641,348,3
5641,3198,2
5641,1719,4
5641,2623,3
5641,1061,5
5641,71,2
5641,2630,1
5641,2634,2
5641,1074,2
5641,1077,4
5641,1091,4
5641,1095,2
5641,1117,3
5641,1128,4
5641,1133,3
5641,1955,3
5641,1146,5
5641,1151,4
5641,702,4
5641,710,2
5641,2862,4
5641,1410,4
5641,1985,3
5641,1988,4
5641,1418,1
5641,1425,2
5641,1996,2
5641,2886,2
5641,2008,4
5641,1435,4
5641,2904,4
5641,2905,3
5641,2913,3
5641,2917,3
5641,1459,3
5641,1469,5
5641,2324,3
5641,1475,5
5641,1477,4
5641,2336,2
5641,3215,3
5641,2370,3
5641,3235,3
5641,3248,2
5641,396,4
5641,2389,3
5641,413,4
5641,414,1
5641,430,4
5641,3283,2
5641,3292,4
5641,444,2
5641,453,4
5641,1152,5
5641,1156,5
5641,1159,4
5641,470,3
5641,1166,3
5641,717,5
5641,719,4
5641,1188,3
5641,1198,2
5641,1211,3
5641,1219,4
5641,1220,3
5641,756,3
5641,2037,3
5641,1228,2
5641,2048,4
5641,2065,4
5641,1504,4
5641,107,4
5641,1529,3
5641,3002,5
5641,1537,3
5641,1542,2
5641,152,4
5641,2410,2
5641,3016,4
5641,1548,2
5641,163,4
5641,2424,2
5641,172,2
5641,900,1
5641,911,4
5641,473,3
5641,480,4
5641,2477,4
5641,1737,4
5641,1742,2
5641,1748,2
5641,1753,2
5641,951,3
5641,957,4
5641,1767,2
5641,533,3
5641,3389,4
5642,2752,4
5642,2143,4
5642,1580,3
5642,3083,2
5642,1358,3
5642,2838,3
5642,1646,4
5642,2298,5
5642,10,3
5642,336,5
5642,347,4
5642,702,5
5642,1410,5
5642,1475,5
5642,2370,3
5642,453,4
5642,473,5
5646,814,5
5646,2128,5
5646,2565,5
5646,576,3
5646,1844,3
5646,2815,4
5646,1358,3
5646,1646,4
5646,336,4
5646,1074,4
5646,1985,4
5646,2324,4
5646,430,4
5646,453,4
5646,1159,5
5646,1220,4
5646,2048,2
5646,2065,3
5646,2409,4
5646,2410,2
5646,1737,4
5647,1805,4
5647,1815,5
5647,810,3
5647,811,5
5647,246,3
5647,262,4
5647,1859,4
5647,1888,3
5647,1334,1
5647,2247,3
5647,319,4
5647,3181,2
5647,1705,4
5647,1071,5
5647,1095,5
5647,1955,4
5647,702,4
5647,1420,3
5647,2902,3
5647,1475,4
5647,1477,3
5647,2336,4
5647,413,4
5647,430,3
5647,453,4
5647,470,4
5647,719,3
5647,756,3
5647,1500,3
5647,1504,3
5647,1542,4
5647,153,4
5647,157,3
5647,473,3
5647,480,4
5647,487,4
5647,2488,1
5647,1737,4
5647,1738,4
5647,1742,4
5653,3048,3
5653,262,4
5653,1859,4
5653,2822,3
5653,10,3
5653,361,3
5653,71,5
5653,1117,4
5653,702,3
5653,2008,4
5653,2324,4
5653,430,3
5653,453,4
5653,719,4
5653,1211,4
5653,756,4
5653,2065,3
5653,1542,4
5653,152,4
5653,473,4
5659,557,4
5659,2702,5
5659,814,5
5659,845,4
5659,3054,5
5659,978,4
5659,1010,4
5659,1846,4
5659,1920,5
5659,1646,2
5659,1698,4
5659,1151,4
5659,1469,4
5659,1477,4
5659,951,5
5661,2680,4
5661,5,3
5661,2752,3
5661,3048,3
5661,1580,4
5661,3089,4
5661,2514,4
5661,2517,4
5661,258,4
5661,2523,4
5661,2565,3
5661,2775,3
5661,2813,3
5661,1358,3
5661,2255,2
5661,1646,4
5661,1656,4
5661,1698,5
5661,1705,4
5661,336,5
5661,2598,4
5661,1074,3
5661,2652,4
5661,1117,3
5661,702,3
5661,710,4
5661,1410,4
5661,2008,4
5661,2913,3
5661,1469,4
5661,2324,5
5661,2366,2
5661,381,4
5661,3248,4
5661,430,4
5661,453,4
5661,1166,4
5661,1168,3
5661,719,4
5661,1219,4
5661,757,3
5661,2065,4
5661,779,4
5661,1500,3
5661,1504,5
5661,2409,3
5661,152,4
5661,153,4
5661,172,4
5661,2461,4
5661,1759,3
5663,814,4
5663,2555,4
5663,1048,5
5663,333,5
5663,336,5
5663,1061,5
5664,3048,4
5664,629,4
5664,2816,4
5664,1705,4
5689,557,5
5689,1815,5
5689,828,3
5689,2133,3
5689,2752,4
5689,1319,2
5689,2555,5
5689,2565,4
5689,2774,4
5689,1358,3
5689,3124,5
5689,10,5
5689,319,5
5689,1705,5
5689,2598,4
5689,347,4
5689,348,4
5689,1117,4
5689,1459,5
5689,2324,4
5689,2337,3
5689,413,5
5689,1156,5
5689,1219,5
5689,1220,3
5689,1542,4
5689,2425,2
5689,1737,5
5689,1738,4
5689,1748,4
5689,951,3
5690,2680,4
5690,208,4
5690,232,3
5690,2514,4
5690,2565,4
5690,2249,5
5690,1642,5
5690,2298,4
5690,414,5
5690,1159,5
5690,2048,4
5690,1234,4
5690,1557,5
5690,533,5
5693,1048,5
5693,1662,2
5693,710,4
5693,2337,2
5693,453,3
5693,1219,2
5693,1748,3
5696,557,4
5696,1815,4
5696,1263,2
5696,2709,4
5696,814,4
5696,828,4
5696,2128,4
5696,2143,5
5696,2161,2
5696,2170,3
5696,3066,2
5696,2514,2
5696,258,4
5696,1003,3
5696,576,4
5696,1839,3
5696,1852,3
5696,600,3
5696,1048,5
5696,1883,3
5696,626,5
5696,1885,3
5696,3147,3
5696,3149,2
5696,2585,4
5696,2586,1
5696,1705,4
5696,1706,2
5696,336,5
5696,2598,3
5696,1707,3
5696,347,3
5696,1719,4
5696,1720,3
5696,1061,4
5696,2633,3
5696,85,3
5696,1074,3
5696,1128,3
5696,1955,2
5696,702,4
5696,710,4
5696,2905,4
5696,1459,4
5696,1469,4
5696,1471,3
5696,2324,4
5696,1475,4
5696,1477,4
5696,2350,4
5696,2359,4
5696,2361,5
5696,3248,3
5696,2389,3
5696,453,4
5696,1166,2
5696,1176,4
5696,719,5
5696,1219,4
5696,1241,4
5696,2076,3
5696,2084,4
5696,1500,3
5696,2409,3
5696,2425,2
5696,911,2
5696,915,3
5696,1742,4
5696,1748,3
5696,951,3
5696,523,3
5702,1815,5
5702,805,5
5702,810,5
5702,811,5
5702,823,4
5702,850,5
5702,2565,3
5702,2298,4
5702,10,4
5702,336,5
5702,1117,4
5702,1435,4
5702,413,4
5702,439,2
5702,1159,5
5702,533,4
5710,2675,5
5710,5,5
5710,3048,3
5710,3149,4
5710,333,4
5710,1074,2
5710,1471,3
5710,430,3
5710,453,3
5710,1156,4
5710,1548,2
5710,1737,4
5724,2733,5
5724,2737,4
5724,3048,4
5724,2503,3
5724,2298,3
5724,336,5
5724,347,2
5724,1074,5
5724,1117,3
5724,1146,4
5724,702,4
5724,1410,4
5724,1418,3
5724,3248,3
5724,430,4
5724,439,4
5724,453,4
5724,1156,5
5724,1159,4
5724,2065,3
5724,1737,4
5724,1738,4
5724,951,4
5732,1815,5
5732,805,4
5732,810,5
5732,811,5
5732,814,4
5732,823,5
5732,827,5
5732,828,5
5732,2750,4
5732,2180,2
5732,2491,4
5732,251,3
5732,257,4
5732,1001,5
5732,2565,3
5732,3470,3
5732,1048,5
5732,2774,4
5732,2298,4
5732,10,5
5732,319,3
5732,327,1
5732,1698,4
5732,1705,3
5732,336,3
5732,2598,3
5732,3509,4
5732,1435,3
5732,2913,5
5732,1469,4
5732,2324,4
5732,1475,5
5732,3292,3
5732,1156,4
5732,1159,4
5732,470,4
5732,2048,5
5732,1504,3
5732,107,4
5732,1542,4
5732,3359,3
5732,957,3
5734,805,4
5734,811,4
5734,2128,2
5734,850,4
5734,1010,5
5734,1012,4
5734,1048,4
5734,295,5
5734,10,4
5734,1698,4
5734,1061,5
5734,1071,4
5734,1077,5
5734,1091,4
5734,1117,4
5734,1128,4
5734,1435,4
5734,2917,3
5734,430,4
5734,1747,4
5736,2680,3
5736,5,2
5736,2693,4
5736,2694,4
5736,2701,3
5736,1266,2
5736,2733,4
5736,2737,4
5736,2747,2
5736,2133,4
5736,2161,2
5736,2162,4
5736,2163,4
5736,2170,4
5736,3064,1
5736,208,4
5736,3072,4
5736,1602,3
5736,2491,2
5736,2503,3
5736,3102,3
5736,2514,3
5736,2527,4
5736,978,5
5736,2555,3
5736,576,3
5736,1839,3
5736,1852,4
5736,1883,3
5736,2774,4
5736,2775,3
5736,1334,3
5736,1339,4
5736,1358,1
5736,1368,1
5736,2831,2
5736,2221,3
5736,2858,3
5736,2255,1
5736,1656,1
5736,3149,4
5736,1662,1
5736,2297,2
5736,2298,4
5736,1681,4
5736,20,3
5736,2584,5
5736,2585,3
5736,2586,1
5736,1698,3
5736,1705,5
5736,1706,2
5736,333,4
5736,336,4
5736,3188,1
5736,2598,4
5736,1707,1
5736,43,2
5736,1719,4
5736,1720,4
5736,1721,2
5736,1071,4
5736,1072,4
5736,1074,4
5736,1100,3
5736,1934,4
5736,1117,3
5736,1128,3
5736,679,1
5736,1146,2
5736,1151,4
5736,702,2
5736,1410,2
5736,2917,4
5736,2309,4
5736,1469,4
5736,1471,4
5736,2324,3
5736,2336,2
5736,381,3
5736,3248,2
5736,400,4
5736,2389,3
5736,414,4
5736,430,2
5736,439,4
5736,453,4
5736,1156,3
5736,1166,1
5736,717,4
5736,1219,4
5736,1220,1
5736,757,2
5736,1228,3
5736,765,3
5736,2065,2
5736,779,3
5736,2076,2
5736,2077,1
5736,1500,1
5736,107,4
5736,2980,4
5736,1529,4
5736,3002,5
5736,153,1
5736,3016,4
5736,1548,3
5736,477,3
5736,1737,4
5736,1738,4
5736,520,2
5737,3048,4
5737,3102,5
5737,2517,2
5737,1048,5
5737,91,5
5737,1159,5
5740,805,5
5740,814,5
5740,3095,4
5740,1010,5
5740,2269,5
5740,1061,4
5740,2904,3
5741,814,5
5741,1003,3
5741,1048,3
5741,2269,5
5741,1698,4
5741,1159,5
5749,875,4
5749,2565,4
5749,1334,5
5749,1646,4
5749,85,3
5749,2008,4
5749,2389,2
5749,453,3
5749,1211,4
5749,747,4
5749,2409,4
5749,2410,3
5749,523,1
5756,1786,4
5756,1800,5
5756,823,5
5756,824,5
5756,828,5
5756,2178,5
5756,2180,4
5756,3048,3
5756,2555,4
5756,1920,5
5756,2858,4
5756,319,5
5756,20,5
5756,336,4
5756,2598,1
5756,1061,5
5756,1074,5
5756,1117,2
5756,710,1
5756,1410,5
5756,1459,5
5756,1469,5
5756,430,5
5756,453,3
5756,1156,5
5756,717,5
5756,3016,4
5756,1737,5
5761,549,5
5761,5,3
5761,1800,5
5761,557,5
5761,2693,5
5761,1815,5
5761,1266,4
5761,2702,2
5761,2709,4
5761,805,5
5761,814,4
5761,822,4
5761,828,3
5761,838,3
5761,841,4
5761,2752,2
5761,850,2
5761,2143,1
5761,2769,2
5761,2170,3
5761,873,4
5761,2180,4
5761,3048,4
5761,3054,3
5761,208,3
5761,1602,4
5761,3094,4
5761,3095,3
5761,1609,3
5761,3101,5
5761,1626,3
5761,1627,5
5761,257,5
5761,978,3
5761,2555,3
5761,1010,5
5761,1844,3
5761,1846,1
5761,1852,4
5761,1027,3
5761,1035,4
5761,1858,4
5761,1040,5
5761,1044,5
5761,1048,5
5761,2774,3
5761,2775,4
5761,1327,1
5761,1334,3
5761,1905,2
5761,1920,4
5761,2813,3
5761,2815,1
5761,1358,1
5761,2221,2
5761,2247,2
5761,3123,3
5761,287,1
5761,1662,5
5761,2298,5
5761,1677,4
5761,1681,4
5761,10,3
5761,314,3
5761,1692,4
5761,20,5
5761,328,5
5761,1698,4
5761,1705,3
5761,335,1
5761,336,1
5761,2598,3
5761,343,5
5761,348,3
5761,1719,5
5761,53,3
5761,1061,5
5761,2633,1
5761,1072,5
5761,1074,1
5761,1077,5
5761,91,3
5761,2652,2
5761,1091,2
5761,1100,2
5761,1103,5
5761,1934,4
5761,1117,5
5761,1128,4
5761,1131,1
5761,1151,4
5761,702,1
5761,1410,1
5761,1988,3
5761,2008,5
5761,2905,2
5761,2913,5
5761,1459,3
5761,2927,3
5761,1469,3
5761,1471,5
5761,2324,1
5761,1475,3
5761,1477,3
5761,3235,5
5761,413,3
5761,414,5
5761,425,3
5761,430,5
5761,3288,5
5761,3292,5
5761,444,2
5761,453,5
5761,456,4
5761,1156,5
5761,1159,5
5761,470,4
5761,717,5
5761,1220,1
5761,1234,4
5761,765,4
5761,1241,3
5761,2065,1
5761,1492,4
5761,1496,1
5761,1504,4
5761,107,5
5761,1520,5
5761,1528,1
5761,3002,2
5761,1542,3
5761,3016,3
5761,163,5
5761,2424,4
5761,3024,2
5761,1552,2
5761,1557,3
5761,473,3
5761,2466,5
5761,2477,4
5761,934,3
5761,1737,4
5761,1738,4
5761,948,3
5761,949,5
5761,1751,4
5761,951,4
5761,957,5
5761,523,5
5761,533,1
5762,810,5
5762,811,5
5762,823,5
5762,845,5
5762,850,4
5762,336,5
5762,2623,3
5762,1117,5
5762,2904,2
5762,1469,4
5762,1159,5
5762,470,5
5762,1504,3
5764,2675,4
5764,557,5
5764,3048,5
5764,257,2
5764,262,4
5764,2816,4
5764,1646,5
5764,3155,4
5764,10,4
5764,3181,5
5764,347,2
5764,2623,4
5764,71,4
5764,1132,5
5764,430,4
5764,453,5
5764,747,5
5764,1228,4
5764,2048,5
5764,2065,4
5764,1504,5
5764,1542,4
5764,473,5
5765,5,5
5765,2694,5
5765,1273,3
5765,2128,3
5765,2752,4
5765,3048,4
5765,3054,2
5765,3089,5
5765,3102,4
5765,2514,5
5765,1003,3
5765,576,4
5765,1839,2
5765,1883,3
5765,629,5
5765,2774,3
5765,1339,4
5765,2815,5
5765,1358,3
5765,2221,5
5765,1656,4
5765,3147,3
5765,3149,4
5765,2585,4
5765,2586,4
5765,1698,4
5765,1705,5
5765,1706,4
5765,333,3
5765,336,4
5765,2598,5
5765,1707,4
5765,348,4
5765,1720,5
5765,1721,1
5765,361,3
5765,1074,3
5765,92,4
5765,679,3
5765,702,4
5765,710,4
5765,1410,4
5765,1985,4
5765,1418,3
5765,1459,5
5765,2309,4
5765,2927,3
5765,2928,2
5765,2324,5
5765,2336,4
5765,3235,3
5765,2389,2
5765,414,5
5765,430,5
5765,439,3
5765,3305,3
5765,453,5
5765,1159,3
5765,1176,4
5765,1220,3
5765,757,2
5765,1225,4
5765,1228,4
5765,2065,5
5765,107,2
5765,1529,3
5765,153,4
5765,1552,3
5765,477,3
5765,480,5
5765,1737,5
5765,1738,5
5765,1748,5
5765,520,4
5780,2680,5
5780,557,4
5780,1815,4
5780,2132,4
5780,2133,4
5780,3048,4
5780,3120,4
5780,1048,4
5780,2815,5
5780,1698,5
5780,336,3
5780,2598,4
5780,347,3
5780,1117,3
5780,706,2
5780,2905,4
5780,453,4
5780,1211,4
5780,153,4
5780,2425,4
5780,473,3
5780,951,3
5780,957,2
5791,2491,4
5791,1920,4
5791,1100,5
5791,1156,4
5791,1159,3
5794,2517,4
5794,2523,3
5794,1048,4
5794,1905,4
5794,3181,1
5794,1705,4
5796,3048,4
5796,1027,4
5796,2774,5
5796,2838,3
5796,3149,4
5796,10,4
5796,319,2
5796,20,4
5796,1698,4
5796,336,5
5796,2598,5
5796,1074,4
5796,92,2
5796,1117,5
5796,1146,4
5796,1410,3
5796,1459,5
5796,2927,4
5796,3248,2
5796,453,3
5796,1159,5
5796,465,2
5796,1228,2
5796,2084,1
5796,153,2
5796,1737,4
5796,1738,3
5798,2584,2
5798,1469,3
5798,2409,3
5798,3016,2
5801,208,4
5801,1626,5
5801,626,4
5801,2247,1
5801,2298,4
5801,1077,5
5801,1093,1
5801,1117,2
5801,2324,4
5801,414,4
5801,470,1
5801,1234,1
5801,101,4
5801,1528,5
5801,1542,2
5801,523,4
5804,1800,5
5804,1803,3
5804,2693,5
5804,2709,3
5804,814,5
5804,841,5
5804,873,3
5804,3048,5
5804,232,4
5804,3094,3
5804,3095,3
5804,248,5
5804,978,3
5804,1012,4
5804,1035,4
5804,1040,5
5804,1048,4
5804,1920,5
5804,2819,4
5804,3153,4
5804,314,5
5804,2600,4
5804,2612,5
5804,1061,5
5804,1090,4
5804,647,2
5804,1100,5
5804,1103,4
5804,1132,5
5804,2862,2
5804,1998,5
5804,2913,5
5804,1469,5
5804,2326,5
5804,453,1
5804,1152,5
5804,1234,5
5804,1502,3
5804,107,5
5804,3002,2
5804,152,2
5804,2421,5
5804,948,4
5804,949,3
5804,533,3
5805,2680,4
5805,1627,5
5805,1010,4
5805,2298,5
5805,336,4
5805,1719,3
5805,1117,5
5805,2324,2
5805,1502,5
5805,951,3
5805,533,5
5808,3050,5
5808,2565,4
5808,1151,5
5811,5,4
5811,814,4
5811,208,5
5811,1839,2
5811,2774,4
5811,1334,3
5811,3147,4
5811,1659,5
5811,3149,4
5811,2298,4
5811,20,4
5811,702,4
5811,1471,1
5811,2324,2
5811,430,4
5811,453,4
5811,1228,3
5811,2065,2
5811,2084,5
5811,3016,4
5811,1737,4
5811,1738,4
5816,2279,3
5816,2905,5
5816,2389,3
5816,107,4
5823,3404,3
5823,2680,4
5823,2694,2
5823,3048,5
5823,208,5
5823,2569,3
5823,1010,5
5823,3455,4
5823,1048,5
5823,2813,4
5823,2815,4
5823,2816,5
5823,2249,4
5823,1659,5
5823,3509,4
5823,1132,4
5823,2019,4
5823,2037,4
5823,2048,4
5823,2949,2
5823,1502,3
5823,1504,3
5823,3355,5
5827,811,4
5827,850,5
5827,3054,3
5827,1858,3
5827,3147,3
5827,1705,4
5827,2598,4
5827,3198,4
5827,1074,5
5827,1146,3
5827,3215,5
5827,1156,3
5827,3002,5
5827,1737,4
5829,3404,4
5829,2675,4
5829,2680,4
5829,5,4
5829,1800,4
5829,557,4
5829,2694,4
5829,2701,4
5829,1815,4
5829,2709,5
5829,1828,3
5829,1273,4
5829,805,4
5829,810,4
5829,811,4
5829,814,4
5829,823,4
5829,2113,4
5829,2733,4
5829,2737,4
5829,828,4
5829,2122,3
5829,2128,4
5829,836,4
5829,2750,4
5829,841,4
5829,2132,4
5829,2133,4
5829,2752,3
5829,2753,4
5829,1310,4
5829,850,4
5829,2143,4
5829,2161,2
5829,2170,1
5829,2178,4
5829,2180,3
5829,878,2
5829,3048,4
5829,2183,4
5829,2186,3
5829,3050,4
5829,3054,4
5829,1580,3
5829,208,3
5829,2491,3
5829,2492,4
5829,3089,4
5829,3090,4
5829,1604,3
5829,3092,4
5829,2503,3
5829,246,4
5829,3106,4
5829,1627,3
5829,257,5
5829,2523,4
5829,3120,3
5829,3121,4
5829,265,4
5829,1638,4
5829,978,4
5829,983,4
5829,2541,3
5829,3413,3
5829,3417,4
5829,3418,3
5829,3421,4
5829,2555,4
5829,1003,3
5829,2561,4
5829,2565,4
5829,576,3
5829,1010,4
5829,3438,4
5829,1836,3
5829,1839,4
5829,1844,3
5829,1846,4
5829,3455,3
5829,1852,4
5829,1027,3
5829,1035,4
5829,1858,3
5829,1859,4
5829,3470,4
5829,1040,4
5829,1044,4
5829,1048,4
5829,1049,4
5829,618,4
5829,1883,3
5829,1885,4
5829,2772,4
5829,2774,4
5829,2775,4
5829,1905,4
5829,1920,4
5829,2813,4
5829,2815,4
5829,2816,4
5829,1358,3
5829,2822,3
5829,2835,4
5829,2845,4
5829,2245,3
5829,2247,3
5829,3124,5
5829,1646,4
5829,2269,4
5829,1656,3
5829,2279,3
5829,3147,4
5829,1659,4
5829,3149,4
5829,2289,3
5829,3155,3
5829,2297,3
5829,2298,4
5829,307,2
5829,10,4
5829,318,3
5829,319,4
5829,18,3
5829,1692,4
5829,19,3
5829,20,4
5829,328,4
5829,2584,3
5829,2585,3
5829,1698,4
5829,330,4
5829,1705,4
5829,1706,2
5829,336,4
5829,2598,4
5829,347,4
5829,348,4
5829,3198,3
5829,1719,4
5829,1720,2
5829,361,4
5829,363,3
5829,69,3
5829,2630,3
5829,2633,2
5829,2634,3
5829,1074,4
5829,1077,4
5829,92,3
5829,2650,3
5829,1117,5
5829,679,3
5829,1133,4
5829,1146,5
5829,1151,4
5829,702,4
5829,1410,4
5829,1985,4
5829,2874,3
5829,1988,4
5829,1418,4
5829,2008,4
5829,2902,4
5829,2904,4
5829,2905,4
5829,2913,4
5829,2917,4
5829,1459,4
5829,2309,3
5829,2927,3
5829,1469,4
5829,1471,4
5829,2324,4
5829,1477,3
5829,2943,4
5829,2336,4
5829,2337,2
5829,2359,3
5829,2366,4
5829,3248,3
5829,400,3
5829,2389,3
5829,413,5
5829,423,4
5829,430,5
5829,3283,4
5829,439,3
5829,3292,4
5829,444,4
5829,3305,2
5829,453,4
5829,1152,4
5829,1156,5
5829,1159,4
5829,470,5
5829,1166,3
5829,719,4
5829,1188,4
5829,1219,5
5829,1220,3
5829,1225,2
5829,1228,4
5829,2048,4
5829,2065,3
5829,2953,5
5829,1496,2
5829,2076,2
5829,2082,4
5829,2084,3
5829,2088,3
5829,101,3
5829,1504,4
5829,2093,1
5829,2094,1
5829,107,4
5829,2111,3
5829,1529,3
5829,1542,4
5829,153,4
5829,157,3
5829,2424,3
5829,2425,3
5829,3024,3
5829,1552,3
5829,1557,4
5829,172,3
5829,911,3
5829,912,3
5829,915,3
5829,473,4
5829,477,4
5829,480,4
5829,3332,4
5829,2477,4
5829,3338,4
5829,2488,2
5829,1737,4
5829,3348,4
5829,1738,4
5829,3351,4
5829,1742,3
5829,1747,4
5829,1748,4
5829,1751,3
5829,951,5
5829,520,3
5829,3367,4
5829,1759,4
5829,957,5
5829,523,3
5829,1773,3
5839,3404,3
5839,1800,3
5839,557,2
5839,1815,5
5839,805,5
5839,814,5
5839,823,4
5839,828,5
5839,2750,4
5839,838,5
5839,2132,4
5839,2180,5
5839,3048,4
5839,257,5
5839,3121,3
5839,1003,4
5839,1010,5
5839,1844,3
5839,1035,4
5839,1920,5
5839,1358,1
5839,2247,5
5839,10,4
5839,319,4
5839,1692,5
5839,20,5
5839,328,3
5839,1705,3
5839,336,5
5839,2598,4
5839,2630,1
5839,1077,5
5839,3509,3
5839,2652,5
5839,1091,5
5839,1117,3
5839,2008,4
5839,1469,5
5839,1475,5
5839,1477,4
5839,2389,5
5839,444,3
5839,453,4
5839,1159,5
5839,465,5
5839,1166,1
5839,1188,4
5839,1211,5
5839,2048,4
5839,1492,5
5839,1502,3
5839,1504,5
5839,2410,4
5839,3016,4
5839,3024,2
5839,1557,5
5839,473,5
5839,1737,4
5839,1748,4
5839,951,5
5839,523,3
5839,3389,5
5842,208,4
5842,3089,4
5842,1010,5
5842,626,4
5842,2813,3
5842,2815,2
5842,2838,4
5842,319,3
5842,2632,5
5842,1077,4
5842,2366,4
5842,453,4
5842,1219,4
5845,1260,3
5845,1815,5
5845,1266,5
5845,1273,3
5845,838,5
5845,2133,3
5845,2752,4
5845,2161,2
5845,251,4
5845,2514,4
5845,260,4
5845,1003,4
5845,576,5
5845,582,5
5845,1839,4
5845,597,4
5845,1858,4
5845,2856,4
5845,2247,3
5845,1656,4
5845,287,4
5845,2298,5
5845,307,5
5845,10,3
5845,20,5
5845,328,4
5845,1698,4
5845,1705,5
5845,333,4
5845,2598,5
5845,347,3
5845,348,3
5845,363,3
5845,2623,5
5845,92,4
5845,1117,2
5845,1146,5
5845,702,3
5845,1410,4
5845,1985,5
5845,2008,4
5845,1459,3
5845,1469,4
5845,1471,4
5845,2324,2
5845,1477,5
5845,413,5
5845,423,3
5845,430,3
5845,444,4
5845,453,3
5845,1156,5
5845,470,5
5845,719,4
5845,1219,3
5845,1220,4
5845,2048,5
5845,101,4
5845,2094,3
5845,2425,5
5845,911,4
5845,912,5
5845,915,3
5845,487,5
5845,1737,4
5845,1738,4
5845,1742,5
5845,1748,3
5845,1751,3
5845,523,5
5847,3054,2
5847,2517,4
5847,1010,5
5847,2822,4
5847,1077,5
5847,702,3
5847,2324,5
5847,951,3
5850,2694,3
5850,1815,3
5850,805,4
5850,810,4
5850,811,4
5850,814,5
5850,823,3
5850,827,4
5850,2769,4
5850,2180,3
5850,3048,3
5850,3050,3
5850,3089,4
5850,3094,5
5850,3101,3
5850,246,3
5850,1626,1
5850,3121,4
5850,978,4
5850,2555,4
5850,1846,2
5850,1035,2
5850,1048,5
5850,629,5
5850,2774,4
5850,2775,3
5850,2816,4
5850,2819,4
5850,2856,5
5850,3124,4
5850,2298,5
5850,10,4
5850,319,3
5850,20,4
5850,1698,5
5850,1705,3
5850,336,5
5850,1061,5
5850,71,3
5850,1100,4
5850,1103,5
5850,1117,4
5850,1128,5
5850,1985,4
5850,1988,4
5850,1435,4
5850,2905,1
5850,2913,1
5850,2324,3
5850,1477,4
5850,2943,4
5850,413,4
5850,430,4
5850,453,3
5850,1156,5
5850,1159,4
5850,717,4
5850,719,4
5850,2048,3
5850,2953,5
5850,1504,3
5850,107,4
5850,3002,5
5850,1542,4
5850,2424,3
5850,1554,3
5850,172,3
5850,1737,3
5851,810,3
5851,2769,3
5851,2180,4
5851,208,5
5851,1031,3
5851,1035,5
5851,1920,5
5851,3124,1
5851,1659,4
5851,1662,4
5851,10,2
5851,336,3
5851,1100,5
5851,1117,4
5851,1133,5
5851,702,2
5851,710,1
5851,1469,3
5851,1475,1
5851,3233,5
5851,453,3
5851,1159,4
5851,1166,2
5851,719,3
5851,2076,3
5851,1737,2
5851,1747,5
5851,1748,3
5851,1759,4
5851,957,4
5856,557,5
5856,2709,4
5856,823,5
5856,2753,5
5856,208,5
5856,3090,5
5856,2514,1
5856,1627,4
5856,3121,4
5856,978,4
5856,593,4
5856,1035,4
5856,1859,2
5856,2775,3
5856,1920,4
5856,2816,5
5856,3149,4
5856,1681,5
5856,1692,4
5856,1698,3
5856,336,4
5856,347,4
5856,1719,3
5856,361,2
5856,2623,3
5856,1071,5
5856,1090,5
5856,1133,5
5856,1985,3
5856,2904,3
5856,2905,3
5856,2913,4
5856,1469,5
5856,2324,5
5856,1156,4
5856,1159,4
5856,107,5
5856,3002,4
5856,2421,5
5856,1737,4
5856,1747,5
5856,1748,3
5857,3048,3
5857,1048,5
5857,629,5
5857,1128,4
5857,2927,3
5857,107,4
5858,1815,5
5858,1626,4
5858,319,4
5858,20,4
5858,1698,4
5858,336,5
5858,2598,5
5858,1117,4
5858,1128,4
5858,1156,4
5858,1159,5
5858,3002,5
5858,1542,5
5858,473,5
5858,1737,3
5858,1738,4
5858,951,5
5863,1048,5
5863,1358,4
5863,2221,2
5863,3149,4
5863,318,3
5863,1128,4
5863,710,4
5863,1471,2
5863,2324,3
5863,2366,4
5863,1166,2
5863,107,5
5863,172,3
5863,1748,3
5864,3095,4
5864,3102,5
5864,1627,5
5864,629,3
5864,1888,2
5864,1117,2
5864,1159,4
5864,2077,3
5864,107,4
5866,1001,5
5866,2565,3
5866,1048,5
5866,2816,5
5866,2598,5
5866,2943,5
5866,453,2
5866,1152,5
5866,1156,5
5866,1502,2
5866,107,5
5866,2394,3
5866,3016,2
5870,2680,3
5870,5,3
5870,2694,3
5870,2709,2
5870,1273,3
5870,814,4
5870,2133,3
5870,2753,4
5870,2143,3
5870,3048,3
5870,208,4
5870,251,3
5870,2514,5
5870,2527,4
5870,2565,3
5870,3470,4
5870,2815,4
5870,2816,3
5870,1358,2
5870,2838,4
5870,1656,4
5870,3149,4
5870,3155,3
5870,2297,4
5870,2298,3
5870,20,3
5870,333,3
5870,348,3
5870,92,2
5870,3509,4
5870,1117,3
5870,702,3
5870,1410,3
5870,1985,4
5870,1418,3
5870,1420,3
5870,1435,4
5870,2927,3
5870,1471,3
5870,430,4
5870,453,3
5870,1220,2
5870,1228,3
5870,2048,4
5870,2065,3
5870,101,5
5870,107,3
5870,1542,5
5870,153,4
5870,477,3
5870,480,3
5870,940,3
5870,1737,4
5870,1738,4
5870,957,4
5878,549,4
5878,2675,3
5878,5,4
5878,2693,3
5878,2694,3
5878,1815,5
5878,1266,4
5878,2709,5
5878,805,4
5878,814,3
5878,2122,2
5878,2128,3
5878,841,3
5878,2132,4
5878,2133,2
5878,2752,3
5878,2753,3
5878,1310,3
5878,2178,4
5878,3048,4
5878,3054,3
5878,1580,4
5878,208,3
5878,3087,1
5878,1602,3
5878,3090,4
5878,1618,4
5878,2514,4
5878,2517,4
5878,1627,5
5878,257,2
5878,260,2
5878,2541,5
5878,3418,4
5878,3420,4
5878,2555,5
5878,2563,5
5878,576,3
5878,2569,2
5878,1010,5
5878,3439,3
5878,1839,4
5878,1844,3
5878,1846,3
5878,3455,3
5878,1027,4
5878,1031,2
5878,1859,3
5878,1048,4
5878,626,4
5878,2774,3
5878,1334,3
5878,1905,4
5878,2796,1
5878,1357,3
5878,2819,3
5878,2833,2
5878,2221,3
5878,2247,5
5878,3123,3
5878,1646,4
5878,287,1
5878,3147,3
5878,3149,3
5878,1662,2
5878,2289,4
5878,2297,4
5878,2298,5
5878,307,3
5878,319,3
5878,1692,3
5878,20,5
5878,328,3
5878,1705,4
5878,336,3
5878,3188,1
5878,2598,5
5878,43,3
5878,348,3
5878,69,1
5878,2632,4
5878,1072,5
5878,1074,3
5878,1077,5
5878,89,2
5878,92,3
5878,3509,5
5878,1095,4
5878,1100,2
5878,1117,5
5878,1128,4
5878,1146,4
5878,702,2
5878,1985,4
5878,1986,1
5878,2008,4
5878,2905,4
5878,2913,2
5878,2917,3
5878,1459,3
5878,1469,3
5878,1471,5
5878,2324,4
5878,1475,5
5878,2336,4
5878,2337,2
5878,3235,5
5878,400,3
5878,2389,3
5878,413,3
5878,414,2
5878,422,4
5878,425,3
5878,430,2
5878,439,2
5878,3288,4
5878,444,5
5878,453,3
5878,1156,3
5878,1158,3
5878,1159,5
5878,465,3
5878,470,4
5878,1166,4
5878,1188,4
5878,1219,4
5878,1220,2
5878,757,1
5878,2042,3
5878,2048,4
5878,765,5
5878,2065,4
5878,101,4
5878,1504,3
5878,107,4
5878,3004,2
5878,1542,4
5878,153,2
5878,2410,1
5878,3016,3
5878,157,2
5878,163,4
5878,172,3
5878,176,3
5878,473,1
5878,480,4
5878,487,3
5878,2477,4
5878,934,3
5878,1737,3
5878,3348,3
5878,1738,2
5878,1747,3
5878,1748,4
5878,951,4
5878,1761,2
5878,523,4
5884,2675,4
5884,5,4
5884,557,4
5884,1260,2
5884,1815,5
5884,1266,4
5884,1828,2
5884,814,4
5884,2737,3
5884,1294,2
5884,2122,2
5884,2133,2
5884,2178,3
5884,2180,4
5884,3048,3
5884,208,3
5884,2491,3
5884,243,1
5884,2503,2
5884,3102,4
5884,258,2
5884,2541,3
5884,576,2
5884,1010,5
5884,582,2
5884,1839,3
5884,1846,4
5884,3455,4
5884,1035,3
5884,1859,5
5884,1888,4
5884,1358,3
5884,2835,4
5884,1646,4
5884,1656,2
5884,1659,5
5884,3149,2
5884,295,5
5884,3155,3
5884,2298,3
5884,307,4
5884,10,3
5884,20,3
5884,328,2
5884,1705,3
5884,333,4
5884,336,4
5884,2598,4
5884,347,1
5884,348,4
5884,1072,4
5884,1074,4
5884,1077,5
5884,92,2
5884,1095,5
5884,1146,4
5884,702,3
5884,710,2
5884,1985,4
5884,1420,4
5884,2008,2
5884,2917,3
5884,1459,3
5884,1469,4
5884,1471,1
5884,2324,2
5884,1475,3
5884,2336,2
5884,2337,1
5884,413,4
5884,430,4
5884,439,3
5884,453,3
5884,1158,4
5884,1159,5
5884,470,4
5884,1166,4
5884,1219,4
5884,1220,3
5884,765,4
5884,2065,3
5884,779,1
5884,2088,3
5884,1504,4
5884,153,2
5884,2425,2
5884,1552,2
5884,172,2
5884,911,3
5884,915,3
5884,486,2
5884,1737,4
5884,1738,3
5884,1742,2
5884,1747,4
5884,1748,2
5884,951,3
5884,1759,5
5884,523,5
5888,549,4
5888,557,3
5888,2693,4
5888,814,5
5888,2113,4
5888,2733,3
5888,2737,5
5888,2180,3
5888,3048,3
5888,3054,3
5888,208,4
5888,232,4
5888,1609,4
5888,3102,4
5888,1627,4
5888,1001,4
5888,2561,3
5888,1010,3
5888,1844,3
5888,1044,3
5888,1048,5
5888,626,5
5888,2797,4
5888,1920,4
5888,2833,4
5888,2835,4
5888,2856,4
5888,3124,4
5888,3129,3
5888,1662,1
5888,2298,5
5888,1681,4
5888,10,4
5888,1692,3
5888,20,4
5888,328,4
5888,1698,4
5888,336,5
5888,2598,4
5888,2612,5
5888,1071,5
5888,1074,3
5888,1091,5
5888,1117,5
5888,1146,4
5888,1151,4
5888,702,2
5888,2862,4
5888,1410,4
5888,2871,3
5888,1418,2
5888,1997,2
5888,1459,4
5888,1469,4
5888,2324,4
5888,413,5
5888,414,3
5888,430,3
5888,1220,2
5888,107,5
5888,3002,4
5888,480,2
5888,2477,5
5888,1737,3
5888,1759,4
5888,1761,4
5892,557,5
5892,2709,3
5892,1273,4
5892,2122,2
5892,2745,3
5892,2133,2
5892,3057,3
5892,3064,4
5892,251,3
5892,1048,4
5892,2774,4
5892,1339,4
5892,2858,4
5892,1656,4
5892,347,4
5892,348,4
5892,363,5
5892,1074,4
5892,702,4
5892,1985,5
5892,430,5
5892,453,4
5892,460,4
5892,1156,5
5892,1228,3
5892,3004,5
5892,1552,5
5892,1737,4
5892,1753,3
5895,2128,4
5895,3092,3
5895,246,4
5895,2517,4
5895,2523,4
5895,582,4
5895,1858,4
5895,2772,4
5895,2303,5
5895,2943,4
5895,3215,5
5895,2411,5
5895,1554,4
5895,1759,3
5895,957,5
5902,1858,3
5902,336,4
5902,2324,3
5902,473,4
5905,805,3
5905,814,3
5905,824,5
5905,850,3
5905,3054,4
5905,1627,4
5905,1920,5
5905,2298,5
5905,1061,3
5905,1100,3
5905,1146,4
5905,1151,5
5905,453,3
5905,1156,5
5905,107,4
5909,2161,2
5909,1580,2
5909,208,5
5909,232,4
5909,2491,2
5909,2492,3
5909,3089,5
5909,3102,4
5909,265,4
5909,2527,3
5909,2565,3
5909,1010,5
5909,1839,3
5909,1844,4
5909,1852,4
5909,1035,5
5909,1048,5
5909,1659,5
5909,3149,2
5909,333,4
5909,71,4
5909,1095,5
5909,702,3
5909,1410,3
5909,1471,3
5909,2324,2
5909,2336,3
5909,2366,3
5909,381,2
5909,430,4
5909,453,2
5909,1166,3
5909,1219,3
5909,2048,5
5909,2065,3
5909,1529,4
5909,2424,4
5909,172,1
5909,1748,3
5921,3470,5
5921,2815,5
5921,3147,3
5921,3149,3
5921,2297,3
5921,453,4
5921,3359,4
5922,5,3
5922,2694,4
5922,2701,3
5922,1828,4
5922,1273,3
5922,2733,5
5922,2752,4
5922,3048,2
5922,1580,2
5922,2491,3
5922,2503,2
5922,1048,5
5922,2858,3
5922,333,4
5922,1074,3
5922,702,4
5922,1410,4
5922,1418,4
5922,2927,3
5922,2324,4
5922,2336,3
5922,2337,2
5922,430,4
5922,439,4
5922,453,4
5922,1220,3
5922,1225,3
5922,1228,3
5922,2065,5
5922,2077,2
5922,153,4
5922,2425,3
5922,1552,3
5922,1737,4
5922,1738,3
5925,2684,4
5925,2753,5
5925,2153,4
5925,3048,5
5925,1618,5
5925,246,2
5925,1627,4
5925,1035,4
5925,629,3
5925,2775,4
5925,1334,4
5925,1905,4
5925,2816,4
5925,2247,3
5925,2279,5
5925,2298,4
5925,314,4
5925,319,4
5925,20,3
5925,328,3
5925,336,3
5925,347,3
5925,3210,3
5925,3509,4
5925,1117,4
5925,1146,4
5925,1435,5
5925,2905,1
5925,2913,4
5925,418,4
5925,465,2
5925,470,4
5925,717,5
5925,1198,1
5925,1207,4
5925,1234,3
5925,1502,5
5925,107,5
5925,2411,4
5925,163,3
5925,1554,4
5925,487,3
5925,3355,4
5925,533,4
5925,3389,4
5927,2170,3
5927,3087,3
5927,3102,1
5927,2514,3
5927,258,3
5927,1852,2
5927,2221,3
5927,2584,2
5927,2585,3
5927,336,1
5927,1719,5
5927,2650,2
5927,2917,3
5927,1166,3
5927,1186,4
5927,2409,1
5932,5,4
5932,1048,4
5932,1146,4
5933,208,4
5933,2298,3
5933,2598,4
5933,1117,3
5933,1159,4
5933,101,4
5933,1542,4
5941,810,3
5941,814,2
5941,2128,2
5941,2517,4
5941,2565,4
5941,1010,5
5941,2772,4
5941,1646,5
5941,1061,5
5941,1091,4
5941,1133,5
5941,1985,5
5941,2913,5
5941,2943,5
5941,1554,5
5941,957,5
5946,2693,5
5946,805,5
5946,810,2
5946,811,5
5946,814,5
5946,823,5
5946,824,5
5946,828,5
5946,2750,4
5946,838,5
5946,841,4
5946,2132,3
5946,2753,5
5946,845,5
5946,850,5
5946,2769,4
5946,873,5
5946,2180,3
5946,3048,2
5946,3094,5
5946,246,4
5946,1627,5
5946,978,5
5946,3417,5
5946,3420,5
5946,1003,4
5946,2569,5
5946,1844,3
5946,1048,5
5946,1920,5
5946,2816,4
5946,2833,4
5946,3124,4
5946,3132,4
5946,287,1
5946,289,5
5946,295,4
5946,2298,5
5946,1681,5
5946,1692,5
5946,1698,4
5946,2598,5
5946,343,4
5946,1061,5
5946,2630,2
5946,1074,4
5946,3509,5
5946,1090,5
5946,1103,5
5946,660,5
5946,1117,3
5946,1146,5
5946,2862,5
5946,713,5
5946,2886,5
5946,2904,3
5946,3292,5
5946,1156,5
5946,1159,4
5946,1211,4
5946,2084,4
5946,107,4
5946,3016,4
5946,163,5
5946,473,2
5946,957,4
5948,557,3
5948,2694,3
5948,814,5
5948,2737,3
5948,1294,4
5948,2745,3
5948,2132,3
5948,2769,4
5948,2170,1
5948,2180,2
5948,3043,5
5948,3048,3
5948,208,3
5948,257,4
5948,2523,3
5948,3121,4
5948,2527,5
5948,2541,2
5948,2555,4
5948,1003,2
5948,2565,2
5948,1839,3
5948,1846,2
5948,1048,5
5948,1049,5
5948,629,4
5948,2772,4
5948,2774,3
5948,1327,1
5948,1334,3
5948,1339,4
5948,2816,4
5948,1358,1
5948,2819,3
5948,2835,3
5948,2856,1
5948,3129,3
5948,2269,2
5948,3147,3
5948,3149,3
5948,2298,4
5948,10,3
5948,1692,3
5948,20,4
5948,328,2
5948,1698,3
5948,1705,3
5948,333,4
5948,336,4
5948,1719,4
5948,1061,5
5948,3509,4
5948,1117,3
5948,1128,4
5948,702,1
5948,706,3
5948,1435,2
5948,1459,4
5948,1477,2
5948,2336,2
5948,453,4
5948,1152,4
5948,1156,4
5948,1159,3
5948,1166,1
5948,1193,4
5948,1228,1
5948,2048,4
5948,2076,1
5948,1502,4
5948,107,5
5948,1528,2
5948,3002,5
5948,1542,2
5948,2424,3
5948,473,2
5948,480,3
5948,1737,2
5948,1738,2
5948,1748,1
5948,533,3
5953,1815,4
5953,1828,4
5953,805,3
5953,810,4
5953,811,4
5953,828,4
5953,850,4
5953,2143,3
5953,2180,3
5953,3048,3
5953,3064,3
5953,208,5
5953,232,4
5953,2514,3
5953,1626,4
5953,576,4
5953,1010,4
5953,1836,3
5953,1839,4
5953,1027,4
5953,1031,4
5953,1859,3
5953,629,5
5953,1334,3
5953,1358,3
5953,1659,5
5953,295,4
5953,307,4
5953,319,4
5953,20,3
5953,333,3
5953,336,2
5953,347,3
5953,348,4
5953,86,2
5953,1095,5
5953,1146,3
5953,702,2
5953,706,3
5953,1996,4
5953,1435,4
5953,2917,4
5953,1471,2
5953,2324,2
5953,1475,5
5953,381,2
5953,413,4
5953,439,3
5953,444,4
5953,453,4
5953,1156,3
5953,1158,5
5953,470,5
5953,1198,2
5953,1211,4
5953,779,3
5953,2088,3
5953,2111,2
5953,1542,3
5953,157,3
5953,2425,4
5953,473,3
5953,2477,4
5953,1737,4
5953,1748,3
5953,951,4
5953,1759,4
5953,957,3
5954,2675,4
5954,2680,3
5954,557,3
5954,814,4
5954,2753,3
5954,1310,4
5954,3048,4
5954,208,3
5954,232,3
5954,2492,4
5954,3102,2
5954,246,3
5954,1627,3
5954,1637,3
5954,1010,5
5954,1839,4
5954,1031,4
5954,1859,3
5954,1048,5
5954,2786,3
5954,1334,4
5954,2813,2
5954,2815,4
5954,2816,3
5954,2822,3
5954,2838,3
5954,2845,3
5954,2249,2
5954,1659,5
5954,3149,4
5954,1705,4
5954,333,3
5954,336,4
5954,347,3
5954,1077,5
5954,3509,3
5954,1117,3
5954,1410,2
5954,1420,3
5954,1996,3
5954,1435,3
5954,2905,4
5954,2917,3
5954,2927,3
5954,2324,3
5954,1475,3
5954,1477,4
5954,2370,4
5954,430,4
5954,442,3
5954,444,2
5954,453,3
5954,756,4
5954,2048,4
5954,1504,3
5954,107,4
5954,109,3
5954,1542,3
5954,2411,2
5954,2425,3
5954,912,4
5954,1742,4
5954,951,3
5954,523,3
5971,593,2
5971,1031,3
5971,3149,5
5971,702,5
5971,1471,4
5971,2324,5
5971,453,5
5971,1521,5
5971,1747,4
5972,5,4
5972,557,2
5972,1805,3
5972,805,4
5972,814,5
5972,2132,2
5972,3054,4
5972,3094,4
5972,246,3
5972,1627,3
5972,262,3
5972,265,2
5972,1846,3
5972,1035,5
5972,1859,2
5972,1048,3
5972,2775,2
5972,1905,4
5972,1357,3
5972,2816,3
5972,2249,3
5972,1677,5
5972,10,4
5972,20,4
5972,1705,3
5972,361,2
5972,91,3
5972,1100,5
5972,1103,5
5972,1128,4
5972,1985,2
5972,1425,2
5972,1477,3
5972,717,5
5972,754,3
5972,756,3
5972,1241,2
5972,1502,5
5972,1504,3
5972,107,5
5972,152,4
5972,1554,3
5972,480,2
5972,934,2
5972,1737,3
5972,1738,2
5972,951,4
5972,533,4
5978,557,2
5978,2709,5
5978,814,5
5978,828,4
5978,2747,1
5978,845,3
5978,873,4
5978,3089,3
5978,3090,3
5978,3094,2
5978,3095,4
5978,3101,5
5978,1836,3
5978,1035,4
5978,1048,3
5978,2774,2
5978,2775,2
5978,2819,5
5978,2269,4
5978,20,3
5978,336,5
5978,1061,3
5978,1074,4
5978,1934,3
5978,2862,4
5978,2905,4
5978,1459,3
5978,1469,3
5978,2324,3
5978,453,4
5978,1156,4
5978,1159,4
5978,3002,5
5978,3004,5
5978,1747,4
5982,576,5
5982,453,5
5982,1219,5
5982,107,5
5986,1858,3
5986,2775,4
5986,2298,4
5986,20,4
5986,336,4
5986,1117,4
5986,2324,1
5986,2389,3
5986,413,4
5986,444,4
5986,717,3
5986,2048,4
5986,1502,5
5986,473,3
5986,480,3
5988,1786,2
5988,1803,3
5988,2693,4
5988,2747,4
5988,2170,3
5988,2180,3
5988,3050,3
5988,208,3
5988,3087,4
5988,3094,5
5988,3095,4
5988,2555,4
5988,1003,2
5988,2569,2
5988,1858,3
5988,1040,4
5988,2772,3
5988,2774,3
5988,2833,4
5988,2835,3
5988,2856,3
5988,3124,3
5988,1692,4
5988,1698,3
5988,1705,4
5988,2598,5
5988,1719,4
5988,53,4
5988,2612,5
5988,361,2
5988,1061,4
5988,1072,5
5988,1074,4
5988,1103,5
5988,1128,5
5988,1957,4
5988,1146,5
5988,2862,4
5988,2904,3
5988,1469,3
5988,2932,4
5988,1152,5
5988,1156,5
5988,1159,3
5988,1207,5
5988,2048,3
5988,2084,2
5988,107,4
5988,3002,5
5988,2424,2
5988,3024,2
5988,1554,5
5988,1759,4
5988,957,4
5989,2675,5
5989,1815,3
5989,2702,4
5989,810,5
5989,811,5
5989,814,5
5989,1646,5
5989,1091,5
5989,1117,5
5989,1128,3
5989,2008,5
5989,1435,1
5989,400,3
5989,453,2
5989,1159,5
5989,1557,3
5989,951,4
5992,576,5
5992,1839,4
5992,2774,3
5992,3149,4
5992,1072,5
5992,1074,4
5992,702,5
5992,430,5
5992,453,4
5992,1156,3
5992,2065,4
5992,153,3
5992,1737,5
5994,3404,4
5994,2680,5
5994,557,3
5994,2694,4
5994,1260,2
5994,1815,4
5994,2709,5
5994,810,5
5994,811,5
5994,814,5
5994,2128,1
5994,2132,3
5994,2752,4
5994,2178,5
5994,2180,4
5994,3048,4
5994,3066,3
5994,2491,3
5994,2492,4
5994,243,4
5994,3102,5
5994,3106,2
5994,582,5
5994,3439,3
5994,1836,5
5994,1839,3
5994,1844,3
5994,1858,3
5994,1859,4
5994,2775,5
5994,2813,3
5994,2815,5
5994,1358,2
5994,2835,3
5994,2247,3
5994,2858,5
5994,3123,3
5994,3129,2
5994,1646,5
5994,2269,5
5994,1656,3
5994,3149,3
5994,3155,3
5994,2298,3
5994,10,4
5994,319,4
5994,3180,3
5994,1698,5
5994,330,4
5994,1705,5
5994,336,5
5994,2598,5
5994,347,4
5994,348,5
5994,1719,3
5994,71,3
5994,2630,2
5994,85,3
5994,1074,3
5994,89,3
5994,92,3
5994,1095,4
5994,660,4
5994,1117,4
5994,1128,4
5994,679,3
5994,1146,5
5994,702,4
5994,710,3
5994,1410,4
5994,1985,4
5994,1986,2
5994,2008,3
5994,2902,4
5994,2927,4
5994,1469,4
5994,1471,3
5994,2324,4
5994,1475,5
5994,1477,5
5994,2336,3
5994,2337,3
5994,2366,5
5994,3235,4
5994,3248,4
5994,2389,3
5994,413,5
5994,430,5
5994,439,3
5994,453,3
5994,1159,4
5994,470,5
5994,1166,5
5994,719,5
5994,1188,4
5994,1211,4
5994,1219,4
5994,2065,5
5994,2961,4
5994,1500,3
5994,2088,4
5994,1504,3
5994,1529,4
5994,2409,2
5994,1542,4
5994,153,3
5994,1552,3
5994,172,4
5994,911,5
5994,912,2
5994,915,3
5994,473,5
5994,1737,4
5994,1738,3
5994,1742,3
5994,1748,3
5994,1751,4
5994,1753,3
5994,951,5
5994,957,3
5994,523,4
5995,576,4
5995,3149,5
5995,1698,5
5995,702,4
5995,706,2
5995,2309,4
5995,1471,4
5995,453,4
5995,1748,5
6002,1815,4
6002,576,3
6002,1010,4
6002,1839,2
6002,43,3
6002,347,3
6002,710,2
6002,2324,4
6002,911,5
6002,915,1
6002,1742,3
6003,557,4
6003,2170,4
6003,3102,3
6003,2514,4
6003,258,4
6003,576,4
6003,1852,4
6003,1883,4
6003,2584,4
6003,2585,4
6003,1706,3
6003,336,4
6003,1707,4
6003,1719,3
6003,1720,3
6003,1721,3
6003,2917,4
6003,2337,3
6003,2349,3
6003,381,5
6003,400,3
6012,1792,3
6012,814,4
6012,257,4
6012,2541,2
6012,2269,3
6012,335,3
6012,1061,5
6012,2630,1
6012,1074,3
6012,1985,3
6012,1504,5
6012,3016,3
6012,1557,4
6012,900,2
6012,911,3
6012,1747,4
6013,1815,5
6013,828,3
6013,208,5
6013,1646,4
6013,328,3
6013,2598,3
6013,1117,4
6013,2008,3
6013,1159,5
6013,465,4
6013,470,5
6014,2675,5
6014,1803,4
6014,557,4
6014,2684,5
6014,2694,3
6014,1815,4
6014,2709,4
6014,1828,3
6014,805,4
6014,810,4
6014,811,4
6014,814,5
6014,827,2
6014,828,5
6014,2128,1
6014,2750,3
6014,838,3
6014,841,3
6014,2132,3
6014,2752,3
6014,2753,3
6014,850,2
6014,2769,3
6014,2161,2
6014,873,2
6014,2180,3
6014,3043,3
6014,3048,4
6014,2186,2
6014,3054,3
6014,2491,3
6014,3094,5
6014,3095,3
6014,246,3
6014,3106,3
6014,2517,3
6014,1627,5
6014,3120,2
6014,1637,5
6014,978,3
6014,2555,3
6014,1003,3
6014,3427,3
6014,3438,4
6014,1012,3
6014,586,3
6014,1839,3
6014,1844,2
6014,1846,2
6014,1035,4
6014,1858,3
6014,1859,3
6014,1040,4
6014,1048,3
6014,1891,3
6014,2774,3
6014,2775,3
6014,1327,2
6014,1334,3
6014,1339,3
6014,1920,3
6014,1357,3
6014,1358,3
6014,2819,4
6014,2822,4
6014,1368,1
6014,2833,3
6014,2247,3
6014,2858,2
6014,2249,3
6014,3124,3
6014,3129,3
6014,2279,4
6014,287,2
6014,3149,1
6014,295,5
6014,2298,5
6014,307,1
6014,1677,3
6014,1681,3
6014,10,3
6014,319,4
6014,18,2
6014,1692,4
6014,20,4
6014,328,4
6014,1698,4
6014,330,3
6014,1705,4
6014,336,2
6014,2598,4
6014,347,2
6014,348,4
6014,1061,3
6014,2630,2
6014,2633,1
6014,1071,4
6014,1074,3
6014,94,5
6014,2652,2
6014,1090,4
6014,1091,3
6014,647,3
6014,1100,5
6014,1103,3
6014,1934,4
6014,1117,3
6014,1128,4
6014,1146,4
6014,710,2
6014,2862,4
6014,1410,2
6014,1985,3
6014,2871,4
6014,1418,3
6014,1997,2
6014,2008,4
6014,1435,4
6014,2898,5
6014,2904,3
6014,2913,3
6014,2917,3
6014,1459,3
6014,2927,4
6014,1469,3
6014,2324,2
6014,1475,4
6014,1477,3
6014,2943,3
6014,2336,2
6014,2337,2
6014,3235,3
6014,3248,2
6014,2389,3
6014,413,3
6014,430,4
6014,439,1
6014,3292,3
6014,444,4
6014,453,4
6014,462,3
6014,1152,4
6014,1156,4
6014,1159,4
6014,465,3
6014,470,3
6014,717,5
6014,719,3
6014,1211,3
6014,1219,3
6014,1220,3
6014,756,2
6014,2048,3
6014,1234,3
6014,2065,3
6014,1492,4
6014,2084,2
6014,1502,5
6014,2088,3
6014,1504,3
6014,107,4
6014,2394,3
6014,3002,3
6014,3004,3
6014,1542,2
6014,152,3
6014,2425,2
6014,3024,1
6014,900,2
6014,911,3
6014,473,3
6014,2469,2
6014,1737,3
6014,1738,2
6014,3357,2
6014,1748,3
6014,1751,3
6014,1753,1
6014,951,1
6014,1759,3
6014,957,3
6014,523,3
6014,533,4
6014,3389,4
6015,827,5
6015,3089,3
6015,3090,4
6015,361,4
6015,1133,4
6015,2324,4
6015,2065,5
6017,2680,3
6017,2128,4
6017,3043,4
6017,2565,4
6017,1358,4
6017,2297,4
6017,43,3
6017,361,5
6017,2324,4
6017,453,4
6017,1220,3
6017,757,2
6017,1521,2
6017,1557,4
6021,5,5
6021,2491,3
6021,2514,4
6021,2527,3
6021,2565,4
6021,1839,3
6021,2774,4
6021,1358,5
6021,1656,4
6021,3149,5
6021,1698,4
6021,43,3
6021,69,2
6021,702,4
6021,1410,5
6021,1985,4
6021,1418,4
6021,1427,3
6021,2927,4
6021,2324,5
6021,430,5
6021,439,2
6021,1156,4
6021,1166,4
6021,1228,4
6021,2088,3
6021,1504,5
6021,153,5
6021,157,3
6021,1737,5
6021,1738,4
6023,2680,4
6023,2176,1
6023,3066,3
6023,208,5
6023,232,4
6023,243,1
6023,3102,3
6023,251,3
6023,258,2
6023,2541,4
6023,576,3
6023,1852,5
6023,1859,4
6023,626,3
6023,1368,1
6023,2221,3
6023,2247,3
6023,2298,4
6023,10,4
6023,319,4
6023,20,3
6023,1698,5
6023,1706,1
6023,333,4
6023,336,3
6023,1707,4
6023,347,3
6023,348,3
6023,1720,2
6023,1093,5
6023,1117,5
6023,710,3
6023,1429,4
6023,1438,3
6023,2917,2
6023,2324,5
6023,1475,5
6023,381,4
6023,414,4
6023,444,2
6023,465,4
6023,470,5
6023,1166,2
6023,1176,4
6023,719,3
6023,1198,4
6023,1211,3
6023,747,3
6023,1500,5
6023,101,1
6023,1504,4
6023,487,3
6023,522,3
6023,523,4
6023,533,4
6026,2675,4
6026,5,4
6026,1266,3
6026,1273,2
6026,765,4
6026,153,4
6026,157,2
6026,1552,4
6029,814,4
6029,3048,4
6029,2856,1
6029,2269,5
6029,1698,3
6029,336,3
6029,430,4
6029,1219,5
6029,1738,5
6029,529,4
6033,557,4
6033,2143,4
6033,1318,1
6033,3048,4
6033,1580,1
6033,1599,1
6033,1626,1
6033,265,3
6033,1839,5
6033,597,1
6033,1035,4
6033,1858,1
6033,1048,5
6033,1327,1
6033,1334,2
6033,1358,1
6033,2822,2
6033,1384,1
6033,1656,3
6033,289,4
6033,3149,2
6033,10,4
6033,318,1
6033,20,2
6033,330,1
6033,335,1
6033,336,3
6033,347,1
6033,2633,1
6033,89,1
6033,1095,5
6033,1117,4
6033,1132,4
6033,706,1
6033,710,2
6033,2905,4
6033,2309,3
6033,2324,5
6033,1477,3
6033,2336,3
6033,2337,3
6033,392,4
6033,2389,1
6033,403,1
6033,413,4
6033,439,3
6033,444,5
6033,453,2
6033,1166,3
6033,1211,1
6033,1219,4
6033,1220,4
6033,2048,5
6033,1496,1
6033,2076,4
6033,1504,2
6033,1542,3
6033,2410,1
6033,172,2
6033,912,4
6033,473,1
6033,477,1
6033,1748,2
